seed,mirror,scope,section,ticks,calls,totalMs,usPerTick
1,0,All,Tick,44113,44113,8743.453100,198.206
1,0,All,AI,44113,44113,1954.315100,44.302
1,0,All,AICommand,44113,44113,51.059900,1.157
1,0,All,AIThink,44113,68419,137.289800,3.112
1,0,All,AIDrive,44113,1026330,675.038700,15.302
1,0,All,AIEngage,44113,44113,1044.338100,23.674
1,0,All,Gunnery,44113,44113,5.861800,0.133
1,0,All,ShipStep,44113,176452,2297.831500,52.090
1,0,All,Collision,44113,176452,501.711000,11.373
1,0,All,Projectiles,44113,176452,389.995500,8.841
1,0,All,Missiles,44113,176452,807.324900,18.301
1,0,All,PointDefense,44113,176452,1831.994600,41.530
1,0,All,Drones,44113,176452,722.318500,16.374
1,0,All,Sensors,44113,44113,56.076600,1.271
1,0,All,Post,44113,176452,143.382500,3.250
1,0,phase:Approach,Tick,7200,7200,1604.132400,222.796
1,0,phase:Approach,AI,7200,7200,259.779700,36.081
1,0,phase:Approach,AICommand,7200,7200,30.253800,4.202
1,0,phase:Approach,AIThink,7200,11520,25.562600,3.550
1,0,phase:Approach,AIDrive,7200,172800,154.461100,21.453
1,0,phase:Approach,AIEngage,7200,7200,35.857800,4.980
1,0,phase:Approach,Gunnery,7200,7200,2.639600,0.367
1,0,phase:Approach,ShipStep,7200,28800,543.509800,75.487
1,0,phase:Approach,Collision,7200,28800,99.999300,13.889
1,0,phase:Approach,Projectiles,7200,28800,2.971400,0.413
1,0,phase:Approach,Missiles,7200,28800,50.727800,7.046
1,0,phase:Approach,PointDefense,7200,28800,415.714000,57.738
1,0,phase:Approach,Drones,7200,28800,144.735300,20.102
1,0,phase:Approach,Sensors,7200,7200,22.499100,3.125
1,0,phase:Approach,Post,7200,28800,51.756700,7.188
1,0,phase:Missile,Tick,21600,21600,3861.966700,178.795
1,0,phase:Missile,AI,21600,21600,856.698700,39.662
1,0,phase:Missile,AICommand,21600,21600,13.789800,0.638
1,0,phase:Missile,AIThink,21600,34556,60.143400,2.784
1,0,phase:Missile,AIDrive,21600,518400,295.843200,13.696
1,0,phase:Missile,AIEngage,21600,21600,467.910200,21.663
1,0,phase:Missile,Gunnery,21600,21600,1.753800,0.081
1,0,phase:Missile,ShipStep,21600,86400,1049.496500,48.588
1,0,phase:Missile,Collision,21600,86400,199.129700,9.219
1,0,phase:Missile,Projectiles,21600,86400,3.083700,0.143
1,0,phase:Missile,Missiles,21600,86400,457.479700,21.180
1,0,phase:Missile,PointDefense,21600,86400,863.279800,39.967
1,0,phase:Missile,Drones,21600,86400,347.851900,16.104
1,0,phase:Missile,Sensors,21600,21600,19.173300,0.888
1,0,phase:Missile,Post,21600,86400,50.906700,2.357
1,0,phase:Sniping,Tick,7200,7200,1654.647800,229.812
1,0,phase:Sniping,AI,7200,7200,407.727000,56.629
1,0,phase:Sniping,AICommand,7200,7200,3.689700,0.512
1,0,phase:Sniping,AIThink,7200,11358,25.920700,3.600
1,0,phase:Sniping,AIDrive,7200,170374,104.075800,14.455
1,0,phase:Sniping,AIEngage,7200,7200,267.414600,37.141
1,0,phase:Sniping,Gunnery,7200,7200,0.668200,0.093
1,0,phase:Sniping,ShipStep,7200,28800,349.192400,48.499
1,0,phase:Sniping,Collision,7200,28800,85.543300,11.881
1,0,phase:Sniping,Projectiles,7200,28800,155.010700,21.529
1,0,phase:Sniping,Missiles,7200,28800,186.693500,25.930
1,0,phase:Sniping,PointDefense,7200,28800,301.008100,41.807
1,0,phase:Sniping,Drones,7200,28800,138.790100,19.276
1,0,phase:Sniping,Sensors,7200,7200,6.693900,0.930
1,0,phase:Sniping,Post,7200,28800,18.568700,2.579
1,0,phase:Brawl,Tick,8113,8113,1622.706200,200.013
1,0,phase:Brawl,AI,8113,8113,430.109700,53.015
1,0,phase:Brawl,AICommand,8113,8113,3.326600,0.410
1,0,phase:Brawl,AIThink,8113,10985,25.663100,3.163
1,0,phase:Brawl,AIDrive,8113,164756,120.658600,14.872
1,0,phase:Brawl,AIEngage,8113,8113,273.155500,33.669
1,0,phase:Brawl,Gunnery,8113,8113,0.800200,0.099
1,0,phase:Brawl,ShipStep,8113,32452,355.632800,43.835
1,0,phase:Brawl,Collision,8113,32452,117.038700,14.426
1,0,phase:Brawl,Projectiles,8113,32452,228.929700,28.218
1,0,phase:Brawl,Missiles,8113,32452,112.423900,13.857
1,0,phase:Brawl,PointDefense,8113,32452,251.992700,31.060
1,0,phase:Brawl,Drones,8113,32452,90.941200,11.209
1,0,phase:Brawl,Sensors,8113,8113,7.710300,0.950
1,0,phase:Brawl,Post,8113,32452,22.150400,2.730
1,0,time:0-300,Tick,18000,18000,3113.703800,172.984
1,0,time:0-300,AI,18000,18000,598.417700,33.245
1,0,time:0-300,AICommand,18000,18000,39.980700,2.221
1,0,time:0-300,AIThink,18000,28796,39.506800,2.195
1,0,time:0-300,AIDrive,18000,432000,298.789600,16.599
1,0,time:0-300,AIEngage,18000,18000,197.104900,10.950
1,0,time:0-300,Gunnery,18000,18000,3.491500,0.194
1,0,time:0-300,ShipStep,18000,72000,1067.342500,59.297
1,0,time:0-300,Collision,18000,72000,199.237100,11.069
1,0,time:0-300,Projectiles,18000,72000,4.556700,0.253
1,0,time:0-300,Missiles,18000,72000,179.739200,9.986
1,0,time:0-300,PointDefense,18000,72000,692.984600,38.499
1,0,time:0-300,Drones,18000,72000,243.758900,13.542
1,0,time:0-300,Sensors,18000,18000,32.132000,1.785
1,0,time:0-300,Post,18000,72000,75.799700,4.211
1,0,time:300-540,Tick,14400,14400,3247.981200,225.554
1,0,time:300-540,AI,14400,14400,715.404500,49.681
1,0,time:300-540,AICommand,14400,14400,5.375100,0.373
1,0,time:300-540,AIThink,14400,23040,58.478800,4.061
1,0,time:300-540,AIDrive,14400,345600,204.005400,14.167
1,0,time:300-540,AIEngage,14400,14400,434.589500,30.180
1,0,time:300-540,Gunnery,14400,14400,1.252900,0.087
1,0,time:300-540,ShipStep,14400,57600,705.592800,49.000
1,0,time:300-540,Collision,14400,57600,134.742200,9.357
1,0,time:300-540,Projectiles,14400,57600,55.686100,3.867
1,0,time:300-540,Missiles,14400,57600,457.910100,31.799
1,0,time:300-540,PointDefense,14400,57600,781.629400,54.280
1,0,time:300-540,Drones,14400,57600,337.534800,23.440
1,0,time:300-540,Sensors,14400,14400,12.942800,0.899
1,0,time:300-540,Post,14400,57600,36.216400,2.515
1,0,time:540+,Tick,11713,11713,2381.768100,203.344
1,0,time:540+,AI,11713,11713,640.492900,54.682
1,0,time:540+,AICommand,11713,11713,5.704100,0.487
1,0,time:540+,AIThink,11713,16583,39.304200,3.356
1,0,time:540+,AIDrive,11713,248730,172.243700,14.705
1,0,time:540+,AIEngage,11713,11713,412.643700,35.230
1,0,time:540+,Gunnery,11713,11713,1.117400,0.095
1,0,time:540+,ShipStep,11713,46852,524.896200,44.813
1,0,time:540+,Collision,11713,46852,167.731700,14.320
1,0,time:540+,Projectiles,11713,46852,329.752700,28.153
1,0,time:540+,Missiles,11713,46852,169.675600,14.486
1,0,time:540+,PointDefense,11713,46852,357.380600,30.511
1,0,time:540+,Drones,11713,46852,141.024800,12.040
1,0,time:540+,Sensors,11713,11713,11.001800,0.939
1,0,time:540+,Post,11713,46852,31.366400,2.678
1,1,All,Tick,38488,38488,6163.275600,160.135
1,1,All,AI,38488,38488,1277.657700,33.196
1,1,All,AICommand,38488,38488,13.001100,0.338
1,1,All,AIThink,38488,61017,88.251300,2.293
1,1,All,AIDrive,38488,915291,484.477200,12.588
1,1,All,AIEngage,38488,38488,659.502100,17.135
1,1,All,Gunnery,38488,38488,2.950900,0.077
1,1,All,ShipStep,38488,153952,1652.052100,42.924
1,1,All,Collision,38488,153952,440.328200,11.441
1,1,All,Projectiles,38488,153952,180.993900,4.703
1,1,All,Missiles,38488,153952,663.666000,17.243
1,1,All,PointDefense,38488,153952,1277.549400,33.193
1,1,All,Drones,38488,153952,521.727300,13.556
1,1,All,Sensors,38488,38488,32.694100,0.849
1,1,All,Post,38488,153952,89.395900,2.323
1,1,phase:Approach,Tick,7200,7200,723.175700,100.441
1,1,phase:Approach,AI,7200,7200,107.441900,14.922
1,1,phase:Approach,AICommand,7200,7200,2.031600,0.282
1,1,phase:Approach,AIThink,7200,11520,7.655600,1.063
1,1,phase:Approach,AIDrive,7200,172800,77.443700,10.756
1,1,phase:Approach,AIEngage,7200,7200,14.411000,2.002
1,1,phase:Approach,Gunnery,7200,7200,0.494700,0.069
1,1,phase:Approach,ShipStep,7200,28800,285.130700,39.601
1,1,phase:Approach,Collision,7200,28800,117.812800,16.363
1,1,phase:Approach,Projectiles,7200,28800,1.005500,0.140
1,1,phase:Approach,Missiles,7200,28800,22.483300,3.123
1,1,phase:Approach,PointDefense,7200,28800,126.721600,17.600
1,1,phase:Approach,Drones,7200,28800,37.106100,5.154
1,1,phase:Approach,Sensors,7200,7200,5.873500,0.816
1,1,phase:Approach,Post,7200,28800,14.805300,2.056
1,1,phase:Missile,Tick,23400,23400,3836.726400,163.963
1,1,phase:Missile,AI,23400,23400,771.291400,32.961
1,1,phase:Missile,AICommand,23400,23400,7.679500,0.328
1,1,phase:Missile,AIThink,23400,37436,55.082500,2.354
1,1,phase:Missile,AIDrive,23400,561600,301.464400,12.883
1,1,phase:Missile,AIEngage,23400,23400,387.305400,16.552
1,1,phase:Missile,Gunnery,23400,23400,1.832700,0.078
1,1,phase:Missile,ShipStep,23400,93600,1015.832500,43.412
1,1,phase:Missile,Collision,23400,93600,249.011900,10.642
1,1,phase:Missile,Projectiles,23400,93600,3.284900,0.140
1,1,phase:Missile,Missiles,23400,93600,472.819200,20.206
1,1,phase:Missile,PointDefense,23400,93600,853.614800,36.479
1,1,phase:Missile,Drones,23400,93600,380.245500,16.250
1,1,phase:Missile,Sensors,23400,23400,19.846400,0.848
1,1,phase:Missile,Post,23400,93600,54.150100,2.314
1,1,phase:Sniping,Tick,5400,5400,1074.541900,198.989
1,1,phase:Sniping,AI,5400,5400,257.418900,47.670
1,1,phase:Sniping,AICommand,5400,5400,2.210900,0.409
1,1,phase:Sniping,AIThink,5400,8439,17.985000,3.331
1,1,phase:Sniping,AIDrive,5400,126577,70.579400,13.070
1,1,phase:Sniping,AIEngage,5400,5400,162.097900,30.018
1,1,phase:Sniping,Gunnery,5400,5400,0.414600,0.077
1,1,phase:Sniping,ShipStep,5400,21600,244.337200,45.248
1,1,phase:Sniping,Collision,5400,21600,49.069300,9.087
1,1,phase:Sniping,Projectiles,5400,21600,68.558300,12.696
1,1,phase:Sniping,Missiles,5400,21600,129.811900,24.039
1,1,phase:Sniping,PointDefense,5400,21600,216.335000,40.062
1,1,phase:Sniping,Drones,5400,21600,87.020000,16.115
1,1,phase:Sniping,Sensors,5400,5400,4.671200,0.865
1,1,phase:Sniping,Post,5400,21600,13.470000,2.494
1,1,phase:Brawl,Tick,2488,2488,528.831600,212.553
1,1,phase:Brawl,AI,2488,2488,141.505500,56.875
1,1,phase:Brawl,AICommand,2488,2488,1.079100,0.434
1,1,phase:Brawl,AIThink,2488,3622,7.528200,3.026
1,1,phase:Brawl,AIDrive,2488,54314,34.989700,14.063
1,1,phase:Brawl,AIEngage,2488,2488,95.687800,38.460
1,1,phase:Brawl,Gunnery,2488,2488,0.208900,0.084
1,1,phase:Brawl,ShipStep,2488,9952,106.751700,42.907
1,1,phase:Brawl,Collision,2488,9952,24.434200,9.821
1,1,phase:Brawl,Projectiles,2488,9952,108.145200,43.467
1,1,phase:Brawl,Missiles,2488,9952,38.551600,15.495
1,1,phase:Brawl,PointDefense,2488,9952,80.878000,32.507
1,1,phase:Brawl,Drones,2488,9952,17.355700,6.976
1,1,phase:Brawl,Sensors,2488,2488,2.303000,0.926
1,1,phase:Brawl,Post,2488,9952,6.970500,2.802
1,1,time:0-300,Tick,18000,18000,2033.941700,112.997
1,1,time:0-300,AI,18000,18000,349.486400,19.416
1,1,time:0-300,AICommand,18000,18000,5.193700,0.289
1,1,time:0-300,AIThink,18000,28796,20.545000,1.141
1,1,time:0-300,AIDrive,18000,432000,210.357100,11.687
1,1,time:0-300,AIEngage,18000,18000,98.484400,5.471
1,1,time:0-300,Gunnery,18000,18000,1.360200,0.076
1,1,time:0-300,ShipStep,18000,72000,731.813900,40.656
1,1,time:0-300,Collision,18000,72000,251.500900,13.972
1,1,time:0-300,Projectiles,18000,72000,2.459800,0.137
1,1,time:0-300,Missiles,18000,72000,121.584400,6.755
1,1,time:0-300,PointDefense,18000,72000,380.876300,21.160
1,1,time:0-300,Drones,18000,72000,131.586300,7.310
1,1,time:0-300,Sensors,18000,18000,14.687000,0.816
1,1,time:0-300,Post,18000,72000,37.622600,2.090
1,1,time:300-540,Tick,14400,14400,2953.766200,205.123
1,1,time:300-540,AI,14400,14400,627.967700,43.609
1,1,time:300-540,AICommand,14400,14400,5.122300,0.356
1,1,time:300-540,AIThink,14400,23040,51.358400,3.567
1,1,time:300-540,AIDrive,14400,345600,194.525800,13.509
1,1,time:300-540,AIEngage,14400,14400,364.655200,25.323
1,1,time:300-540,Gunnery,14400,14400,1.105600,0.077
1,1,time:300-540,ShipStep,14400,57600,659.545600,45.802
1,1,time:300-540,Collision,14400,57600,131.550900,9.135
1,1,time:300-540,Projectiles,14400,57600,2.087000,0.145
1,1,time:300-540,Missiles,14400,57600,436.667900,30.324
1,1,time:300-540,PointDefense,14400,57600,700.162000,48.622
1,1,time:300-540,Drones,14400,57600,336.771000,23.387
1,1,time:300-540,Sensors,14400,14400,12.586100,0.874
1,1,time:300-540,Post,14400,57600,36.066100,2.505
1,1,time:540+,Tick,6088,6088,1175.567700,193.096
1,1,time:540+,AI,6088,6088,300.203600,49.311
1,1,time:540+,AICommand,6088,6088,2.685100,0.441
1,1,time:540+,AIThink,6088,9181,16.347900,2.685
1,1,time:540+,AIDrive,6088,137691,79.594300,13.074
1,1,time:540+,AIEngage,6088,6088,196.362500,32.254
1,1,time:540+,Gunnery,6088,6088,0.485100,0.080
1,1,time:540+,ShipStep,6088,24352,260.692600,42.821
1,1,time:540+,Collision,6088,24352,57.276400,9.408
1,1,time:540+,Projectiles,6088,24352,176.447100,28.983
1,1,time:540+,Missiles,6088,24352,105.413700,17.315
1,1,time:540+,PointDefense,6088,24352,196.511100,32.278
1,1,time:540+,Drones,6088,24352,53.370000,8.766
1,1,time:540+,Sensors,6088,6088,5.421000,0.890
1,1,time:540+,Post,6088,24352,15.707200,2.580
2,0,All,Tick,73049,73049,10564.838100,144.627
2,0,All,AI,73049,73049,2514.176400,34.418
2,0,All,AICommand,73049,73049,22.859800,0.313
2,0,All,AIThink,73049,99017,163.104900,2.233
2,0,All,AIDrive,73049,1485319,894.879000,12.250
2,0,All,AIEngage,73049,73049,1376.124000,18.838
2,0,All,Gunnery,73049,73049,5.665900,0.078
2,0,All,ShipStep,73049,292196,2969.831300,40.655
2,0,All,Collision,73049,292196,849.069800,11.623
2,0,All,Projectiles,73049,292196,618.935300,8.473
2,0,All,Missiles,73049,292196,739.564600,10.124
2,0,All,PointDefense,73049,292196,1929.682900,26.416
2,0,All,Drones,73049,292196,653.999000,8.953
2,0,All,Sensors,73049,73049,64.001700,0.876
2,0,All,Post,73049,292196,176.018000,2.410
2,0,phase:Approach,Tick,9000,9000,882.356100,98.040
2,0,phase:Approach,AI,9000,9000,137.627400,15.292
2,0,phase:Approach,AICommand,9000,9000,2.634000,0.293
2,0,phase:Approach,AIThink,9000,13200,9.071400,1.008
2,0,phase:Approach,AIDrive,9000,198000,90.825100,10.092
2,0,phase:Approach,AIEngage,9000,9000,28.104700,3.123
2,0,phase:Approach,Gunnery,9000,9000,0.672100,0.075
2,0,phase:Approach,ShipStep,9000,36000,334.639500,37.182
2,0,phase:Approach,Collision,9000,36000,164.286300,18.254
2,0,phase:Approach,Projectiles,9000,36000,1.221800,0.136
2,0,phase:Approach,Missiles,9000,36000,27.723700,3.080
2,0,phase:Approach,PointDefense,9000,36000,142.412300,15.824
2,0,phase:Approach,Drones,9000,36000,41.721200,4.636
2,0,phase:Approach,Sensors,9000,9000,7.207600,0.801
2,0,phase:Approach,Post,9000,36000,19.575600,2.175
2,0,phase:Missile,Tick,25200,25200,4127.075800,163.773
2,0,phase:Missile,AI,25200,25200,905.723100,35.941
2,0,phase:Missile,AICommand,25200,25200,7.879000,0.313
2,0,phase:Missile,AIThink,25200,40316,63.507800,2.520
2,0,phase:Missile,AIDrive,25200,604800,331.399100,13.151
2,0,phase:Missile,AIEngage,25200,25200,481.825500,19.120
2,0,phase:Missile,Gunnery,25200,25200,1.885000,0.075
2,0,phase:Missile,ShipStep,25200,100800,1143.667500,45.384
2,0,phase:Missile,Collision,25200,100800,226.143500,8.974
2,0,phase:Missile,Projectiles,25200,100800,3.186400,0.126
2,0,phase:Missile,Missiles,25200,100800,477.534100,18.950
2,0,phase:Missile,PointDefense,25200,100800,891.098600,35.361
2,0,phase:Missile,Drones,25200,100800,381.404800,15.135
2,0,phase:Missile,Sensors,25200,25200,21.968300,0.872
2,0,phase:Missile,Post,25200,100800,59.351300,2.355
2,0,phase:Sniping,Tick,9000,9000,1568.676700,174.297
2,0,phase:Sniping,AI,9000,9000,415.087500,46.121
2,0,phase:Sniping,AICommand,9000,9000,3.146200,0.350
2,0,phase:Sniping,AIThink,9000,13299,26.470900,2.941
2,0,phase:Sniping,AIDrive,9000,199490,123.404800,13.712
2,0,phase:Sniping,AIEngage,9000,9000,254.679700,28.298
2,0,phase:Sniping,Gunnery,9000,9000,0.756500,0.084
2,0,phase:Sniping,ShipStep,9000,36000,397.743600,44.194
2,0,phase:Sniping,Collision,9000,36000,81.934500,9.104
2,0,phase:Sniping,Projectiles,9000,36000,250.407300,27.823
2,0,phase:Sniping,Missiles,9000,36000,78.678900,8.742
2,0,phase:Sniping,PointDefense,9000,36000,226.712000,25.190
2,0,phase:Sniping,Drones,9000,36000,82.307100,9.145
2,0,phase:Sniping,Sensors,9000,9000,7.952000,0.884
2,0,phase:Sniping,Post,9000,36000,21.698000,2.411
2,0,phase:Brawl,Tick,29849,29849,3986.729500,133.563
2,0,phase:Brawl,AI,29849,29849,1055.738400,35.369
2,0,phase:Brawl,AICommand,29849,29849,9.200600,0.308
2,0,phase:Brawl,AIThink,29849,32202,64.054800,2.146
2,0,phase:Brawl,AIDrive,29849,483029,349.250000,11.701
2,0,phase:Brawl,AIEngage,29849,29849,611.514100,20.487
2,0,phase:Brawl,Gunnery,29849,29849,2.352300,0.079
2,0,phase:Brawl,ShipStep,29849,119396,1093.780700,36.644
2,0,phase:Brawl,Collision,29849,119396,376.705500,12.620
2,0,phase:Brawl,Projectiles,29849,119396,364.119800,12.199
2,0,phase:Brawl,Missiles,29849,119396,155.627900,5.214
2,0,phase:Brawl,PointDefense,29849,119396,669.460000,22.428
2,0,phase:Brawl,Drones,29849,119396,148.565900,4.977
2,0,phase:Brawl,Sensors,29849,29849,26.873800,0.900
2,0,phase:Brawl,Post,29849,119396,75.393100,2.526
2,0,time:0-300,Tick,18000,18000,2002.602400,111.256
2,0,time:0-300,AI,18000,18000,361.875800,20.104
2,0,time:0-300,AICommand,18000,18000,5.364800,0.298
2,0,time:0-300,AIThink,18000,28796,19.473900,1.082
2,0,time:0-300,AIDrive,18000,432000,206.468200,11.470
2,0,time:0-300,AIEngage,18000,18000,115.948800,6.442
2,0,time:0-300,Gunnery,18000,18000,1.310100,0.073
2,0,time:0-300,ShipStep,18000,72000,737.641200,40.980
2,0,time:0-300,Collision,18000,72000,243.463200,13.526
2,0,time:0-300,Projectiles,18000,72000,2.259400,0.126
2,0,time:0-300,Missiles,18000,72000,105.451100,5.858
2,0,time:0-300,PointDefense,18000,72000,367.060000,20.392
2,0,time:0-300,Drones,18000,72000,119.826600,6.657
2,0,time:0-300,Sensors,18000,18000,15.017400,0.834
2,0,time:0-300,Post,18000,72000,38.063200,2.115
2,0,time:300-540,Tick,14400,14400,2869.885700,199.298
2,0,time:300-540,AI,14400,14400,649.647900,45.114
2,0,time:300-540,AICommand,14400,14400,4.744200,0.329
2,0,time:300-540,AIThink,14400,23040,51.190600,3.555
2,0,time:300-540,AIDrive,14400,345600,200.598900,13.930
2,0,time:300-540,AIEngage,14400,14400,380.725000,26.439
2,0,time:300-540,Gunnery,14400,14400,1.122400,0.078
2,0,time:300-540,ShipStep,14400,57600,686.363800,47.664
2,0,time:300-540,Collision,14400,57600,131.561100,9.136
2,0,time:300-540,Projectiles,14400,57600,1.889100,0.131
2,0,time:300-540,Missiles,14400,57600,394.206400,27.375
2,0,time:300-540,PointDefense,14400,57600,648.895600,45.062
2,0,time:300-540,Drones,14400,57600,297.788100,20.680
2,0,time:300-540,Sensors,14400,14400,12.746600,0.885
2,0,time:300-540,Post,14400,57600,36.930600,2.565
2,0,time:540+,Tick,40649,40649,5692.350000,140.037
2,0,time:540+,AI,40649,40649,1502.652700,36.967
2,0,time:540+,AICommand,40649,40649,12.750800,0.314
2,0,time:540+,AIThink,40649,47181,92.440400,2.274
2,0,time:540+,AIDrive,40649,707719,487.811900,12.001
2,0,time:540+,AIEngage,40649,40649,879.450200,21.635
2,0,time:540+,Gunnery,40649,40649,3.233400,0.080
2,0,time:540+,ShipStep,40649,162596,1545.826300,38.029
2,0,time:540+,Collision,40649,162596,474.045500,11.662
2,0,time:540+,Projectiles,40649,162596,614.786800,15.124
2,0,time:540+,Missiles,40649,162596,239.907100,5.902
2,0,time:540+,PointDefense,40649,162596,913.727300,22.478
2,0,time:540+,Drones,40649,162596,236.384300,5.815
2,0,time:540+,Sensors,40649,40649,36.237700,0.891
2,0,time:540+,Post,40649,162596,101.024200,2.485
2,1,All,Tick,41377,41377,6957.033000,168.138
2,1,All,AI,41377,41377,1499.048100,36.229
2,1,All,AICommand,41377,41377,14.363900,0.347
2,1,All,AIThink,41377,65054,100.489900,2.429
2,1,All,AIDrive,41377,975810,535.567100,12.944
2,1,All,AIEngage,41377,41377,813.615000,19.663
2,1,All,Gunnery,41377,41377,3.334000,0.081
2,1,All,ShipStep,41377,165508,1856.371900,44.865
2,1,All,Collision,41377,165508,568.061100,13.729
2,1,All,Projectiles,41377,165508,320.092600,7.736
2,1,All,Missiles,41377,165508,649.530300,15.698
2,1,All,PointDefense,41377,165508,1350.780000,32.646
2,1,All,Drones,41377,165508,544.714900,13.165
2,1,All,Sensors,41377,41377,36.243400,0.876
2,1,All,Post,41377,165508,103.110300,2.492
2,1,phase:Approach,Tick,7200,7200,784.083000,108.900
2,1,phase:Approach,AI,7200,7200,106.208400,14.751
2,1,phase:Approach,AICommand,7200,7200,2.025800,0.281
2,1,phase:Approach,AIThink,7200,11520,7.729000,1.073
2,1,phase:Approach,AIDrive,7200,172800,75.943400,10.548
2,1,phase:Approach,AIEngage,7200,7200,14.895200,2.069
2,1,phase:Approach,Gunnery,7200,7200,0.491900,0.068
2,1,phase:Approach,ShipStep,7200,28800,282.744600,39.270
2,1,phase:Approach,Collision,7200,28800,181.292600,25.180
2,1,phase:Approach,Projectiles,7200,28800,1.037600,0.144
2,1,phase:Approach,Missiles,7200,28800,23.222000,3.225
2,1,phase:Approach,PointDefense,7200,28800,126.654000,17.591
2,1,phase:Approach,Drones,7200,28800,36.929200,5.129
2,1,phase:Approach,Sensors,7200,7200,5.866300,0.815
2,1,phase:Approach,Post,7200,28800,15.397100,2.138
2,1,phase:Missile,Tick,21600,21600,3644.262800,168.716
2,1,phase:Missile,AI,21600,21600,765.611800,35.445
2,1,phase:Missile,AICommand,21600,21600,7.916500,0.367
2,1,phase:Missile,AIThink,21600,34556,54.480500,2.522
2,1,phase:Missile,AIDrive,21600,518400,293.413600,13.584
2,1,phase:Missile,AIEngage,21600,21600,390.987400,18.101
2,1,phase:Missile,Gunnery,21600,21600,1.701900,0.079
2,1,phase:Missile,ShipStep,21600,86400,1006.271500,46.587
2,1,phase:Missile,Collision,21600,86400,270.473700,12.522
2,1,phase:Missile,Projectiles,21600,86400,3.237600,0.150
2,1,phase:Missile,Missiles,21600,86400,396.442500,18.354
2,1,phase:Missile,PointDefense,21600,86400,787.044500,36.437
2,1,phase:Missile,Drones,21600,86400,326.023800,15.094
2,1,phase:Missile,Sensors,21600,21600,19.452500,0.901
2,1,phase:Missile,Post,21600,86400,54.330000,2.515
2,1,phase:Gunnery,Tick,1800,1800,411.900400,228.834
2,1,phase:Gunnery,AI,1800,1800,92.530300,51.406
2,1,phase:Gunnery,AICommand,1800,1800,0.687400,0.382
2,1,phase:Gunnery,AIThink,1800,2880,5.628400,3.127
2,1,phase:Gunnery,AIDrive,1800,43200,26.583700,14.769
2,1,phase:Gunnery,AIEngage,1800,1800,58.041800,32.245
2,1,phase:Gunnery,Gunnery,1800,1800,0.177400,0.099
2,1,phase:Gunnery,ShipStep,1800,7200,89.293000,49.607
2,1,phase:Gunnery,Collision,1800,7200,16.413200,9.118
2,1,phase:Gunnery,Projectiles,1800,7200,0.552900,0.307
2,1,phase:Gunnery,Missiles,1800,7200,63.661400,35.367
2,1,phase:Gunnery,PointDefense,1800,7200,99.898000,55.499
2,1,phase:Gunnery,Drones,1800,7200,42.151900,23.418
2,1,phase:Gunnery,Sensors,1800,1800,1.585300,0.881
2,1,phase:Gunnery,Post,1800,7200,4.496000,2.498
2,1,phase:Sniping,Tick,10777,10777,2116.786800,196.417
2,1,phase:Sniping,AI,10777,10777,534.697600,49.615
2,1,phase:Sniping,AICommand,10777,10777,3.734200,0.346
2,1,phase:Sniping,AIThink,10777,16098,32.652000,3.030
2,1,phase:Sniping,AIDrive,10777,241410,139.626400,12.956
2,1,phase:Sniping,AIEngage,10777,10777,349.690600,32.448
2,1,phase:Sniping,Gunnery,10777,10777,0.962800,0.089
2,1,phase:Sniping,ShipStep,10777,43108,478.062800,44.360
2,1,phase:Sniping,Collision,10777,43108,99.881600,9.268
2,1,phase:Sniping,Projectiles,10777,43108,315.264500,29.253
2,1,phase:Sniping,Missiles,10777,43108,166.204400,15.422
2,1,phase:Sniping,PointDefense,10777,43108,337.183500,31.287
2,1,phase:Sniping,Drones,10777,43108,139.610000,12.954
2,1,phase:Sniping,Sensors,10777,10777,9.339300,0.867
2,1,phase:Sniping,Post,10777,43108,28.887200,2.680
2,1,time:0-300,Tick,18000,18000,2232.000000,124.000
2,1,time:0-300,AI,18000,18000,397.939800,22.108
2,1,time:0-300,AICommand,18000,18000,5.600800,0.311
2,1,time:0-300,AIThink,18000,28796,22.059700,1.226
2,1,time:0-300,AIDrive,18000,432000,214.778800,11.932
2,1,time:0-300,AIEngage,18000,18000,140.803500,7.822
2,1,time:0-300,Gunnery,18000,18000,1.249400,0.069
2,1,time:0-300,ShipStep,18000,72000,765.257800,42.514
2,1,time:0-300,Collision,18000,72000,350.862800,19.492
2,1,time:0-300,Projectiles,18000,72000,2.622400,0.146
2,1,time:0-300,Missiles,18000,72000,128.880300,7.160
2,1,time:0-300,PointDefense,18000,72000,385.567500,21.420
2,1,time:0-300,Drones,18000,72000,133.468000,7.415
2,1,time:0-300,Sensors,18000,18000,15.017700,0.834
2,1,time:0-300,Post,18000,72000,40.285200,2.238
2,1,time:300-540,Tick,14400,14400,3063.279000,212.728
2,1,time:300-540,AI,14400,14400,664.890300,46.173
2,1,time:300-540,AICommand,14400,14400,5.639000,0.392
2,1,time:300-540,AIThink,14400,23040,53.029800,3.683
2,1,time:300-540,AIDrive,14400,345600,207.730700,14.426
2,1,time:300-540,AIEngage,14400,14400,385.589800,26.777
2,1,time:300-540,Gunnery,14400,14400,1.260200,0.088
2,1,time:300-540,ShipStep,14400,57600,703.478300,48.853
2,1,time:300-540,Collision,14400,57600,133.373800,9.262
2,1,time:300-540,Projectiles,14400,57600,2.444500,0.170
2,1,time:300-540,Missiles,14400,57600,430.742400,29.913
2,1,time:300-540,PointDefense,14400,57600,739.881600,51.381
2,1,time:300-540,Drones,14400,57600,325.846800,22.628
2,1,time:300-540,Sensors,14400,14400,13.531400,0.940
2,1,time:300-540,Post,14400,57600,38.548300,2.677
2,1,time:540+,Tick,8977,8977,1661.754000,185.112
2,1,time:540+,AI,8977,8977,436.218000,48.593
2,1,time:540+,AICommand,8977,8977,3.124100,0.348
2,1,time:540+,AIThink,8977,13218,25.400400,2.829
2,1,time:540+,AIDrive,8977,198210,113.057600,12.594
2,1,time:540+,AIEngage,8977,8977,287.221700,31.995
2,1,time:540+,Gunnery,8977,8977,0.824400,0.092
2,1,time:540+,ShipStep,8977,35908,387.635800,43.181
2,1,time:540+,Collision,8977,35908,83.824500,9.338
2,1,time:540+,Projectiles,8977,35908,315.025700,35.093
2,1,time:540+,Missiles,8977,35908,89.907600,10.015
2,1,time:540+,PointDefense,8977,35908,225.330900,25.101
2,1,time:540+,Drones,8977,35908,85.400100,9.513
2,1,time:540+,Sensors,8977,8977,7.694300,0.857
2,1,time:540+,Post,8977,35908,24.276800,2.704
3,0,All,Tick,54966,54966,9382.143100,170.690
3,0,All,AI,54966,54966,2285.186000,41.575
3,0,All,AICommand,54966,54966,19.353700,0.352
3,0,All,AIThink,54966,82507,143.007900,2.602
3,0,All,AIDrive,54966,1237607,754.589300,13.728
3,0,All,AIEngage,54966,54966,1319.508900,24.006
3,0,All,Gunnery,54966,54966,4.554900,0.083
3,0,All,ShipStep,54966,219864,2506.038100,45.593
3,0,All,Collision,54966,219864,549.765500,10.002
3,0,All,Projectiles,54966,219864,696.789700,12.677
3,0,All,Missiles,54966,219864,680.625200,12.383
3,0,All,PointDefense,54966,219864,1830.459400,33.302
3,0,All,Drones,54966,219864,605.710100,11.020
3,0,All,Sensors,54966,54966,50.929500,0.927
3,0,All,Post,54966,219864,136.463700,2.483
3,0,phase:Approach,Tick,9000,9000,861.331800,95.704
3,0,phase:Approach,AI,9000,9000,132.228500,14.692
3,0,phase:Approach,AICommand,9000,9000,2.799100,0.311
3,0,phase:Approach,AIThink,9000,14396,8.931300,0.992
3,0,phase:Approach,AIDrive,9000,216000,95.843000,10.649
3,0,phase:Approach,AIEngage,9000,9000,17.194400,1.910
3,0,phase:Approach,Gunnery,9000,9000,0.634600,0.071
3,0,phase:Approach,ShipStep,9000,36000,352.190700,39.132
3,0,phase:Approach,Collision,9000,36000,112.456700,12.495
3,0,phase:Approach,Projectiles,9000,36000,1.215100,0.135
3,0,phase:Approach,Missiles,9000,36000,28.712000,3.190
3,0,phase:Approach,PointDefense,9000,36000,157.028200,17.448
3,0,phase:Approach,Drones,9000,36000,44.890500,4.988
3,0,phase:Approach,Sensors,9000,9000,7.697600,0.855
3,0,phase:Approach,Post,9000,36000,18.769600,2.086
3,0,phase:Missile,Tick,21600,21600,3552.066100,164.448
3,0,phase:Missile,AI,21600,21600,787.419000,36.455
3,0,phase:Missile,AICommand,21600,21600,6.901200,0.320
3,0,phase:Missile,AIThink,21600,34560,53.629000,2.483
3,0,phase:Missile,AIDrive,21600,518400,291.366000,13.489
3,0,phase:Missile,AIEngage,21600,21600,416.638200,19.289
3,0,phase:Missile,Gunnery,21600,21600,1.679800,0.078
3,0,phase:Missile,ShipStep,21600,86400,985.795100,45.639
3,0,phase:Missile,Collision,21600,86400,197.226700,9.131
3,0,phase:Missile,Projectiles,21600,86400,3.010400,0.139
3,0,phase:Missile,Missiles,21600,86400,414.104400,19.172
3,0,phase:Missile,PointDefense,21600,86400,745.640900,34.520
3,0,phase:Missile,Drones,21600,86400,334.778200,15.499
3,0,phase:Missile,Sensors,21600,21600,18.759000,0.868
3,0,phase:Missile,Post,21600,86400,49.985000,2.314
3,0,phase:Sniping,Tick,7200,7200,1343.464200,186.592
3,0,phase:Sniping,AI,7200,7200,345.796300,48.027
3,0,phase:Sniping,AICommand,7200,7200,2.935800,0.408
3,0,phase:Sniping,AIThink,7200,11520,25.589100,3.554
3,0,phase:Sniping,AIDrive,7200,172800,104.654600,14.535
3,0,phase:Sniping,AIEngage,7200,7200,206.070600,28.621
3,0,phase:Sniping,Gunnery,7200,7200,0.626500,0.087
3,0,phase:Sniping,ShipStep,7200,28800,344.682600,47.873
3,0,phase:Sniping,Collision,7200,28800,67.414800,9.363
3,0,phase:Sniping,Projectiles,7200,28800,37.473100,5.205
3,0,phase:Sniping,Missiles,7200,28800,125.121700,17.378
3,0,phase:Sniping,PointDefense,7200,28800,285.662200,39.675
3,0,phase:Sniping,Drones,7200,28800,105.281000,14.622
3,0,phase:Sniping,Sensors,7200,7200,7.305800,1.015
3,0,phase:Sniping,Post,7200,28800,19.394200,2.694
3,0,phase:Brawl,Tick,17166,17166,3625.281000,211.190
3,0,phase:Brawl,AI,17166,17166,1019.742200,59.405
3,0,phase:Brawl,AICommand,17166,17166,6.717600,0.391
3,0,phase:Brawl,AIThink,17166,22031,54.858500,3.196
3,0,phase:Brawl,AIDrive,17166,330407,262.725700,15.305
3,0,phase:Brawl,AIEngage,17166,17166,679.605700,39.590
3,0,phase:Brawl,Gunnery,17166,17166,1.614000,0.094
3,0,phase:Brawl,ShipStep,17166,68664,823.369700,47.965
3,0,phase:Brawl,Collision,17166,68664,172.667300,10.059
3,0,phase:Brawl,Projectiles,17166,68664,655.091100,38.162
3,0,phase:Brawl,Missiles,17166,68664,112.687100,6.565
3,0,phase:Brawl,PointDefense,17166,68664,642.128100,37.407
3,0,phase:Brawl,Drones,17166,68664,120.760400,7.035
3,0,phase:Brawl,Sensors,17166,17166,17.167100,1.000
3,0,phase:Brawl,Post,17166,68664,48.314900,2.815
3,0,time:0-300,Tick,18000,18000,1903.964100,105.776
3,0,time:0-300,AI,18000,18000,340.450200,18.914
3,0,time:0-300,AICommand,18000,18000,5.469300,0.304
3,0,time:0-300,AIThink,18000,28796,20.022900,1.112
3,0,time:0-300,AIDrive,18000,432000,208.707000,11.595
3,0,time:0-300,AIEngage,18000,18000,91.088200,5.060
3,0,time:0-300,Gunnery,18000,18000,1.303300,0.072
3,0,time:0-300,ShipStep,18000,72000,735.456000,40.859
3,0,time:0-300,Collision,18000,72000,191.898500,10.661
3,0,time:0-300,Projectiles,18000,72000,2.468600,0.137
3,0,time:0-300,Missiles,18000,72000,99.668700,5.537
3,0,time:0-300,PointDefense,18000,72000,353.713200,19.651
3,0,time:0-300,Drones,18000,72000,114.687000,6.372
3,0,time:0-300,Sensors,18000,18000,15.135800,0.841
3,0,time:0-300,Post,18000,72000,38.028100,2.113
3,0,time:300-540,Tick,14400,14400,2906.483900,201.839
3,0,time:300-540,AI,14400,14400,672.015900,46.668
3,0,time:300-540,AICommand,14400,14400,4.831100,0.335
3,0,time:300-540,AIThink,14400,23040,50.354800,3.497
3,0,time:300-540,AIDrive,14400,345600,204.107400,14.174
3,0,time:300-540,AIEngage,14400,14400,399.944500,27.774
3,0,time:300-540,Gunnery,14400,14400,1.181700,0.082
3,0,time:300-540,ShipStep,14400,57600,691.268300,48.005
3,0,time:300-540,Collision,14400,57600,134.729600,9.356
3,0,time:300-540,Projectiles,14400,57600,1.994900,0.139
3,0,time:300-540,Missiles,14400,57600,395.251000,27.448
3,0,time:300-540,PointDefense,14400,57600,646.347600,44.885
3,0,time:300-540,Drones,14400,57600,306.382800,21.277
3,0,time:300-540,Sensors,14400,14400,12.868400,0.894
3,0,time:300-540,Post,14400,57600,35.221700,2.446
3,0,time:540+,Tick,22566,22566,4571.695100,202.592
3,0,time:540+,AI,22566,22566,1272.719900,56.400
3,0,time:540+,AICommand,22566,22566,9.053300,0.401
3,0,time:540+,AIThink,22566,30671,72.630200,3.219
3,0,time:540+,AIDrive,22566,460007,341.774900,15.146
3,0,time:540+,AIEngage,22566,22566,828.476200,36.713
3,0,time:540+,Gunnery,22566,22566,2.069900,0.092
3,0,time:540+,ShipStep,22566,90264,1079.313800,47.829
3,0,time:540+,Collision,22566,90264,223.137400,9.888
3,0,time:540+,Projectiles,22566,90264,692.326200,30.680
3,0,time:540+,Missiles,22566,90264,185.705500,8.229
3,0,time:540+,PointDefense,22566,90264,830.398600,36.799
3,0,time:540+,Drones,22566,90264,184.640300,8.182
3,0,time:540+,Sensors,22566,22566,22.925300,1.016
3,0,time:540+,Post,22566,90264,63.213900,2.801
3,1,All,Tick,41286,41286,8134.464500,197.027
3,1,All,AI,41286,41286,1757.547100,42.570
3,1,All,AICommand,41286,41286,17.412500,0.422
3,1,All,AIThink,41286,65156,115.647500,2.801
3,1,All,AIDrive,41286,977356,648.460400,15.707
3,1,All,AIEngage,41286,41286,932.000700,22.574
3,1,All,Gunnery,41286,41286,4.161500,0.101
3,1,All,ShipStep,41286,165144,2244.920200,54.375
3,1,All,Collision,41286,165144,545.798000,13.220
3,1,All,Projectiles,41286,165144,349.941500,8.476
3,1,All,Missiles,41286,165144,774.223100,18.753
3,1,All,PointDefense,41286,165144,1628.378500,39.441
3,1,All,Drones,41286,165144,619.537300,15.006
3,1,All,Sensors,41286,41286,48.697400,1.180
3,1,All,Post,41286,165144,129.929900,3.147
3,1,phase:Approach,Tick,10800,10800,1604.802200,148.593
3,1,phase:Approach,AI,10800,10800,279.437200,25.874
3,1,phase:Approach,AICommand,10800,10800,4.710600,0.436
3,1,phase:Approach,AIThink,10800,17276,17.355400,1.607
3,1,phase:Approach,AIDrive,10800,259200,167.246200,15.486
3,1,phase:Approach,AIEngage,10800,10800,77.882500,7.211
3,1,phase:Approach,Gunnery,10800,10800,1.159200,0.107
3,1,phase:Approach,ShipStep,10800,43200,621.135400,57.513
3,1,phase:Approach,Collision,10800,43200,186.247300,17.245
3,1,phase:Approach,Projectiles,10800,43200,2.257500,0.209
3,1,phase:Approach,Missiles,10800,43200,72.504000,6.713
3,1,phase:Approach,PointDefense,10800,43200,295.358800,27.348
3,1,phase:Approach,Drones,10800,43200,88.418500,8.187
3,1,phase:Approach,Sensors,10800,10800,14.208900,1.316
3,1,phase:Approach,Post,10800,43200,35.345200,3.273
3,1,phase:Missile,Tick,21600,21600,4492.820900,208.001
3,1,phase:Missile,AI,21600,21600,951.808200,44.065
3,1,phase:Missile,AICommand,21600,21600,9.135300,0.423
3,1,phase:Missile,AIThink,21600,34560,67.831100,3.140
3,1,phase:Missile,AIDrive,21600,518400,355.047400,16.437
3,1,phase:Missile,AIEngage,21600,21600,496.721200,22.996
3,1,phase:Missile,Gunnery,21600,21600,2.249300,0.104
3,1,phase:Missile,ShipStep,21600,86400,1218.934800,56.432
3,1,phase:Missile,Collision,21600,86400,251.184700,11.629
3,1,phase:Missile,Projectiles,21600,86400,4.154400,0.192
3,1,phase:Missile,Missiles,21600,86400,530.222300,24.547
3,1,phase:Missile,PointDefense,21600,86400,1003.852200,46.475
3,1,phase:Missile,Drones,21600,86400,419.468000,19.420
3,1,phase:Missile,Sensors,21600,21600,26.044300,1.206
3,1,phase:Missile,Post,21600,86400,68.322000,3.163
3,1,phase:Gunnery,Tick,1800,1800,374.349700,207.972
3,1,phase:Gunnery,AI,1800,1800,78.272500,43.485
3,1,phase:Gunnery,AICommand,1800,1800,0.667500,0.371
3,1,phase:Gunnery,AIThink,1800,2880,5.928400,3.294
3,1,phase:Gunnery,AIDrive,1800,43200,25.673600,14.263
3,1,phase:Gunnery,AIEngage,1800,1800,44.244500,24.580
3,1,phase:Gunnery,Gunnery,1800,1800,0.140300,0.078
3,1,phase:Gunnery,ShipStep,1800,7200,86.529700,48.072
3,1,phase:Gunnery,Collision,1800,7200,16.759600,9.311
3,1,phase:Gunnery,Projectiles,1800,7200,0.864800,0.480
3,1,phase:Gunnery,Missiles,1800,7200,50.906200,28.281
3,1,phase:Gunnery,PointDefense,1800,7200,95.658300,53.144
3,1,phase:Gunnery,Drones,1800,7200,37.236600,20.687
3,1,phase:Gunnery,Sensors,1800,1800,1.685500,0.936
3,1,phase:Gunnery,Post,1800,7200,5.052000,2.807
3,1,phase:Sniping,Tick,3600,3600,895.782400,248.828
3,1,phase:Sniping,AI,3600,3600,246.754000,68.543
3,1,phase:Sniping,AICommand,3600,3600,1.447000,0.402
3,1,phase:Sniping,AIThink,3600,5417,13.232700,3.676
3,1,phase:Sniping,AIDrive,3600,81257,50.151500,13.931
3,1,phase:Sniping,AIEngage,3600,3600,178.324200,49.535
3,1,phase:Sniping,Gunnery,3600,3600,0.318200,0.088
3,1,phase:Sniping,ShipStep,3600,14400,170.709900,47.419
3,1,phase:Sniping,Collision,3600,14400,46.449900,12.903
3,1,phase:Sniping,Projectiles,3600,14400,155.655700,43.238
3,1,phase:Sniping,Missiles,3600,14400,73.453400,20.404
3,1,phase:Sniping,PointDefense,3600,14400,133.749100,37.153
3,1,phase:Sniping,Drones,3600,14400,51.147300,14.208
3,1,phase:Sniping,Sensors,3600,3600,3.506700,0.974
3,1,phase:Sniping,Post,3600,14400,11.601900,3.223
3,1,phase:Brawl,Tick,3486,3486,766.709300,219.940
3,1,phase:Brawl,AI,3486,3486,201.275200,57.738
3,1,phase:Brawl,AICommand,3486,3486,1.452100,0.417
3,1,phase:Brawl,AIThink,3486,5023,11.299900,3.242
3,1,phase:Brawl,AIDrive,3486,75299,50.341700,14.441
3,1,phase:Brawl,AIEngage,3486,3486,134.828300,38.677
3,1,phase:Brawl,Gunnery,3486,3486,0.294500,0.084
3,1,phase:Brawl,ShipStep,3486,13944,147.610400,42.344
3,1,phase:Brawl,Collision,3486,13944,45.156500,12.954
3,1,phase:Brawl,Projectiles,3486,13944,187.009100,53.646
3,1,phase:Brawl,Missiles,3486,13944,47.137200,13.522
3,1,phase:Brawl,PointDefense,3486,13944,99.760100,28.617
3,1,phase:Brawl,Drones,3486,13944,23.266900,6.674
3,1,phase:Brawl,Sensors,3486,3486,3.252000,0.933
3,1,phase:Brawl,Post,3486,13944,9.608800,2.756
3,1,time:0-300,Tick,18000,18000,2806.671600,155.926
3,1,time:0-300,AI,18000,18000,513.806500,28.545
3,1,time:0-300,AICommand,18000,18000,7.666400,0.426
3,1,time:0-300,AIThink,18000,28796,30.220200,1.679
3,1,time:0-300,AIDrive,18000,432000,287.195000,15.955
3,1,time:0-300,AIEngage,18000,18000,168.515100,9.362
3,1,time:0-300,Gunnery,18000,18000,1.951800,0.108
3,1,time:0-300,ShipStep,18000,72000,1037.372000,57.632
3,1,time:0-300,Collision,18000,72000,277.734700,15.430
3,1,time:0-300,Projectiles,18000,72000,3.762100,0.209
3,1,time:0-300,Missiles,18000,72000,165.176600,9.176
3,1,time:0-300,PointDefense,18000,72000,534.359500,29.687
3,1,time:0-300,Drones,18000,72000,175.494100,9.750
3,1,time:0-300,Sensors,18000,18000,24.059600,1.337
3,1,time:0-300,Post,18000,72000,58.378600,3.243
3,1,time:300-540,Tick,14400,14400,3290.951500,228.538
3,1,time:300-540,AI,14400,14400,717.438900,49.822
3,1,time:300-540,AICommand,14400,14400,6.179500,0.429
3,1,time:300-540,AIThink,14400,23040,54.966300,3.817
3,1,time:300-540,AIDrive,14400,345600,235.098600,16.326
3,1,time:300-540,AIEngage,14400,14400,406.088600,28.201
3,1,time:300-540,Gunnery,14400,14400,1.456700,0.101
3,1,time:300-540,ShipStep,14400,57600,802.698200,55.743
3,1,time:300-540,Collision,14400,57600,159.697300,11.090
3,1,time:300-540,Projectiles,14400,57600,2.649800,0.184
3,1,time:300-540,Missiles,14400,57600,437.549700,30.385
3,1,time:300-540,PointDefense,14400,57600,764.851500,53.115
3,1,time:300-540,Drones,14400,57600,332.392400,23.083
3,1,time:300-540,Sensors,14400,14400,16.193600,1.125
3,1,time:300-540,Post,14400,57600,45.288600,3.145
3,1,time:540+,Tick,8886,8886,2036.841400,229.219
3,1,time:540+,AI,8886,8886,526.301700,59.228
3,1,time:540+,AICommand,8886,8886,3.566600,0.401
3,1,time:540+,AIThink,8886,13320,30.461000,3.428
3,1,time:540+,AIDrive,8886,199756,126.166800,14.198
3,1,time:540+,AIEngage,8886,8886,357.397000,40.220
3,1,time:540+,Gunnery,8886,8886,0.753000,0.085
3,1,time:540+,ShipStep,8886,35544,404.850000,45.560
3,1,time:540+,Collision,8886,35544,108.366000,12.195
3,1,time:540+,Projectiles,8886,35544,343.529600,38.660
3,1,time:540+,Missiles,8886,35544,171.496800,19.300
3,1,time:540+,PointDefense,8886,35544,329.167500,37.043
3,1,time:540+,Drones,8886,35544,111.650800,12.565
3,1,time:540+,Sensors,8886,8886,8.444200,0.950
3,1,time:540+,Post,8886,35544,26.262700,2.956
4,0,All,Tick,39760,39760,6764.198500,170.126
4,0,All,AI,39760,39760,1476.680500,37.140
4,0,All,AICommand,39760,39760,13.960500,0.351
4,0,All,AIThink,39760,63300,97.579100,2.454
4,0,All,AIDrive,39760,949492,524.602500,13.194
4,0,All,AIEngage,39760,39760,805.583800,20.261
4,0,All,Gunnery,39760,39760,3.087300,0.078
4,0,All,ShipStep,39760,159040,1781.934800,44.817
4,0,All,Collision,39760,159040,413.122900,10.390
4,0,All,Projectiles,39760,159040,455.960300,11.468
4,0,All,Missiles,39760,159040,632.668600,15.912
4,0,All,PointDefense,39760,159040,1333.650500,33.543
4,0,All,Drones,39760,159040,511.918300,12.875
4,0,All,Sensors,39760,39760,35.342000,0.889
4,0,All,Post,39760,159040,95.278500,2.396
4,0,phase:Approach,Tick,7200,7200,717.494100,99.652
4,0,phase:Approach,AI,7200,7200,107.749500,14.965
4,0,phase:Approach,AICommand,7200,7200,2.229400,0.310
4,0,phase:Approach,AIThink,7200,11520,7.303400,1.014
4,0,phase:Approach,AIDrive,7200,172800,78.027000,10.837
4,0,phase:Approach,AIEngage,7200,7200,14.012400,1.946
4,0,phase:Approach,Gunnery,7200,7200,0.500000,0.069
4,0,phase:Approach,ShipStep,7200,28800,285.100100,39.597
4,0,phase:Approach,Collision,7200,28800,106.582200,14.803
4,0,phase:Approach,Projectiles,7200,28800,0.995500,0.138
4,0,phase:Approach,Missiles,7200,28800,24.118700,3.350
4,0,phase:Approach,PointDefense,7200,28800,129.733900,18.019
4,0,phase:Approach,Drones,7200,28800,37.218900,5.169
4,0,phase:Approach,Sensors,7200,7200,6.129900,0.851
4,0,phase:Approach,Post,7200,28800,15.019400,2.086
4,0,phase:Missile,Tick,25200,25200,4216.120800,167.306
4,0,phase:Missile,AI,25200,25200,922.289400,36.599
4,0,phase:Missile,AICommand,25200,25200,8.537900,0.339
4,0,phase:Missile,AIThink,25200,40316,62.609800,2.485
4,0,phase:Missile,AIDrive,25200,604800,334.384500,13.269
4,0,phase:Missile,AIEngage,25200,25200,494.887300,19.638
4,0,phase:Missile,Gunnery,25200,25200,1.921700,0.076
4,0,phase:Missile,ShipStep,25200,100800,1153.876600,45.789
4,0,phase:Missile,Collision,25200,100800,234.840600,9.319
4,0,phase:Missile,Projectiles,25200,100800,3.638000,0.144
4,0,phase:Missile,Missiles,25200,100800,488.014200,19.366
4,0,phase:Missile,PointDefense,25200,100800,925.496800,36.726
4,0,phase:Missile,Drones,25200,100800,388.909900,15.433
4,0,phase:Missile,Sensors,25200,25200,22.076100,0.876
4,0,phase:Missile,Post,25200,100800,59.649200,2.367
4,0,phase:Sniping,Tick,3600,3600,822.877500,228.577
4,0,phase:Sniping,AI,3600,3600,211.102500,58.640
4,0,phase:Sniping,AICommand,3600,3600,1.442800,0.401
4,0,phase:Sniping,AIThink,3600,5760,13.904300,3.862
4,0,phase:Sniping,AIDrive,3600,86400,54.360900,15.100
4,0,phase:Sniping,AIEngage,3600,3600,138.164000,38.379
4,0,phase:Sniping,Gunnery,3600,3600,0.290100,0.081
4,0,phase:Sniping,ShipStep,3600,14400,172.336300,47.871
4,0,phase:Sniping,Collision,3600,14400,34.897800,9.694
4,0,phase:Sniping,Projectiles,3600,14400,114.340800,31.761
4,0,phase:Sniping,Missiles,3600,14400,74.595100,20.721
4,0,phase:Sniping,PointDefense,3600,14400,144.633200,40.176
4,0,phase:Sniping,Drones,3600,14400,55.428900,15.397
4,0,phase:Sniping,Sensors,3600,3600,3.415000,0.949
4,0,phase:Sniping,Post,3600,14400,9.542400,2.651
4,0,phase:Brawl,Tick,3760,3760,1007.706100,268.007
4,0,phase:Brawl,AI,3760,3760,235.539100,62.643
4,0,phase:Brawl,AICommand,3760,3760,1.750400,0.466
4,0,phase:Brawl,AIThink,3760,5704,13.761600,3.660
4,0,phase:Brawl,AIDrive,3760,85492,57.830100,15.380
4,0,phase:Brawl,AIEngage,3760,3760,158.520100,42.160
4,0,phase:Brawl,Gunnery,3760,3760,0.375500,0.100
4,0,phase:Brawl,ShipStep,3760,15040,170.621800,45.378
4,0,phase:Brawl,Collision,3760,15040,36.802300,9.788
4,0,phase:Brawl,Projectiles,3760,15040,336.986000,89.624
4,0,phase:Brawl,Missiles,3760,15040,45.940600,12.218
4,0,phase:Brawl,PointDefense,3760,15040,133.786600,35.582
4,0,phase:Brawl,Drones,3760,15040,30.360600,8.075
4,0,phase:Brawl,Sensors,3760,3760,3.721000,0.990
4,0,phase:Brawl,Post,3760,15040,11.067500,2.943
4,0,time:0-300,Tick,18000,18000,2081.883700,115.660
4,0,time:0-300,AI,18000,18000,381.838500,21.213
4,0,time:0-300,AICommand,18000,18000,5.755200,0.320
4,0,time:0-300,AIThink,18000,28796,21.211000,1.178
4,0,time:0-300,AIDrive,18000,432000,212.519700,11.807
4,0,time:0-300,AIEngage,18000,18000,127.066900,7.059
4,0,time:0-300,Gunnery,18000,18000,1.296000,0.072
4,0,time:0-300,ShipStep,18000,72000,750.909700,41.717
4,0,time:0-300,Collision,18000,72000,208.980400,11.610
4,0,time:0-300,Projectiles,18000,72000,2.514800,0.140
4,0,time:0-300,Missiles,18000,72000,137.063700,7.615
4,0,time:0-300,PointDefense,18000,72000,394.275800,21.904
4,0,time:0-300,Drones,18000,72000,139.490600,7.749
4,0,time:0-300,Sensors,18000,18000,15.356900,0.853
4,0,time:0-300,Post,18000,72000,39.334000,2.185
4,0,time:300-540,Tick,14400,14400,2851.731200,198.037
4,0,time:300-540,AI,14400,14400,648.200400,45.014
4,0,time:300-540,AICommand,14400,14400,5.012100,0.348
4,0,time:300-540,AIThink,14400,23040,48.702200,3.382
4,0,time:300-540,AIDrive,14400,345600,199.891800,13.881
4,0,time:300-540,AIEngage,14400,14400,381.832800,26.516
4,0,time:300-540,Gunnery,14400,14400,1.125700,0.078
4,0,time:300-540,ShipStep,14400,57600,688.067000,47.782
4,0,time:300-540,Collision,14400,57600,132.442400,9.197
4,0,time:300-540,Projectiles,14400,57600,2.118700,0.147
4,0,time:300-540,Missiles,14400,57600,375.069200,26.046
4,0,time:300-540,PointDefense,14400,57600,660.954900,45.900
4,0,time:300-540,Drones,14400,57600,286.638200,19.905
4,0,time:300-540,Sensors,14400,14400,12.849100,0.892
4,0,time:300-540,Post,14400,57600,35.334600,2.454
4,0,time:540+,Tick,7360,7360,1830.583600,248.721
4,0,time:540+,AI,7360,7360,446.641600,60.685
4,0,time:540+,AICommand,7360,7360,3.193200,0.434
4,0,time:540+,AIThink,7360,11464,27.665900,3.759
4,0,time:540+,AIDrive,7360,171892,112.191000,15.243
4,0,time:540+,AIEngage,7360,7360,296.684100,40.310
4,0,time:540+,Gunnery,7360,7360,0.665600,0.090
4,0,time:540+,ShipStep,7360,29440,342.958100,46.598
4,0,time:540+,Collision,7360,29440,71.700100,9.742
4,0,time:540+,Projectiles,7360,29440,451.326800,61.322
4,0,time:540+,Missiles,7360,29440,120.535700,16.377
4,0,time:540+,PointDefense,7360,29440,278.419800,37.829
4,0,time:540+,Drones,7360,29440,85.789500,11.656
4,0,time:540+,Sensors,7360,7360,7.136000,0.970
4,0,time:540+,Post,7360,29440,20.609900,2.800
4,1,All,Tick,41825,41825,7087.139000,169.447
4,1,All,AI,41825,41825,1613.243600,38.571
4,1,All,AICommand,41825,41825,14.996600,0.359
4,1,All,AIThink,41825,66079,103.537700,2.475
4,1,All,AIDrive,41825,991161,551.737300,13.192
4,1,All,AIEngage,41825,41825,907.393500,21.695
4,1,All,Gunnery,41825,41825,3.281100,0.078
4,1,All,ShipStep,41825,167300,1906.653200,45.586
4,1,All,Collision,41825,167300,524.743500,12.546
4,1,All,Projectiles,41825,167300,295.652700,7.069
4,1,All,Missiles,41825,167300,649.151300,15.521
4,1,All,PointDefense,41825,167300,1391.523000,33.270
4,1,All,Drones,41825,167300,537.664900,12.855
4,1,All,Sensors,41825,41825,37.868900,0.905
4,1,All,Post,41825,167300,101.145000,2.418
4,1,phase:Approach,Tick,7200,7200,834.606700,115.918
4,1,phase:Approach,AI,7200,7200,109.967600,15.273
4,1,phase:Approach,AICommand,7200,7200,2.285300,0.317
4,1,phase:Approach,AIThink,7200,11520,7.585700,1.054
4,1,phase:Approach,AIDrive,7200,172800,77.009600,10.696
4,1,phase:Approach,AIEngage,7200,7200,16.969700,2.357
4,1,phase:Approach,Gunnery,7200,7200,0.567300,0.079
4,1,phase:Approach,ShipStep,7200,28800,292.993400,40.694
4,1,phase:Approach,Collision,7200,28800,212.250500,29.479
4,1,phase:Approach,Projectiles,7200,28800,1.031300,0.143
4,1,phase:Approach,Missiles,7200,28800,24.067400,3.343
4,1,phase:Approach,PointDefense,7200,28800,130.142200,18.075
4,1,phase:Approach,Drones,7200,28800,37.480000,5.206
4,1,phase:Approach,Sensors,7200,7200,6.263800,0.870
4,1,phase:Approach,Post,7200,28800,15.307500,2.126
4,1,phase:Missile,Tick,19800,19800,3230.877200,163.176
4,1,phase:Missile,AI,19800,19800,716.437500,36.184
4,1,phase:Missile,AICommand,19800,19800,7.170800,0.362
4,1,phase:Missile,AIThink,19800,31676,41.271000,2.084
4,1,phase:Missile,AIDrive,19800,475200,266.337700,13.451
4,1,phase:Missile,AIEngage,19800,19800,384.903800,19.440
4,1,phase:Missile,Gunnery,19800,19800,1.516400,0.077
4,1,phase:Missile,ShipStep,19800,79200,939.982700,47.474
4,1,phase:Missile,Collision,19800,79200,178.479700,9.014
4,1,phase:Missile,Projectiles,19800,79200,2.921200,0.148
4,1,phase:Missile,Missiles,19800,79200,344.043800,17.376
4,1,phase:Missile,PointDefense,19800,79200,692.539300,34.977
4,1,phase:Missile,Drones,19800,79200,278.222100,14.052
4,1,phase:Missile,Sensors,19800,19800,17.953300,0.907
4,1,phase:Missile,Post,19800,79200,46.470200,2.347
4,1,phase:Sniping,Tick,10800,10800,2083.246200,192.893
4,1,phase:Sniping,AI,10800,10800,526.850600,48.782
4,1,phase:Sniping,AICommand,10800,10800,4.170900,0.386
4,1,phase:Sniping,AIThink,10800,17201,41.148400,3.810
4,1,phase:Sniping,AIDrive,10800,258015,152.071800,14.081
4,1,phase:Sniping,AIEngage,10800,10800,320.267700,29.654
4,1,phase:Sniping,Gunnery,10800,10800,0.850200,0.079
4,1,phase:Sniping,ShipStep,10800,43200,500.700800,46.361
4,1,phase:Sniping,Collision,10800,43200,95.974300,8.887
4,1,phase:Sniping,Projectiles,10800,43200,34.588800,3.203
4,1,phase:Sniping,Missiles,10800,43200,246.195700,22.796
4,1,phase:Sniping,PointDefense,10800,43200,430.282300,39.841
4,1,phase:Sniping,Drones,10800,43200,203.658300,18.857
4,1,phase:Sniping,Sensors,10800,10800,9.897900,0.916
4,1,phase:Sniping,Post,10800,43200,27.527700,2.549
4,1,phase:Brawl,Tick,4025,4025,938.408900,233.145
4,1,phase:Brawl,AI,4025,4025,259.987900,64.593
4,1,phase:Brawl,AICommand,4025,4025,1.369600,0.340
4,1,phase:Brawl,AIThink,4025,5682,13.532600,3.362
4,1,phase:Brawl,AIDrive,4025,85146,56.318200,13.992
4,1,phase:Brawl,AIEngage,4025,4025,185.252300,46.025
4,1,phase:Brawl,Gunnery,4025,4025,0.347200,0.086
4,1,phase:Brawl,ShipStep,4025,16100,172.976300,42.975
4,1,phase:Brawl,Collision,4025,16100,38.039000,9.451
4,1,phase:Brawl,Projectiles,4025,16100,257.111400,63.879
4,1,phase:Brawl,Missiles,4025,16100,34.844400,8.657
4,1,phase:Brawl,PointDefense,4025,16100,138.559200,34.425
4,1,phase:Brawl,Drones,4025,16100,18.304500,4.548
4,1,phase:Brawl,Sensors,4025,4025,3.753900,0.933
4,1,phase:Brawl,Post,4025,16100,11.839600,2.942
4,1,time:0-300,Tick,18000,18000,2277.894900,126.550
4,1,time:0-300,AI,18000,18000,452.239200,25.124
4,1,time:0-300,AICommand,18000,18000,6.280100,0.349
4,1,time:0-300,AIThink,18000,28796,21.502400,1.195
4,1,time:0-300,AIDrive,18000,432000,220.933900,12.274
4,1,time:0-300,AIEngage,18000,18000,188.274500,10.460
4,1,time:0-300,Gunnery,18000,18000,1.394600,0.077
4,1,time:0-300,ShipStep,18000,72000,814.093700,45.227
4,1,time:0-300,Collision,18000,72000,310.124700,17.229
4,1,time:0-300,Projectiles,18000,72000,2.581600,0.143
4,1,time:0-300,Missiles,18000,72000,121.052500,6.725
4,1,time:0-300,PointDefense,18000,72000,382.809600,21.267
4,1,time:0-300,Drones,18000,72000,126.214600,7.012
4,1,time:0-300,Sensors,18000,18000,16.013100,0.890
4,1,time:0-300,Post,18000,72000,40.146300,2.230
4,1,time:300-540,Tick,14400,14400,3052.268200,211.963
4,1,time:300-540,AI,14400,14400,664.889200,46.173
4,1,time:300-540,AICommand,14400,14400,5.052200,0.351
4,1,time:300-540,AIThink,14400,23040,51.412400,3.570
4,1,time:300-540,AIDrive,14400,345600,200.673800,13.936
4,1,time:300-540,AIEngage,14400,14400,395.470500,27.463
4,1,time:300-540,Gunnery,14400,14400,1.094900,0.076
4,1,time:300-540,ShipStep,14400,57600,679.487700,47.187
4,1,time:300-540,Collision,14400,57600,128.955900,8.955
4,1,time:300-540,Projectiles,14400,57600,13.792200,0.958
4,1,time:300-540,Missiles,14400,57600,441.335300,30.648
4,1,time:300-540,PointDefense,14400,57600,726.010100,50.417
4,1,time:300-540,Drones,14400,57600,338.660400,23.518
4,1,time:300-540,Sensors,14400,14400,13.221900,0.918
4,1,time:300-540,Post,14400,57600,35.848400,2.489
4,1,time:540+,Tick,9425,9425,1756.975900,186.417
4,1,time:540+,AI,9425,9425,496.115200,52.638
4,1,time:540+,AICommand,9425,9425,3.664300,0.389
4,1,time:540+,AIThink,9425,14243,30.622900,3.249
4,1,time:540+,AIDrive,9425,213561,130.129600,13.807
4,1,time:540+,AIEngage,9425,9425,323.648500,34.339
4,1,time:540+,Gunnery,9425,9425,0.791600,0.084
4,1,time:540+,ShipStep,9425,37700,413.071800,43.827
4,1,time:540+,Collision,9425,37700,85.662900,9.089
4,1,time:540+,Projectiles,9425,37700,279.278900,29.632
4,1,time:540+,Missiles,9425,37700,86.763500,9.206
4,1,time:540+,PointDefense,9425,37700,282.703300,29.995
4,1,time:540+,Drones,9425,37700,72.789900,7.723
4,1,time:540+,Sensors,9425,9425,8.633900,0.916
4,1,time:540+,Post,9425,37700,25.150300,2.668
5,0,All,Tick,40987,40987,7267.826800,177.320
5,0,All,AI,40987,40987,1457.241600,35.554
5,0,All,AICommand,40987,40987,14.689900,0.358
5,0,All,AIThink,40987,62536,96.313900,2.350
5,0,All,AIDrive,40987,938059,530.765700,12.950
5,0,All,AIEngage,40987,40987,779.896200,19.028
5,0,All,Gunnery,40987,40987,3.159600,0.077
5,0,All,ShipStep,40987,163948,1846.605100,45.053
5,0,All,Collision,40987,163948,1160.091100,28.304
5,0,All,Projectiles,40987,163948,272.862200,6.657
5,0,All,Missiles,40987,163948,612.915600,14.954
5,0,All,PointDefense,40987,163948,1266.197100,30.893
5,0,All,Drones,40987,163948,476.392500,11.623
5,0,All,Sensors,40987,40987,37.372700,0.912
5,0,All,Post,40987,163948,107.866900,2.632
5,0,phase:Approach,Tick,5400,5400,613.764500,113.660
5,0,phase:Approach,AI,5400,5400,80.060900,14.826
5,0,phase:Approach,AICommand,5400,5400,1.670100,0.309
5,0,phase:Approach,AIThink,5400,8280,5.556100,1.029
5,0,phase:Approach,AIDrive,5400,124200,56.552500,10.473
5,0,phase:Approach,AIEngage,5400,5400,11.789500,2.183
5,0,phase:Approach,Gunnery,5400,5400,0.350200,0.065
5,0,phase:Approach,ShipStep,5400,21600,214.559000,39.733
5,0,phase:Approach,Collision,5400,21600,162.197100,30.036
5,0,phase:Approach,Projectiles,5400,21600,0.712300,0.132
5,0,phase:Approach,Missiles,5400,21600,16.776400,3.107
5,0,phase:Approach,PointDefense,5400,21600,92.275000,17.088
5,0,phase:Approach,Drones,5400,21600,27.027300,5.005
5,0,phase:Approach,Sensors,5400,5400,4.607300,0.853
5,0,phase:Approach,Post,5400,21600,11.789400,2.183
5,0,phase:Missile,Tick,23400,23400,3814.702700,163.021
5,0,phase:Missile,AI,23400,23400,822.521800,35.151
5,0,phase:Missile,AICommand,23400,23400,8.258600,0.353
5,0,phase:Missile,AIThink,23400,35877,54.499400,2.329
5,0,phase:Missile,AIDrive,23400,538200,311.606900,13.317
5,0,phase:Missile,AIEngage,23400,23400,428.100500,18.295
5,0,phase:Missile,Gunnery,23400,23400,1.815900,0.078
5,0,phase:Missile,ShipStep,23400,93600,1096.021300,46.839
5,0,phase:Missile,Collision,23400,93600,349.998900,14.957
5,0,phase:Missile,Projectiles,23400,93600,3.491100,0.149
5,0,phase:Missile,Missiles,23400,93600,394.753700,16.870
5,0,phase:Missile,PointDefense,23400,93600,733.281300,31.337
5,0,phase:Missile,Drones,23400,93600,314.028500,13.420
5,0,phase:Missile,Sensors,23400,23400,21.026300,0.899
5,0,phase:Missile,Post,23400,93600,61.853500,2.643
5,0,phase:Gunnery,Tick,3600,3600,613.593600,170.443
5,0,phase:Gunnery,AI,3600,3600,142.112600,39.476
5,0,phase:Gunnery,AICommand,3600,3600,1.364900,0.379
5,0,phase:Gunnery,AIThink,3600,5400,9.992700,2.776
5,0,phase:Gunnery,AIDrive,3600,81000,45.831500,12.731
5,0,phase:Gunnery,AIEngage,3600,3600,81.827000,22.730
5,0,phase:Gunnery,Gunnery,3600,3600,0.280900,0.078
5,0,phase:Gunnery,ShipStep,3600,14400,155.292500,43.137
5,0,phase:Gunnery,Collision,3600,14400,52.801900,14.667
5,0,phase:Gunnery,Projectiles,3600,14400,27.889500,7.747
5,0,phase:Gunnery,Missiles,3600,14400,56.121500,15.589
5,0,phase:Gunnery,PointDefense,3600,14400,120.620600,33.506
5,0,phase:Gunnery,Drones,3600,14400,42.757000,11.877
5,0,phase:Gunnery,Sensors,3600,3600,3.123500,0.868
5,0,phase:Gunnery,Post,3600,14400,10.353100,2.876
5,0,phase:Sniping,Tick,5400,5400,1377.638300,255.118
5,0,phase:Sniping,AI,5400,5400,196.956200,36.473
5,0,phase:Sniping,AICommand,5400,5400,2.250300,0.417
5,0,phase:Sniping,AIThink,5400,8321,14.862700,2.752
5,0,phase:Sniping,AIDrive,5400,124816,69.756700,12.918
5,0,phase:Sniping,AIEngage,5400,5400,105.135200,19.469
5,0,phase:Sniping,Gunnery,5400,5400,0.441600,0.082
5,0,phase:Sniping,ShipStep,5400,21600,245.361200,45.437
5,0,phase:Sniping,Collision,5400,21600,545.788900,101.072
5,0,phase:Sniping,Projectiles,5400,21600,22.893000,4.239
5,0,phase:Sniping,Missiles,5400,21600,93.113800,17.243
5,0,phase:Sniping,PointDefense,5400,21600,177.847700,32.935
5,0,phase:Sniping,Drones,5400,21600,72.539500,13.433
5,0,phase:Sniping,Sensors,5400,5400,5.556800,1.029
5,0,phase:Sniping,Post,5400,21600,13.763600,2.549
5,0,phase:Brawl,Tick,3187,3187,848.127700,266.121
5,0,phase:Brawl,AI,3187,3187,215.590100,67.647
5,0,phase:Brawl,AICommand,3187,3187,1.146000,0.360
5,0,phase:Brawl,AIThink,3187,4658,11.403000,3.578
5,0,phase:Brawl,AIDrive,3187,69843,47.018100,14.753
5,0,phase:Brawl,AIEngage,3187,3187,153.044000,48.021
5,0,phase:Brawl,Gunnery,3187,3187,0.271000,0.085
5,0,phase:Brawl,ShipStep,3187,12748,135.371100,42.476
5,0,phase:Brawl,Collision,3187,12748,49.304300,15.470
5,0,phase:Brawl,Projectiles,3187,12748,217.876300,68.364
5,0,phase:Brawl,Missiles,3187,12748,52.150200,16.363
5,0,phase:Brawl,PointDefense,3187,12748,142.172500,44.610
5,0,phase:Brawl,Drones,3187,12748,20.040200,6.288
5,0,phase:Brawl,Sensors,3187,3187,3.058800,0.960
5,0,phase:Brawl,Post,3187,12748,10.107300,3.171
5,0,time:0-300,Tick,18000,18000,2648.516800,147.140
5,0,time:0-300,AI,18000,18000,391.717500,21.762
5,0,time:0-300,AICommand,18000,18000,6.010200,0.334
5,0,time:0-300,AIThink,18000,27654,20.687600,1.149
5,0,time:0-300,AIDrive,18000,414858,210.384300,11.688
5,0,time:0-300,AIEngage,18000,18000,139.586800,7.755
5,0,time:0-300,Gunnery,18000,18000,1.271500,0.071
5,0,time:0-300,ShipStep,18000,72000,772.146800,42.897
5,0,time:0-300,Collision,18000,72000,811.575400,45.088
5,0,time:0-300,Projectiles,18000,72000,2.658600,0.148
5,0,time:0-300,Missiles,18000,72000,111.909400,6.217
5,0,time:0-300,PointDefense,18000,72000,366.357400,20.353
5,0,time:0-300,Drones,18000,72000,121.260000,6.737
5,0,time:0-300,Sensors,18000,18000,15.993800,0.889
5,0,time:0-300,Post,18000,72000,42.198700,2.344
5,0,time:300-540,Tick,14400,14400,2837.629800,197.058
5,0,time:300-540,AI,14400,14400,631.492600,43.854
5,0,time:300-540,AICommand,14400,14400,5.510300,0.383
5,0,time:300-540,AIThink,14400,22080,48.858900,3.393
5,0,time:300-540,AIDrive,14400,331200,203.207200,14.112
5,0,time:300-540,AIEngage,14400,14400,361.158700,25.080
5,0,time:300-540,Gunnery,14400,14400,1.169500,0.081
5,0,time:300-540,ShipStep,14400,57600,703.623700,48.863
5,0,time:300-540,Collision,14400,57600,219.818000,15.265
5,0,time:300-540,Projectiles,14400,57600,2.188400,0.152
5,0,time:300-540,Missiles,14400,57600,366.362600,25.442
5,0,time:300-540,PointDefense,14400,57600,577.233700,40.086
5,0,time:300-540,Drones,14400,57600,271.524100,18.856
5,0,time:300-540,Sensors,14400,14400,13.538600,0.940
5,0,time:300-540,Post,14400,57600,40.513200,2.813
5,0,time:540+,Tick,8587,8587,1781.680200,207.486
5,0,time:540+,AI,8587,8587,434.031500,50.545
5,0,time:540+,AICommand,8587,8587,3.169400,0.369
5,0,time:540+,AIThink,8587,12802,26.767400,3.117
5,0,time:540+,AIDrive,8587,192001,117.174200,13.646
5,0,time:540+,AIEngage,8587,8587,279.150700,32.509
5,0,time:540+,Gunnery,8587,8587,0.718600,0.084
5,0,time:540+,ShipStep,8587,34348,370.834600,43.186
5,0,time:540+,Collision,8587,34348,128.697700,14.988
5,0,time:540+,Projectiles,8587,34348,268.015200,31.212
5,0,time:540+,Missiles,8587,34348,134.643600,15.680
5,0,time:540+,PointDefense,8587,34348,322.606000,37.569
5,0,time:540+,Drones,8587,34348,83.608400,9.737
5,0,time:540+,Sensors,8587,8587,7.840300,0.913
5,0,time:540+,Post,8587,34348,25.155000,2.929
5,1,All,Tick,41573,41573,7351.154600,176.825
5,1,All,AI,41573,41573,1555.030500,37.405
5,1,All,AICommand,41573,41573,14.788400,0.356
5,1,All,AIThink,41573,65835,104.715100,2.519
5,1,All,AIDrive,41573,987573,544.246200,13.091
5,1,All,AIEngage,41573,41573,854.962800,20.565
5,1,All,Gunnery,41573,41573,3.411800,0.082
5,1,All,ShipStep,41573,166292,1887.653700,45.406
5,1,All,Collision,41573,166292,709.548900,17.068
5,1,All,Projectiles,41573,166292,347.990600,8.371
5,1,All,Missiles,41573,166292,728.445600,17.522
5,1,All,PointDefense,41573,166292,1382.607500,33.257
5,1,All,Drones,41573,166292,563.740000,13.560
5,1,All,Sensors,41573,41573,37.459200,0.901
5,1,All,Post,41573,166292,107.842600,2.594
5,1,phase:Approach,Tick,9000,9000,1089.773800,121.086
5,1,phase:Approach,AI,9000,9000,135.157300,15.017
5,1,phase:Approach,AICommand,9000,9000,2.726900,0.303
5,1,phase:Approach,AIThink,9000,14396,9.288800,1.032
5,1,phase:Approach,AIDrive,9000,216000,95.666000,10.630
5,1,phase:Approach,AIEngage,9000,9000,20.042900,2.227
5,1,phase:Approach,Gunnery,9000,9000,0.668300,0.074
5,1,phase:Approach,ShipStep,9000,36000,365.075000,40.564
5,1,phase:Approach,Collision,9000,36000,316.231800,35.137
5,1,phase:Approach,Projectiles,9000,36000,1.247500,0.139
5,1,phase:Approach,Missiles,9000,36000,29.447000,3.272
5,1,phase:Approach,PointDefense,9000,36000,162.163000,18.018
5,1,phase:Approach,Drones,9000,36000,46.452300,5.161
5,1,phase:Approach,Sensors,9000,9000,7.735200,0.859
5,1,phase:Approach,Post,9000,36000,20.084900,2.232
5,1,phase:Missile,Tick,23400,23400,4075.603200,174.171
5,1,phase:Missile,AI,23400,23400,858.855000,36.703
5,1,phase:Missile,AICommand,23400,23400,8.553000,0.366
5,1,phase:Missile,AIThink,23400,37440,59.729700,2.553
5,1,phase:Missile,AIDrive,23400,561600,314.974100,13.460
5,1,phase:Missile,AIEngage,23400,23400,455.211500,19.453
5,1,phase:Missile,Gunnery,23400,23400,1.899400,0.081
5,1,phase:Missile,ShipStep,23400,93600,1088.791900,46.530
5,1,phase:Missile,Collision,23400,93600,306.759600,13.109
5,1,phase:Missile,Projectiles,23400,93600,3.384000,0.145
5,1,phase:Missile,Missiles,23400,93600,481.411500,20.573
5,1,phase:Missile,PointDefense,23400,93600,865.943000,37.006
5,1,phase:Missile,Drones,23400,93600,372.300200,15.910
5,1,phase:Missile,Sensors,23400,23400,20.901000,0.893
5,1,phase:Missile,Post,23400,93600,59.745100,2.553
5,1,phase:Gunnery,Tick,1800,1800,443.346700,246.304
5,1,phase:Gunnery,AI,1800,1800,98.479100,54.711
5,1,phase:Gunnery,AICommand,1800,1800,0.661000,0.367
5,1,phase:Gunnery,AIThink,1800,2880,6.227100,3.459
5,1,phase:Gunnery,AIDrive,1800,43200,26.582200,14.768
5,1,phase:Gunnery,AIEngage,1800,1800,63.297000,35.165
5,1,phase:Gunnery,Gunnery,1800,1800,0.157400,0.087
5,1,phase:Gunnery,ShipStep,1800,7200,92.939600,51.633
5,1,phase:Gunnery,Collision,1800,7200,16.894100,9.386
5,1,phase:Gunnery,Projectiles,1800,7200,10.160800,5.645
5,1,phase:Gunnery,Missiles,1800,7200,76.926700,42.737
5,1,phase:Gunnery,PointDefense,1800,7200,92.297600,51.276
5,1,phase:Gunnery,Drones,1800,7200,47.422600,26.346
5,1,phase:Gunnery,Sensors,1800,1800,1.777000,0.987
5,1,phase:Gunnery,Post,1800,7200,5.081600,2.823
5,1,phase:Sniping,Tick,3773,3773,904.994400,239.861
5,1,phase:Sniping,AI,3773,3773,235.189100,62.335
5,1,phase:Sniping,AICommand,3773,3773,1.505900,0.399
5,1,phase:Sniping,AIThink,3773,5910,14.379000,3.811
5,1,phase:Sniping,AIDrive,3773,88638,55.262700,14.647
5,1,phase:Sniping,AIEngage,3773,3773,160.583500,42.561
5,1,phase:Sniping,Gunnery,3773,3773,0.335100,0.089
5,1,phase:Sniping,ShipStep,3773,15092,180.985700,47.969
5,1,phase:Sniping,Collision,3773,15092,35.227300,9.337
5,1,phase:Sniping,Projectiles,3773,15092,148.325300,39.312
5,1,phase:Sniping,Missiles,3773,15092,81.337500,21.558
5,1,phase:Sniping,PointDefense,3773,15092,138.670400,36.753
5,1,phase:Sniping,Drones,3773,15092,66.938400,17.741
5,1,phase:Sniping,Sensors,3773,3773,3.619000,0.959
5,1,phase:Sniping,Post,3773,15092,11.751300,3.115
5,1,phase:Brawl,Tick,3600,3600,837.436500,232.621
5,1,phase:Brawl,AI,3600,3600,227.350000,63.153
5,1,phase:Brawl,AICommand,3600,3600,1.341600,0.373
5,1,phase:Brawl,AIThink,3600,5209,15.090500,4.192
5,1,phase:Brawl,AIDrive,3600,78135,51.761200,14.378
5,1,phase:Brawl,AIEngage,3600,3600,155.827900,43.286
5,1,phase:Brawl,Gunnery,3600,3600,0.351600,0.098
5,1,phase:Brawl,ShipStep,3600,14400,159.861500,44.406
5,1,phase:Brawl,Collision,3600,14400,34.436100,9.566
5,1,phase:Brawl,Projectiles,3600,14400,184.873000,51.354
5,1,phase:Brawl,Missiles,3600,14400,59.322900,16.479
5,1,phase:Brawl,PointDefense,3600,14400,123.533500,34.315
5,1,phase:Brawl,Drones,3600,14400,30.626500,8.507
5,1,phase:Brawl,Sensors,3600,3600,3.427000,0.952
5,1,phase:Brawl,Post,3600,14400,11.179700,3.105
5,1,time:0-300,Tick,18000,18000,2177.377300,120.965
5,1,time:0-300,AI,18000,18000,352.478000,19.582
5,1,time:0-300,AICommand,18000,18000,5.805000,0.323
5,1,time:0-300,AIThink,18000,28796,20.753000,1.153
5,1,time:0-300,AIDrive,18000,432000,207.216300,11.512
5,1,time:0-300,AIEngage,18000,18000,103.741700,5.763
5,1,time:0-300,Gunnery,18000,18000,1.327300,0.074
5,1,time:0-300,ShipStep,18000,72000,753.823300,41.879
5,1,time:0-300,Collision,18000,72000,397.140700,22.063
5,1,time:0-300,Projectiles,18000,72000,2.522900,0.140
5,1,time:0-300,Missiles,18000,72000,107.254200,5.959
5,1,time:0-300,PointDefense,18000,72000,372.725400,20.707
5,1,time:0-300,Drones,18000,72000,122.129000,6.785
5,1,time:0-300,Sensors,18000,18000,15.375600,0.854
5,1,time:0-300,Post,18000,72000,41.242000,2.291
5,1,time:300-540,Tick,14400,14400,2987.999700,207.500
5,1,time:300-540,AI,14400,14400,641.534300,44.551
5,1,time:300-540,AICommand,14400,14400,5.474900,0.380
5,1,time:300-540,AIThink,14400,23040,48.265500,3.352
5,1,time:300-540,AIDrive,14400,345600,203.423800,14.127
5,1,time:300-540,AIEngage,14400,14400,371.512700,25.799
5,1,time:300-540,Gunnery,14400,14400,1.240400,0.086
5,1,time:300-540,ShipStep,14400,57600,700.043600,48.614
5,1,time:300-540,Collision,14400,57600,225.850700,15.684
5,1,time:300-540,Projectiles,14400,57600,2.108600,0.146
5,1,time:300-540,Missiles,14400,57600,403.604300,28.028
5,1,time:300-540,PointDefense,14400,57600,655.380600,45.513
5,1,time:300-540,Drones,14400,57600,296.623500,20.599
5,1,time:300-540,Sensors,14400,14400,13.260600,0.921
5,1,time:300-540,Post,14400,57600,38.588000,2.680
5,1,time:540+,Tick,9173,9173,2185.777600,238.284
5,1,time:540+,AI,9173,9173,561.018200,61.160
5,1,time:540+,AICommand,9173,9173,3.508500,0.382
5,1,time:540+,AIThink,9173,13999,35.696600,3.891
5,1,time:540+,AIDrive,9173,209973,133.606100,14.565
5,1,time:540+,AIEngage,9173,9173,379.708400,41.394
5,1,time:540+,Gunnery,9173,9173,0.844100,0.092
5,1,time:540+,ShipStep,9173,36692,433.786800,47.290
5,1,time:540+,Collision,9173,36692,86.557500,9.436
5,1,time:540+,Projectiles,9173,36692,343.359100,37.431
5,1,time:540+,Missiles,9173,36692,217.587100,23.720
5,1,time:540+,PointDefense,9173,36692,354.501500,38.646
5,1,time:540+,Drones,9173,36692,144.987500,15.806
5,1,time:540+,Sensors,9173,9173,8.823000,0.962
5,1,time:540+,Post,9173,36692,28.012600,3.054
6,0,All,Tick,40779,40779,7364.964100,180.607
6,0,All,AI,40779,40779,1426.443100,34.980
6,0,All,AICommand,40779,40779,15.059600,0.369
6,0,All,AIThink,40779,64493,98.478900,2.415
6,0,All,AIDrive,40779,967347,527.290600,12.930
6,0,All,AIEngage,40779,40779,749.651800,18.383
6,0,All,Gunnery,40779,40779,3.315000,0.081
6,0,All,ShipStep,40779,163116,1827.649100,44.818
6,0,All,Collision,40779,163116,873.463200,21.419
6,0,All,Projectiles,40779,163116,350.128600,8.586
6,0,All,Missiles,40779,163116,751.136400,18.420
6,0,All,PointDefense,40779,163116,1397.966700,34.282
6,0,All,Drones,40779,163116,561.716400,13.775
6,0,All,Sensors,40779,40779,39.055600,0.958
6,0,All,Post,40779,163116,107.091800,2.626
6,0,phase:Approach,Tick,10800,10800,1531.840500,141.837
6,0,phase:Approach,AI,10800,10800,169.335000,15.679
6,0,phase:Approach,AICommand,10800,10800,3.914500,0.362
6,0,phase:Approach,AIThink,10800,17276,11.670600,1.081
6,0,phase:Approach,AIDrive,10800,259200,119.114600,11.029
6,0,phase:Approach,AIEngage,10800,10800,25.052800,2.320
6,0,phase:Approach,Gunnery,10800,10800,0.816400,0.076
6,0,phase:Approach,ShipStep,10800,43200,444.742500,41.180
6,0,phase:Approach,Collision,10800,43200,576.913500,53.418
6,0,phase:Approach,Projectiles,10800,43200,1.640900,0.152
6,0,phase:Approach,Missiles,10800,43200,36.296000,3.361
6,0,phase:Approach,PointDefense,10800,43200,202.232700,18.725
6,0,phase:Approach,Drones,10800,43200,57.478100,5.322
6,0,phase:Approach,Sensors,10800,10800,10.135000,0.938
6,0,phase:Approach,Post,10800,43200,25.466700,2.358
6,0,phase:Missile,Tick,19800,19800,3457.454600,174.619
6,0,phase:Missile,AI,19800,19800,709.322600,35.824
6,0,phase:Missile,AICommand,19800,19800,7.191300,0.363
6,0,phase:Missile,AIThink,19800,31680,53.230800,2.688
6,0,phase:Missile,AIDrive,19800,475200,276.422100,13.961
6,0,phase:Missile,AIEngage,19800,19800,354.824200,17.920
6,0,phase:Missile,Gunnery,19800,19800,1.649500,0.083
6,0,phase:Missile,ShipStep,19800,79200,923.750700,46.654
6,0,phase:Missile,Collision,19800,79200,195.941800,9.896
6,0,phase:Missile,Projectiles,19800,79200,3.143900,0.159
6,0,phase:Missile,Missiles,19800,79200,434.769700,21.958
6,0,phase:Missile,PointDefense,19800,79200,771.636100,38.972
6,0,phase:Missile,Drones,19800,79200,332.766500,16.806
6,0,phase:Missile,Sensors,19800,19800,19.170700,0.968
6,0,phase:Missile,Post,19800,79200,52.115300,2.632
6,0,phase:Gunnery,Tick,5400,5400,1269.738200,235.137
6,0,phase:Gunnery,AI,5400,5400,276.979500,51.292
6,0,phase:Gunnery,AICommand,5400,5400,2.152900,0.399
6,0,phase:Gunnery,AIThink,5400,8280,18.391100,3.406
6,0,phase:Gunnery,AIDrive,5400,124200,68.859400,12.752
6,0,phase:Gunnery,AIEngage,5400,5400,182.906800,33.872
6,0,phase:Gunnery,Gunnery,5400,5400,0.451500,0.084
6,0,phase:Gunnery,ShipStep,5400,21600,244.219400,45.226
6,0,phase:Gunnery,Collision,5400,21600,53.704200,9.945
6,0,phase:Gunnery,Projectiles,5400,21600,173.966500,32.216
6,0,phase:Gunnery,Missiles,5400,21600,161.769900,29.957
6,0,phase:Gunnery,PointDefense,5400,21600,236.045100,43.712
6,0,phase:Gunnery,Drones,5400,21600,98.025800,18.153
6,0,phase:Gunnery,Sensors,5400,5400,5.257700,0.974
6,0,phase:Gunnery,Post,5400,21600,15.635900,2.896
6,0,phase:Sniping,Tick,4779,4779,1105.930800,231.415
6,0,phase:Sniping,AI,4779,4779,270.806000,56.666
6,0,phase:Sniping,AICommand,4779,4779,1.800900,0.377
6,0,phase:Sniping,AIThink,4779,7257,15.186400,3.178
6,0,phase:Sniping,AIDrive,4779,108747,62.894500,13.161
6,0,phase:Sniping,AIEngage,4779,4779,186.868000,39.102
6,0,phase:Sniping,Gunnery,4779,4779,0.397600,0.083
6,0,phase:Sniping,ShipStep,4779,19116,214.936500,44.975
6,0,phase:Sniping,Collision,4779,19116,46.903700,9.815
6,0,phase:Sniping,Projectiles,4779,19116,171.377300,35.860
6,0,phase:Sniping,Missiles,4779,19116,118.300800,24.754
6,0,phase:Sniping,PointDefense,4779,19116,188.052800,39.350
6,0,phase:Sniping,Drones,4779,19116,73.446000,15.368
6,0,phase:Sniping,Sensors,4779,4779,4.492200,0.940
6,0,phase:Sniping,Post,4779,19116,13.873900,2.903
6,0,time:0-300,Tick,18000,18000,2477.938700,137.663
6,0,time:0-300,AI,18000,18000,375.410700,20.856
6,0,time:0-300,AICommand,18000,18000,6.149200,0.342
6,0,time:0-300,AIThink,18000,28796,21.204300,1.178
6,0,time:0-300,AIDrive,18000,432000,216.711500,12.040
6,0,time:0-300,AIEngage,18000,18000,115.553800,6.420
6,0,time:0-300,Gunnery,18000,18000,1.385100,0.077
6,0,time:0-300,ShipStep,18000,72000,775.955100,43.109
6,0,time:0-300,Collision,18000,72000,643.097100,35.728
6,0,time:0-300,Projectiles,18000,72000,2.711100,0.151
6,0,time:0-300,Missiles,18000,72000,106.257000,5.903
6,0,time:0-300,PointDefense,18000,72000,382.897300,21.272
6,0,time:0-300,Drones,18000,72000,120.152300,6.675
6,0,time:0-300,Sensors,18000,18000,16.374900,0.910
6,0,time:0-300,Post,18000,72000,42.420000,2.357
6,0,time:300-540,Tick,14400,14400,2994.092000,207.923
6,0,time:300-540,AI,14400,14400,600.787200,41.721
6,0,time:300-540,AICommand,14400,14400,5.648100,0.392
6,0,time:300-540,AIThink,14400,23040,51.529500,3.578
6,0,time:300-540,AIDrive,14400,345600,204.534400,14.204
6,0,time:300-540,AIEngage,14400,14400,326.020600,22.640
6,0,time:300-540,Gunnery,14400,14400,1.234100,0.086
6,0,time:300-540,ShipStep,14400,57600,681.062700,47.296
6,0,time:300-540,Collision,14400,57600,147.307800,10.230
6,0,time:300-540,Projectiles,14400,57600,3.071900,0.213
6,0,time:300-540,Missiles,14400,57600,454.883400,31.589
6,0,time:300-540,PointDefense,14400,57600,712.233000,49.461
6,0,time:300-540,Drones,14400,57600,329.070200,22.852
6,0,time:300-540,Sensors,14400,14400,14.539700,1.010
6,0,time:300-540,Post,14400,57600,39.991300,2.777
6,0,time:540+,Tick,8379,8379,1892.933400,225.914
6,0,time:540+,AI,8379,8379,450.245200,53.735
6,0,time:540+,AICommand,8379,8379,3.262300,0.389
6,0,time:540+,AIThink,8379,12657,25.745100,3.073
6,0,time:540+,AIDrive,8379,189747,106.044700,12.656
6,0,time:540+,AIEngage,8379,8379,308.077400,36.768
6,0,time:540+,Gunnery,8379,8379,0.695800,0.083
6,0,time:540+,ShipStep,8379,33516,370.631300,44.233
6,0,time:540+,Collision,8379,33516,83.058300,9.913
6,0,time:540+,Projectiles,8379,33516,344.345600,41.096
6,0,time:540+,Missiles,8379,33516,189.996000,22.675
6,0,time:540+,PointDefense,8379,33516,302.836400,36.142
6,0,time:540+,Drones,8379,33516,112.493900,13.426
6,0,time:540+,Sensors,8379,8379,8.141000,0.972
6,0,time:540+,Post,8379,33516,24.680500,2.946
6,1,All,Tick,42301,42301,7847.070200,185.506
6,1,All,AI,42301,42301,1615.693000,38.195
6,1,All,AICommand,42301,42301,14.967600,0.354
6,1,All,AIThink,42301,66731,107.134800,2.533
6,1,All,AIDrive,42301,1000952,564.028100,13.334
6,1,All,AIEngage,42301,42301,891.076900,21.065
6,1,All,Gunnery,42301,42301,3.455400,0.082
6,1,All,ShipStep,42301,169204,1910.972900,45.176
6,1,All,Collision,42301,169204,918.687400,21.718
6,1,All,Projectiles,42301,169204,404.726900,9.568
6,1,All,Missiles,42301,169204,747.589400,17.673
6,1,All,PointDefense,42301,169204,1489.633500,35.215
6,1,All,Drones,42301,169204,578.224000,13.669
6,1,All,Sensors,42301,42301,38.274700,0.905
6,1,All,Post,42301,169204,111.752000,2.642
6,1,phase:Approach,Tick,10800,10800,1609.423900,149.021
6,1,phase:Approach,AI,10800,10800,184.283500,17.063
6,1,phase:Approach,AICommand,10800,10800,3.390900,0.314
6,1,phase:Approach,AIThink,10800,17276,11.816400,1.094
6,1,phase:Approach,AIDrive,10800,259200,121.289900,11.231
6,1,phase:Approach,AIEngage,10800,10800,38.462100,3.561
6,1,phase:Approach,Gunnery,10800,10800,0.866400,0.080
6,1,phase:Approach,ShipStep,10800,43200,442.795100,41.000
6,1,phase:Approach,Collision,10800,43200,619.499700,57.361
6,1,phase:Approach,Projectiles,10800,43200,1.700000,0.157
6,1,phase:Approach,Missiles,10800,43200,51.063000,4.728
6,1,phase:Approach,PointDefense,10800,43200,206.446000,19.115
6,1,phase:Approach,Drones,10800,43200,62.193500,5.759
6,1,phase:Approach,Sensors,10800,10800,9.279700,0.859
6,1,phase:Approach,Post,10800,43200,24.645800,2.282
6,1,phase:Missile,Tick,18000,18000,3071.038100,170.613
6,1,phase:Missile,AI,18000,18000,662.373900,36.799
6,1,phase:Missile,AICommand,18000,18000,6.648500,0.369
6,1,phase:Missile,AIThink,18000,28800,45.651200,2.536
6,1,phase:Missile,AIDrive,18000,432000,250.016500,13.890
6,1,phase:Missile,AIEngage,18000,18000,343.429800,19.079
6,1,phase:Missile,Gunnery,18000,18000,1.426100,0.079
6,1,phase:Missile,ShipStep,18000,72000,856.450200,47.581
6,1,phase:Missile,Collision,18000,72000,171.676500,9.538
6,1,phase:Missile,Projectiles,18000,72000,2.846800,0.158
6,1,phase:Missile,Missiles,18000,72000,352.117500,19.562
6,1,phase:Missile,PointDefense,18000,72000,671.658800,37.314
6,1,phase:Missile,Drones,18000,72000,276.648100,15.369
6,1,phase:Missile,Sensors,18000,18000,16.854000,0.936
6,1,phase:Missile,Post,18000,72000,46.941400,2.608
6,1,phase:Gunnery,Tick,1800,1800,501.196000,278.442
6,1,phase:Gunnery,AI,1800,1800,96.716800,53.732
6,1,phase:Gunnery,AICommand,1800,1800,0.662200,0.368
6,1,phase:Gunnery,AIThink,1800,2880,6.441000,3.578
6,1,phase:Gunnery,AIDrive,1800,43200,25.858000,14.366
6,1,phase:Gunnery,AIEngage,1800,1800,62.059000,34.477
6,1,phase:Gunnery,Gunnery,1800,1800,0.154700,0.086
6,1,phase:Gunnery,ShipStep,1800,7200,90.274600,50.153
6,1,phase:Gunnery,Collision,1800,7200,16.599900,9.222
6,1,phase:Gunnery,Projectiles,1800,7200,0.715500,0.397
6,1,phase:Gunnery,Missiles,1800,7200,90.469100,50.261
6,1,phase:Gunnery,PointDefense,1800,7200,143.780500,79.878
6,1,phase:Gunnery,Drones,1800,7200,53.594000,29.774
6,1,phase:Gunnery,Sensors,1800,1800,1.631900,0.907
6,1,phase:Gunnery,Post,1800,7200,5.873600,3.263
6,1,phase:Sniping,Tick,7200,7200,1778.692400,247.041
6,1,phase:Sniping,AI,7200,7200,431.241600,59.895
6,1,phase:Sniping,AICommand,7200,7200,2.778700,0.386
6,1,phase:Sniping,AIThink,7200,11275,27.461500,3.814
6,1,phase:Sniping,AIDrive,7200,169120,104.170000,14.468
6,1,phase:Sniping,AIEngage,7200,7200,290.088300,40.290
6,1,phase:Sniping,Gunnery,7200,7200,0.630900,0.088
6,1,phase:Sniping,ShipStep,7200,28800,336.095600,46.680
6,1,phase:Sniping,Collision,7200,28800,68.177600,9.469
6,1,phase:Sniping,Projectiles,7200,28800,185.251300,25.729
6,1,phase:Sniping,Missiles,7200,28800,209.603900,29.112
6,1,phase:Sniping,PointDefense,7200,28800,354.902500,49.292
6,1,phase:Sniping,Drones,7200,28800,160.452300,22.285
6,1,phase:Sniping,Sensors,7200,7200,6.520100,0.906
6,1,phase:Sniping,Post,7200,28800,20.957800,2.911
6,1,phase:Brawl,Tick,4501,4501,886.719800,197.005
6,1,phase:Brawl,AI,4501,4501,241.077200,53.561
6,1,phase:Brawl,AICommand,4501,4501,1.487300,0.330
6,1,phase:Brawl,AIThink,4501,6500,15.764700,3.502
6,1,phase:Brawl,AIDrive,4501,97432,62.693700,13.929
6,1,phase:Brawl,AIEngage,4501,4501,157.037700,34.890
6,1,phase:Brawl,Gunnery,4501,4501,0.377300,0.084
6,1,phase:Brawl,ShipStep,4501,18004,185.357400,41.181
6,1,phase:Brawl,Collision,4501,18004,42.733700,9.494
6,1,phase:Brawl,Projectiles,4501,18004,214.213300,47.592
6,1,phase:Brawl,Missiles,4501,18004,44.335900,9.850
6,1,phase:Brawl,PointDefense,4501,18004,112.845700,25.071
6,1,phase:Brawl,Drones,4501,18004,25.336100,5.629
6,1,phase:Brawl,Sensors,4501,4501,3.989000,0.886
6,1,phase:Brawl,Post,4501,18004,13.333400,2.962
6,1,time:0-300,Tick,18000,18000,2533.650100,140.758
6,1,time:0-300,AI,18000,18000,369.671900,20.537
6,1,time:0-300,AICommand,18000,18000,5.828100,0.324
6,1,time:0-300,AIThink,18000,28796,20.972800,1.165
6,1,time:0-300,AIDrive,18000,432000,215.869800,11.993
6,1,time:0-300,AIEngage,18000,18000,111.231200,6.180
6,1,time:0-300,Gunnery,18000,18000,1.397700,0.078
6,1,time:0-300,ShipStep,18000,72000,765.474600,42.526
6,1,time:0-300,Collision,18000,72000,688.905600,38.273
6,1,time:0-300,Projectiles,18000,72000,2.803900,0.156
6,1,time:0-300,Missiles,18000,72000,122.525700,6.807
6,1,time:0-300,PointDefense,18000,72000,385.262500,21.403
6,1,time:0-300,Drones,18000,72000,127.726600,7.096
6,1,time:0-300,Sensors,18000,18000,15.747300,0.875
6,1,time:0-300,Post,18000,72000,42.682000,2.371
6,1,time:300-540,Tick,14400,14400,3119.843300,216.656
6,1,time:300-540,AI,14400,14400,665.907500,46.244
6,1,time:300-540,AICommand,14400,14400,5.497100,0.382
6,1,time:300-540,AIThink,14400,23040,50.103100,3.479
6,1,time:300-540,AIDrive,14400,345600,207.481100,14.408
6,1,time:300-540,AIEngage,14400,14400,389.237700,27.030
6,1,time:300-540,Gunnery,14400,14400,1.204100,0.084
6,1,time:300-540,ShipStep,14400,57600,710.588600,49.346
6,1,time:300-540,Collision,14400,57600,136.355700,9.469
6,1,time:300-540,Projectiles,14400,57600,2.706800,0.188
6,1,time:300-540,Missiles,14400,57600,452.891200,31.451
6,1,time:300-540,PointDefense,14400,57600,769.057000,53.407
6,1,time:300-540,Drones,14400,57600,317.876900,22.075
6,1,time:300-540,Sensors,14400,14400,13.712700,0.952
6,1,time:300-540,Post,14400,57600,39.744100,2.760
6,1,time:540+,Tick,9901,9901,2193.576800,221.551
6,1,time:540+,AI,9901,9901,580.113600,58.591
6,1,time:540+,AICommand,9901,9901,3.642400,0.368
6,1,time:540+,AIThink,9901,14895,36.058900,3.642
6,1,time:540+,AIDrive,9901,223352,140.677200,14.208
6,1,time:540+,AIEngage,9901,9901,390.608000,39.451
6,1,time:540+,Gunnery,9901,9901,0.853600,0.086
6,1,time:540+,ShipStep,9901,39604,434.909700,43.926
6,1,time:540+,Collision,9901,39604,93.426100,9.436
6,1,time:540+,Projectiles,9901,39604,399.216200,40.321
6,1,time:540+,Missiles,9901,39604,172.172500,17.389
6,1,time:540+,PointDefense,9901,39604,335.314000,33.867
6,1,time:540+,Drones,9901,39604,132.620500,13.395
6,1,time:540+,Sensors,9901,9901,8.814700,0.890
6,1,time:540+,Post,9901,39604,29.325900,2.962
7,0,All,Tick,41312,41312,6923.352900,167.587
7,0,All,AI,41312,41312,1572.081000,38.054
7,0,All,AICommand,41312,41312,14.070300,0.341
7,0,All,AIThink,41312,65386,100.476800,2.432
7,0,All,AIDrive,41312,980764,548.530100,13.278
7,0,All,AIEngage,41312,41312,871.856100,21.104
7,0,All,Gunnery,41312,41312,3.311700,0.080
7,0,All,ShipStep,41312,165248,1849.398800,44.767
7,0,All,Collision,41312,165248,377.075600,9.128
7,0,All,Projectiles,41312,165248,375.143000,9.081
7,0,All,Missiles,41312,165248,688.241500,16.660
7,0,All,PointDefense,41312,165248,1352.391100,32.736
7,0,All,Drones,41312,165248,547.475300,13.252
7,0,All,Sensors,41312,41312,35.550100,0.861
7,0,All,Post,41312,165248,96.841500,2.344
7,0,phase:Approach,Tick,7200,7200,666.860600,92.620
7,0,phase:Approach,AI,7200,7200,106.467800,14.787
7,0,phase:Approach,AICommand,7200,7200,2.308700,0.321
7,0,phase:Approach,AIThink,7200,11520,7.271900,1.010
7,0,phase:Approach,AIDrive,7200,172800,76.497700,10.625
7,0,phase:Approach,AIEngage,7200,7200,14.170800,1.968
7,0,phase:Approach,Gunnery,7200,7200,0.495000,0.069
7,0,phase:Approach,ShipStep,7200,28800,284.399000,39.500
7,0,phase:Approach,Collision,7200,28800,61.790300,8.582
7,0,phase:Approach,Projectiles,7200,28800,0.922000,0.128
7,0,phase:Approach,Missiles,7200,28800,24.200800,3.361
7,0,phase:Approach,PointDefense,7200,28800,126.477000,17.566
7,0,phase:Approach,Drones,7200,28800,36.697700,5.097
7,0,phase:Approach,Sensors,7200,7200,5.847500,0.812
7,0,phase:Approach,Post,7200,28800,15.210400,2.113
7,0,phase:Missile,Tick,23400,23400,3983.443800,170.233
7,0,phase:Missile,AI,23400,23400,882.511500,37.714
7,0,phase:Missile,AICommand,23400,23400,7.570400,0.324
7,0,phase:Missile,AIThink,23400,37436,56.788300,2.427
7,0,phase:Missile,AIDrive,23400,561600,314.843700,13.455
7,0,phase:Missile,AIEngage,23400,23400,482.529200,20.621
7,0,phase:Missile,Gunnery,23400,23400,1.848800,0.079
7,0,phase:Missile,ShipStep,23400,93600,1083.281200,46.294
7,0,phase:Missile,Collision,23400,93600,212.692700,9.089
7,0,phase:Missile,Projectiles,23400,93600,3.220700,0.138
7,0,phase:Missile,Missiles,23400,93600,467.755600,19.990
7,0,phase:Missile,PointDefense,23400,93600,873.897800,37.346
7,0,phase:Missile,Drones,23400,93600,369.520000,15.791
7,0,phase:Missile,Sensors,23400,23400,19.944800,0.852
7,0,phase:Missile,Post,23400,93600,54.135200,2.313
7,0,phase:Sniping,Tick,7200,7200,1504.385000,208.942
7,0,phase:Sniping,AI,7200,7200,389.697800,54.125
7,0,phase:Sniping,AICommand,7200,7200,2.974300,0.413
7,0,phase:Sniping,AIThink,7200,11425,24.540500,3.408
7,0,phase:Sniping,AIDrive,7200,171374,105.674800,14.677
7,0,phase:Sniping,AIEngage,7200,7200,249.720100,34.683
7,0,phase:Sniping,Gunnery,7200,7200,0.665200,0.092
7,0,phase:Sniping,ShipStep,7200,28800,337.647100,46.895
7,0,phase:Sniping,Collision,7200,28800,69.548700,9.660
7,0,phase:Sniping,Projectiles,7200,28800,133.319100,18.517
7,0,phase:Sniping,Missiles,7200,28800,156.941500,21.797
7,0,phase:Sniping,PointDefense,7200,28800,264.560300,36.744
7,0,phase:Sniping,Drones,7200,28800,122.084800,16.956
7,0,phase:Sniping,Sensors,7200,7200,6.526000,0.906
7,0,phase:Sniping,Post,7200,28800,18.823700,2.614
7,0,phase:Brawl,Tick,3512,3512,768.663500,218.868
7,0,phase:Brawl,AI,3512,3512,193.403900,55.069
7,0,phase:Brawl,AICommand,3512,3512,1.216900,0.346
7,0,phase:Brawl,AIThink,3512,5005,11.876100,3.382
7,0,phase:Brawl,AIDrive,3512,74990,51.513900,14.668
7,0,phase:Brawl,AIEngage,3512,3512,125.436000,35.716
7,0,phase:Brawl,Gunnery,3512,3512,0.302700,0.086
7,0,phase:Brawl,ShipStep,3512,14048,144.071500,41.023
7,0,phase:Brawl,Collision,3512,14048,33.043900,9.409
7,0,phase:Brawl,Projectiles,3512,14048,237.681200,67.677
7,0,phase:Brawl,Missiles,3512,14048,39.343600,11.203
7,0,phase:Brawl,PointDefense,3512,14048,87.456000,24.902
7,0,phase:Brawl,Drones,3512,14048,19.172800,5.459
7,0,phase:Brawl,Sensors,3512,3512,3.231800,0.920
7,0,phase:Brawl,Post,3512,14048,8.672200,2.469
7,0,time:0-300,Tick,18000,18000,2032.603200,112.922
7,0,time:0-300,AI,18000,18000,420.000300,23.333
7,0,time:0-300,AICommand,18000,18000,5.652400,0.314
7,0,time:0-300,AIThink,18000,28796,20.709200,1.151
7,0,time:0-300,AIDrive,18000,432000,215.131100,11.952
7,0,time:0-300,AIEngage,18000,18000,163.112500,9.062
7,0,time:0-300,Gunnery,18000,18000,1.278500,0.071
7,0,time:0-300,ShipStep,18000,72000,776.332100,43.130
7,0,time:0-300,Collision,18000,72000,156.551000,8.697
7,0,time:0-300,Projectiles,18000,72000,2.359900,0.131
7,0,time:0-300,Missiles,18000,72000,113.820000,6.323
7,0,time:0-300,PointDefense,18000,72000,373.969500,20.776
7,0,time:0-300,Drones,18000,72000,123.911800,6.884
7,0,time:0-300,Sensors,18000,18000,14.885400,0.827
7,0,time:0-300,Post,18000,72000,38.575700,2.143
7,0,time:300-540,Tick,14400,14400,3055.227500,212.169
7,0,time:300-540,AI,14400,14400,662.883300,46.034
7,0,time:300-540,AICommand,14400,14400,4.902200,0.340
7,0,time:300-540,AIThink,14400,23040,49.907200,3.466
7,0,time:300-540,AIDrive,14400,345600,201.389400,13.985
7,0,time:300-540,AIEngage,14400,14400,393.421600,27.321
7,0,time:300-540,Gunnery,14400,14400,1.228600,0.085
7,0,time:300-540,ShipStep,14400,57600,676.635100,46.989
7,0,time:300-540,Collision,14400,57600,134.966800,9.373
7,0,time:300-540,Projectiles,14400,57600,17.307500,1.202
7,0,time:300-540,Missiles,14400,57600,449.801600,31.236
7,0,time:300-540,PointDefense,14400,57600,727.848700,50.545
7,0,time:300-540,Drones,14400,57600,327.457500,22.740
7,0,time:300-540,Sensors,14400,14400,12.513400,0.869
7,0,time:300-540,Post,14400,57600,35.401400,2.458
7,0,time:540+,Tick,8912,8912,1835.522200,205.961
7,0,time:540+,AI,8912,8912,489.197400,54.892
7,0,time:540+,AICommand,8912,8912,3.515700,0.394
7,0,time:540+,AIThink,8912,13550,29.860400,3.351
7,0,time:540+,AIDrive,8912,203164,132.009600,14.813
7,0,time:540+,AIEngage,8912,8912,315.322000,35.382
7,0,time:540+,Gunnery,8912,8912,0.804600,0.090
7,0,time:540+,ShipStep,8912,35648,396.431600,44.483
7,0,time:540+,Collision,8912,35648,85.557800,9.600
7,0,time:540+,Projectiles,8912,35648,355.475600,39.887
7,0,time:540+,Missiles,8912,35648,124.619900,13.983
7,0,time:540+,PointDefense,8912,35648,250.572900,28.116
7,0,time:540+,Drones,8912,35648,96.106000,10.784
7,0,time:540+,Sensors,8912,8912,8.151300,0.915
7,0,time:540+,Post,8912,35648,22.864400,2.566
7,1,All,Tick,42142,42142,6544.889100,155.306
7,1,All,AI,42142,42142,1463.045600,34.717
7,1,All,AICommand,42142,42142,13.972800,0.332
7,1,All,AIThink,42142,65338,106.003700,2.515
7,1,All,AIDrive,42142,980069,524.066300,12.436
7,1,All,AIEngage,42142,42142,782.091100,18.558
7,1,All,Gunnery,42142,42142,3.344700,0.079
7,1,All,ShipStep,42142,168568,1810.403300,42.960
7,1,All,Collision,42142,168568,381.192500,9.045
7,1,All,Projectiles,42142,168568,280.256000,6.650
7,1,All,Missiles,42142,168568,635.072900,15.070
7,1,All,PointDefense,42142,168568,1301.265600,30.878
7,1,All,Drones,42142,168568,507.142100,12.034
7,1,All,Sensors,42142,42142,36.639700,0.869
7,1,All,Post,42142,168568,100.273400,2.379
7,1,phase:Approach,Tick,7200,7200,680.492200,94.513
7,1,phase:Approach,AI,7200,7200,109.714900,15.238
7,1,phase:Approach,AICommand,7200,7200,2.202900,0.306
7,1,phase:Approach,AIThink,7200,11520,7.477200,1.038
7,1,phase:Approach,AIDrive,7200,172800,78.508600,10.904
7,1,phase:Approach,AIEngage,7200,7200,15.140500,2.103
7,1,phase:Approach,Gunnery,7200,7200,0.541800,0.075
7,1,phase:Approach,ShipStep,7200,28800,286.552500,39.799
7,1,phase:Approach,Collision,7200,28800,64.071700,8.899
7,1,phase:Approach,Projectiles,7200,28800,1.066000,0.148
7,1,phase:Approach,Missiles,7200,28800,22.690600,3.151
7,1,phase:Approach,PointDefense,7200,28800,132.239600,18.367
7,1,phase:Approach,Drones,7200,28800,37.281200,5.178
7,1,phase:Approach,Sensors,7200,7200,6.095800,0.847
7,1,phase:Approach,Post,7200,28800,15.803300,2.195
7,1,phase:Missile,Tick,23400,23400,3672.676900,156.952
7,1,phase:Missile,AI,23400,23400,771.412400,32.966
7,1,phase:Missile,AICommand,23400,23400,7.559100,0.323
7,1,phase:Missile,AIThink,23400,37436,58.846200,2.515
7,1,phase:Missile,AIDrive,23400,561600,300.446300,12.840
7,1,phase:Missile,AIEngage,23400,23400,383.924600,16.407
7,1,phase:Missile,Gunnery,23400,23400,1.814600,0.078
7,1,phase:Missile,ShipStep,23400,93600,1025.124000,43.809
7,1,phase:Missile,Collision,23400,93600,207.739800,8.878
7,1,phase:Missile,Projectiles,23400,93600,3.405300,0.146
7,1,phase:Missile,Missiles,23400,93600,418.532100,17.886
7,1,phase:Missile,PointDefense,23400,93600,819.114300,35.005
7,1,phase:Missile,Drones,23400,93600,337.388600,14.418
7,1,phase:Missile,Sensors,23400,23400,20.054600,0.857
7,1,phase:Missile,Post,23400,93600,53.560300,2.289
7,1,phase:Sniping,Tick,9000,9000,1779.428000,197.714
7,1,phase:Sniping,AI,9000,9000,462.292100,51.366
7,1,phase:Sniping,AICommand,9000,9000,3.210800,0.357
7,1,phase:Sniping,AIThink,9000,13159,31.607400,3.512
7,1,phase:Sniping,AIDrive,9000,197371,113.933800,12.659
7,1,phase:Sniping,AIEngage,9000,9000,305.715200,33.968
7,1,phase:Sniping,Gunnery,9000,9000,0.757600,0.084
7,1,phase:Sniping,ShipStep,9000,36000,400.824200,44.536
7,1,phase:Sniping,Collision,9000,36000,81.244200,9.027
7,1,phase:Sniping,Projectiles,9000,36000,215.942800,23.994
7,1,phase:Sniping,Missiles,9000,36000,170.702100,18.967
7,1,phase:Sniping,PointDefense,9000,36000,288.810200,32.090
7,1,phase:Sniping,Drones,9000,36000,120.761400,13.418
7,1,phase:Sniping,Sensors,9000,9000,8.180500,0.909
7,1,phase:Sniping,Post,9000,36000,24.100600,2.678
7,1,phase:Brawl,Tick,2542,2542,412.292000,162.192
7,1,phase:Brawl,AI,2542,2542,119.626200,47.060
7,1,phase:Brawl,AICommand,2542,2542,1.000000,0.393
7,1,phase:Brawl,AIThink,2542,3223,8.072900,3.176
7,1,phase:Brawl,AIDrive,2542,48298,31.177600,12.265
7,1,phase:Brawl,AIEngage,2542,2542,77.310800,30.413
7,1,phase:Brawl,Gunnery,2542,2542,0.230700,0.091
7,1,phase:Brawl,ShipStep,2542,10168,97.902600,38.514
7,1,phase:Brawl,Collision,2542,10168,28.136800,11.069
7,1,phase:Brawl,Projectiles,2542,10168,59.841900,23.541
7,1,phase:Brawl,Missiles,2542,10168,23.148100,9.106
7,1,phase:Brawl,PointDefense,2542,10168,61.101500,24.037
7,1,phase:Brawl,Drones,2542,10168,11.710900,4.607
7,1,phase:Brawl,Sensors,2542,2542,2.308800,0.908
7,1,phase:Brawl,Post,2542,10168,6.809200,2.679
7,1,time:0-300,Tick,18000,18000,1957.109200,108.728
7,1,time:0-300,AI,18000,18000,354.501200,19.695
7,1,time:0-300,AICommand,18000,18000,5.444700,0.302
7,1,time:0-300,AIThink,18000,28796,23.707100,1.317
7,1,time:0-300,AIDrive,18000,432000,208.592200,11.588
7,1,time:0-300,AIEngage,18000,18000,101.062900,5.615
7,1,time:0-300,Gunnery,18000,18000,1.334400,0.074
7,1,time:0-300,ShipStep,18000,72000,733.995600,40.778
7,1,time:0-300,Collision,18000,72000,159.687800,8.872
7,1,time:0-300,Projectiles,18000,72000,2.661400,0.148
7,1,time:0-300,Missiles,18000,72000,118.316200,6.573
7,1,time:0-300,PointDefense,18000,72000,392.866200,21.826
7,1,time:0-300,Drones,18000,72000,128.615000,7.145
7,1,time:0-300,Sensors,18000,18000,15.077900,0.838
7,1,time:0-300,Post,18000,72000,39.095700,2.172
7,1,time:300-540,Tick,14400,14400,2770.755600,192.414
7,1,time:300-540,AI,14400,14400,602.368200,41.831
7,1,time:300-540,AICommand,14400,14400,4.979800,0.346
7,1,time:300-540,AIThink,14400,23040,48.426500,3.363
7,1,time:300-540,AIDrive,14400,345600,194.210500,13.487
7,1,time:300-540,AIEngage,14400,14400,341.814000,23.737
7,1,time:300-540,Gunnery,14400,14400,1.177000,0.082
7,1,time:300-540,ShipStep,14400,57600,659.231600,45.780
7,1,time:300-540,Collision,14400,57600,127.868900,8.880
7,1,time:300-540,Projectiles,14400,57600,2.088500,0.145
7,1,time:300-540,Missiles,14400,57600,388.049000,26.948
7,1,time:300-540,PointDefense,14400,57600,648.659800,45.046
7,1,time:300-540,Drones,14400,57600,284.645400,19.767
7,1,time:300-540,Sensors,14400,14400,12.650900,0.879
7,1,time:300-540,Post,14400,57600,34.825500,2.418
7,1,time:540+,Tick,9742,9742,1817.024300,186.515
7,1,time:540+,AI,9742,9742,506.176200,51.958
7,1,time:540+,AICommand,9742,9742,3.548300,0.364
7,1,time:540+,AIThink,9742,13502,33.870100,3.477
7,1,time:540+,AIDrive,9742,202469,121.263600,12.448
7,1,time:540+,AIEngage,9742,9742,339.214200,34.820
7,1,time:540+,Gunnery,9742,9742,0.833300,0.086
7,1,time:540+,ShipStep,9742,38968,417.176100,42.822
7,1,time:540+,Collision,9742,38968,93.635800,9.612
7,1,time:540+,Projectiles,9742,38968,275.506100,28.280
7,1,time:540+,Missiles,9742,38968,128.707700,13.212
7,1,time:540+,PointDefense,9742,38968,259.739600,26.662
7,1,time:540+,Drones,9742,38968,93.881700,9.637
7,1,time:540+,Sensors,9742,9742,8.910900,0.915
7,1,time:540+,Post,9742,38968,26.352200,2.705
8,0,All,Tick,49217,49217,8485.261600,172.405
8,0,All,AI,49217,49217,1972.013600,40.068
8,0,All,AICommand,49217,49217,16.950500,0.344
8,0,All,AIThink,49217,74999,128.419800,2.609
8,0,All,AIDrive,49217,1124977,647.182700,13.150
8,0,All,AIEngage,49217,49217,1134.460100,23.050
8,0,All,Gunnery,49217,49217,3.870700,0.079
8,0,All,ShipStep,49217,196868,2154.279700,43.771
8,0,All,Collision,49217,196868,568.435700,11.550
8,0,All,Projectiles,49217,196868,570.653200,11.595
8,0,All,Missiles,49217,196868,769.052800,15.626
8,0,All,PointDefense,49217,196868,1623.126000,32.979
8,0,All,Drones,49217,196868,623.134400,12.661
8,0,All,Sensors,49217,49217,44.252100,0.899
8,0,All,Post,49217,196868,124.713900,2.534
8,0,phase:Approach,Tick,7200,7200,783.305900,108.792
8,0,phase:Approach,AI,7200,7200,108.606500,15.084
8,0,phase:Approach,AICommand,7200,7200,2.132300,0.296
8,0,phase:Approach,AIThink,7200,11520,7.722400,1.073
8,0,phase:Approach,AIDrive,7200,172800,77.520000,10.767
8,0,phase:Approach,AIEngage,7200,7200,14.771700,2.052
8,0,phase:Approach,Gunnery,7200,7200,0.521000,0.072
8,0,phase:Approach,ShipStep,7200,28800,283.891100,39.429
8,0,phase:Approach,Collision,7200,28800,174.643800,24.256
8,0,phase:Approach,Projectiles,7200,28800,1.032300,0.143
8,0,phase:Approach,Missiles,7200,28800,22.497300,3.125
8,0,phase:Approach,PointDefense,7200,28800,129.558100,17.994
8,0,phase:Approach,Drones,7200,28800,37.085500,5.151
8,0,phase:Approach,Sensors,7200,7200,6.007600,0.834
8,0,phase:Approach,Post,7200,28800,14.996300,2.083
8,0,phase:Missile,Tick,25200,25200,4361.434600,173.073
8,0,phase:Missile,AI,25200,25200,946.368400,37.554
8,0,phase:Missile,AICommand,25200,25200,8.656000,0.343
8,0,phase:Missile,AIThink,25200,40316,66.307100,2.631
8,0,phase:Missile,AIDrive,25200,604800,341.800800,13.564
8,0,phase:Missile,AIEngage,25200,25200,506.218400,20.088
8,0,phase:Missile,Gunnery,25200,25200,1.952700,0.077
8,0,phase:Missile,ShipStep,25200,100800,1154.839000,45.827
8,0,phase:Missile,Collision,25200,100800,235.318400,9.338
8,0,phase:Missile,Projectiles,25200,100800,3.934200,0.156
8,0,phase:Missile,Missiles,25200,100800,518.546100,20.577
8,0,phase:Missile,PointDefense,25200,100800,974.617100,38.675
8,0,phase:Missile,Drones,25200,100800,424.403300,16.841
8,0,phase:Missile,Sensors,25200,25200,22.154900,0.879
8,0,phase:Missile,Post,25200,100800,63.150300,2.506
8,0,phase:Sniping,Tick,5400,5400,1138.998400,210.926
8,0,phase:Sniping,AI,5400,5400,284.543100,52.693
8,0,phase:Sniping,AICommand,5400,5400,2.525300,0.468
8,0,phase:Sniping,AIThink,5400,8640,18.802200,3.482
8,0,phase:Sniping,AIDrive,5400,129600,77.074400,14.273
8,0,phase:Sniping,AIEngage,5400,5400,181.030200,33.524
8,0,phase:Sniping,Gunnery,5400,5400,0.427800,0.079
8,0,phase:Sniping,ShipStep,5400,21600,250.772500,46.439
8,0,phase:Sniping,Collision,5400,21600,51.058700,9.455
8,0,phase:Sniping,Projectiles,5400,21600,126.503000,23.426
8,0,phase:Sniping,Missiles,5400,21600,115.205700,21.334
8,0,phase:Sniping,PointDefense,5400,21600,198.744900,36.805
8,0,phase:Sniping,Drones,5400,21600,89.183900,16.516
8,0,phase:Sniping,Sensors,5400,5400,5.531500,1.024
8,0,phase:Sniping,Post,5400,21600,13.547800,2.509
8,0,phase:Brawl,Tick,11417,11417,2201.522700,192.828
8,0,phase:Brawl,AI,11417,11417,632.495600,55.399
8,0,phase:Brawl,AICommand,11417,11417,3.636900,0.319
8,0,phase:Brawl,AIThink,11417,14523,35.588100,3.117
8,0,phase:Brawl,AIDrive,11417,217777,150.787500,13.207
8,0,phase:Brawl,AIEngage,11417,11417,432.439800,37.877
8,0,phase:Brawl,Gunnery,11417,11417,0.969200,0.085
8,0,phase:Brawl,ShipStep,11417,45668,464.777100,40.709
8,0,phase:Brawl,Collision,11417,45668,107.414800,9.408
8,0,phase:Brawl,Projectiles,11417,45668,439.183700,38.468
8,0,phase:Brawl,Missiles,11417,45668,112.803700,9.880
8,0,phase:Brawl,PointDefense,11417,45668,320.205900,28.046
8,0,phase:Brawl,Drones,11417,45668,72.461700,6.347
8,0,phase:Brawl,Sensors,11417,11417,10.558100,0.925
8,0,phase:Brawl,Post,11417,45668,33.019500,2.892
8,0,time:0-300,Tick,18000,18000,2175.861600,120.881
8,0,time:0-300,AI,18000,18000,397.505900,22.084
8,0,time:0-300,AICommand,18000,18000,5.652100,0.314
8,0,time:0-300,AIThink,18000,28796,21.514000,1.195
8,0,time:0-300,AIDrive,18000,432000,216.007200,12.000
8,0,time:0-300,AIEngage,18000,18000,137.956000,7.664
8,0,time:0-300,Gunnery,18000,18000,1.361000,0.076
8,0,time:0-300,ShipStep,18000,72000,752.395000,41.800
8,0,time:0-300,Collision,18000,72000,273.969700,15.221
8,0,time:0-300,Projectiles,18000,72000,2.630900,0.146
8,0,time:0-300,Missiles,18000,72000,136.000300,7.556
8,0,time:0-300,PointDefense,18000,72000,404.149400,22.453
8,0,time:0-300,Drones,18000,72000,141.537000,7.863
8,0,time:0-300,Sensors,18000,18000,15.130900,0.841
8,0,time:0-300,Post,18000,72000,39.865200,2.215
8,0,time:300-540,Tick,14400,14400,2968.878900,206.172
8,0,time:300-540,AI,14400,14400,657.469000,45.658
8,0,time:300-540,AICommand,14400,14400,5.136200,0.357
8,0,time:300-540,AIThink,14400,23040,52.515500,3.647
8,0,time:300-540,AIDrive,14400,345600,203.313600,14.119
8,0,time:300-540,AIEngage,14400,14400,383.034100,26.600
8,0,time:300-540,Gunnery,14400,14400,1.112700,0.077
8,0,time:300-540,ShipStep,14400,57600,686.335100,47.662
8,0,time:300-540,Collision,14400,57600,135.992500,9.444
8,0,time:300-540,Projectiles,14400,57600,2.335600,0.162
8,0,time:300-540,Missiles,14400,57600,405.043100,28.128
8,0,time:300-540,PointDefense,14400,57600,700.025800,48.613
8,0,time:300-540,Drones,14400,57600,319.951800,22.219
8,0,time:300-540,Sensors,14400,14400,13.031600,0.905
8,0,time:300-540,Post,14400,57600,38.281400,2.658
8,0,time:540+,Tick,16817,16817,3340.521100,198.640
8,0,time:540+,AI,16817,16817,917.038700,54.530
8,0,time:540+,AICommand,16817,16817,6.162200,0.366
8,0,time:540+,AIThink,16817,23163,54.390300,3.234
8,0,time:540+,AIDrive,16817,347377,227.861900,13.549
8,0,time:540+,AIEngage,16817,16817,613.470000,36.479
8,0,time:540+,Gunnery,16817,16817,1.397000,0.083
8,0,time:540+,ShipStep,16817,67268,715.549600,42.549
8,0,time:540+,Collision,16817,67268,158.473500,9.423
8,0,time:540+,Projectiles,16817,67268,565.686700,33.638
8,0,time:540+,Missiles,16817,67268,228.009400,13.558
8,0,time:540+,PointDefense,16817,67268,518.950800,30.859
8,0,time:540+,Drones,16817,67268,161.645600,9.612
8,0,time:540+,Sensors,16817,16817,16.089600,0.957
8,0,time:540+,Post,16817,67268,46.567300,2.769
8,1,All,Tick,61348,61348,10487.942800,170.958
8,1,All,AI,61348,61348,2394.453100,39.031
8,1,All,AICommand,61348,61348,20.099900,0.328
8,1,All,AIThink,61348,86763,136.654600,2.228
8,1,All,AIDrive,61348,1301462,771.762300,12.580
8,1,All,AIEngage,61348,61348,1416.759100,23.094
8,1,All,Gunnery,61348,61348,4.907200,0.080
8,1,All,ShipStep,61348,245392,2672.349700,43.561
8,1,All,Collision,61348,245392,1035.315900,16.876
8,1,All,Projectiles,61348,245392,628.005700,10.237
8,1,All,Missiles,61348,245392,706.390100,11.514
8,1,All,PointDefense,61348,245392,2142.105100,34.917
8,1,All,Drones,61348,245392,662.541400,10.800
8,1,All,Sensors,61348,61348,54.068800,0.881
8,1,All,Post,61348,245392,149.636800,2.439
8,1,phase:Approach,Tick,7200,7200,913.616800,126.891
8,1,phase:Approach,AI,7200,7200,106.204400,14.751
8,1,phase:Approach,AICommand,7200,7200,2.116400,0.294
8,1,phase:Approach,AIThink,7200,11520,7.258300,1.008
8,1,phase:Approach,AIDrive,7200,172800,76.852100,10.674
8,1,phase:Approach,AIEngage,7200,7200,14.068700,1.954
8,1,phase:Approach,Gunnery,7200,7200,0.489400,0.068
8,1,phase:Approach,ShipStep,7200,28800,285.390400,39.638
8,1,phase:Approach,Collision,7200,28800,308.470400,42.843
8,1,phase:Approach,Projectiles,7200,28800,1.057300,0.147
8,1,phase:Approach,Missiles,7200,28800,22.672200,3.149
8,1,phase:Approach,PointDefense,7200,28800,127.525300,17.712
8,1,phase:Approach,Drones,7200,28800,36.484200,5.067
8,1,phase:Approach,Sensors,7200,7200,6.053100,0.841
8,1,phase:Approach,Post,7200,28800,14.984100,2.081
8,1,phase:Missile,Tick,25200,25200,4025.081600,159.725
8,1,phase:Missile,AI,25200,25200,868.828500,34.477
8,1,phase:Missile,AICommand,25200,25200,8.497200,0.337
8,1,phase:Missile,AIThink,25200,40316,61.177500,2.428
8,1,phase:Missile,AIDrive,25200,604800,329.127100,13.061
8,1,phase:Missile,AIEngage,25200,25200,448.281000,17.789
8,1,phase:Missile,Gunnery,25200,25200,1.929700,0.077
8,1,phase:Missile,ShipStep,25200,100800,1131.937100,44.918
8,1,phase:Missile,Collision,25200,100800,224.907500,8.925
8,1,phase:Missile,Projectiles,25200,100800,3.710300,0.147
8,1,phase:Missile,Missiles,25200,100800,451.609800,17.921
8,1,phase:Missile,PointDefense,25200,100800,875.222400,34.731
8,1,phase:Missile,Drones,25200,100800,369.980100,14.682
8,1,phase:Missile,Sensors,25200,25200,21.549700,0.855
8,1,phase:Missile,Post,25200,100800,59.615200,2.366
8,1,phase:Gunnery,Tick,3600,3600,530.670600,147.408
8,1,phase:Gunnery,AI,3600,3600,140.966100,39.157
8,1,phase:Gunnery,AICommand,3600,3600,1.152900,0.320
8,1,phase:Gunnery,AIThink,3600,4800,8.422100,2.339
8,1,phase:Gunnery,AIDrive,3600,72000,44.329500,12.314
8,1,phase:Gunnery,AIEngage,3600,3600,84.258700,23.405
8,1,phase:Gunnery,Gunnery,3600,3600,0.283700,0.079
8,1,phase:Gunnery,ShipStep,3600,14400,159.582200,44.328
8,1,phase:Gunnery,Collision,3600,14400,32.804100,9.112
8,1,phase:Gunnery,Projectiles,3600,14400,6.623300,1.840
8,1,phase:Gunnery,Missiles,3600,14400,44.055800,12.238
8,1,phase:Gunnery,PointDefense,3600,14400,92.388800,25.664
8,1,phase:Gunnery,Drones,3600,14400,40.049600,11.125
8,1,phase:Gunnery,Sensors,3600,3600,3.265400,0.907
8,1,phase:Gunnery,Post,3600,14400,8.402100,2.334
8,1,phase:Sniping,Tick,7200,7200,1323.317900,183.794
8,1,phase:Sniping,AI,7200,7200,389.003300,54.028
8,1,phase:Sniping,AICommand,7200,7200,2.567800,0.357
8,1,phase:Sniping,AIThink,7200,11267,19.179800,2.664
8,1,phase:Sniping,AIDrive,7200,169006,103.337000,14.352
8,1,phase:Sniping,AIEngage,7200,7200,257.885100,35.817
8,1,phase:Sniping,Gunnery,7200,7200,0.574700,0.080
8,1,phase:Sniping,ShipStep,7200,28800,332.084700,46.123
8,1,phase:Sniping,Collision,7200,28800,65.720800,9.128
8,1,phase:Sniping,Projectiles,7200,28800,192.173200,26.691
8,1,phase:Sniping,Missiles,7200,28800,63.425500,8.809
8,1,phase:Sniping,PointDefense,7200,28800,185.832000,25.810
8,1,phase:Sniping,Drones,7200,28800,65.936800,9.158
8,1,phase:Sniping,Sensors,7200,7200,6.416900,0.891
8,1,phase:Sniping,Post,7200,28800,17.691700,2.457
8,1,phase:Brawl,Tick,18148,18148,3695.255900,203.618
8,1,phase:Brawl,AI,18148,18148,889.450800,49.011
8,1,phase:Brawl,AICommand,18148,18148,5.765600,0.318
8,1,phase:Brawl,AIThink,18148,18860,40.616900,2.238
8,1,phase:Brawl,AIDrive,18148,282856,218.116600,12.019
8,1,phase:Brawl,AIEngage,18148,18148,612.265600,33.737
8,1,phase:Brawl,Gunnery,18148,18148,1.629700,0.090
8,1,phase:Brawl,ShipStep,18148,72592,763.355300,42.063
8,1,phase:Brawl,Collision,18148,72592,403.413100,22.229
8,1,phase:Brawl,Projectiles,18148,72592,424.441600,23.388
8,1,phase:Brawl,Missiles,18148,72592,124.626800,6.867
8,1,phase:Brawl,PointDefense,18148,72592,861.136600,47.451
8,1,phase:Brawl,Drones,18148,72592,150.090700,8.270
8,1,phase:Brawl,Sensors,18148,18148,16.783700,0.925
8,1,phase:Brawl,Post,18148,72592,48.943700,2.697
8,1,time:0-300,Tick,18000,18000,2266.533800,125.919
8,1,time:0-300,AI,18000,18000,393.314500,21.851
8,1,time:0-300,AICommand,18000,18000,5.608000,0.312
8,1,time:0-300,AIThink,18000,28796,20.353900,1.131
8,1,time:0-300,AIDrive,18000,432000,212.337000,11.796
8,1,time:0-300,AIEngage,18000,18000,139.953500,7.775
8,1,time:0-300,Gunnery,18000,18000,1.280400,0.071
8,1,time:0-300,ShipStep,18000,72000,768.121400,42.673
8,1,time:0-300,Collision,18000,72000,406.445400,22.580
8,1,time:0-300,Projectiles,18000,72000,2.654500,0.147
8,1,time:0-300,Missiles,18000,72000,117.513600,6.529
8,1,time:0-300,PointDefense,18000,72000,385.659200,21.426
8,1,time:0-300,Drones,18000,72000,126.062300,7.003
8,1,time:0-300,Sensors,18000,18000,15.084700,0.838
8,1,time:0-300,Post,18000,72000,39.507300,2.195
8,1,time:300-540,Tick,14400,14400,2672.164600,185.567
8,1,time:300-540,AI,14400,14400,581.718400,40.397
8,1,time:300-540,AICommand,14400,14400,5.005600,0.348
8,1,time:300-540,AIThink,14400,23040,48.081900,3.339
8,1,time:300-540,AIDrive,14400,345600,193.642200,13.447
8,1,time:300-540,AIEngage,14400,14400,322.396200,22.389
8,1,time:300-540,Gunnery,14400,14400,1.138700,0.079
8,1,time:300-540,ShipStep,14400,57600,649.206100,45.084
8,1,time:300-540,Collision,14400,57600,126.932500,8.815
8,1,time:300-540,Projectiles,14400,57600,2.113100,0.147
8,1,time:300-540,Missiles,14400,57600,356.768400,24.776
8,1,time:300-540,PointDefense,14400,57600,617.088500,42.853
8,1,time:300-540,Drones,14400,57600,280.402000,19.472
8,1,time:300-540,Sensors,14400,14400,12.518100,0.869
8,1,time:300-540,Post,14400,57600,35.092000,2.437
8,1,time:540+,Tick,28948,28948,5549.244400,191.697
8,1,time:540+,AI,28948,28948,1419.420200,49.033
8,1,time:540+,AICommand,28948,28948,9.486300,0.328
8,1,time:540+,AIThink,28948,34927,68.218800,2.357
8,1,time:540+,AIDrive,28948,523862,365.783100,12.636
8,1,time:540+,AIEngage,28948,28948,954.409400,32.970
8,1,time:540+,Gunnery,28948,28948,2.488100,0.086
8,1,time:540+,ShipStep,28948,115792,1255.022200,43.354
8,1,time:540+,Collision,28948,115792,501.938000,17.339
8,1,time:540+,Projectiles,28948,115792,623.238100,21.530
8,1,time:540+,Missiles,28948,115792,232.108100,8.018
8,1,time:540+,PointDefense,28948,115792,1139.357400,39.359
8,1,time:540+,Drones,28948,115792,256.077100,8.846
8,1,time:540+,Sensors,28948,28948,26.466000,0.914
8,1,time:540+,Post,28948,115792,75.037500,2.592
9,0,All,Tick,40687,40687,6356.308900,156.225
9,0,All,AI,40687,40687,1446.474700,35.551
9,0,All,AICommand,40687,40687,13.544400,0.333
9,0,All,AIThink,40687,64479,115.868100,2.848
9,0,All,AIDrive,40687,967205,521.004200,12.805
9,0,All,AIEngage,40687,40687,762.381600,18.738
9,0,All,Gunnery,40687,40687,3.243000,0.080
9,0,All,ShipStep,40687,162748,1806.864400,44.409
9,0,All,Collision,40687,162748,368.675200,9.061
9,0,All,Projectiles,40687,162748,308.550100,7.584
9,0,All,Missiles,40687,162748,570.389400,14.019
9,0,All,PointDefense,40687,162748,1219.532100,29.974
9,0,All,Drones,40687,162748,479.295800,11.780
9,0,All,Sensors,40687,40687,34.983300,0.860
9,0,All,Post,40687,162748,93.452700,2.297
9,0,phase:Approach,Tick,7200,7200,666.190300,92.526
9,0,phase:Approach,AI,7200,7200,105.800700,14.695
9,0,phase:Approach,AICommand,7200,7200,2.096500,0.291
9,0,phase:Approach,AIThink,7200,11520,7.231600,1.004
9,0,phase:Approach,AIDrive,7200,172800,75.875300,10.538
9,0,phase:Approach,AIEngage,7200,7200,14.736900,2.047
9,0,phase:Approach,Gunnery,7200,7200,0.510000,0.071
9,0,phase:Approach,ShipStep,7200,28800,284.460100,39.508
9,0,phase:Approach,Collision,7200,28800,61.440300,8.533
9,0,phase:Approach,Projectiles,7200,28800,0.952800,0.132
9,0,phase:Approach,Missiles,7200,28800,23.544000,3.270
9,0,phase:Approach,PointDefense,7200,28800,127.127600,17.657
9,0,phase:Approach,Drones,7200,28800,37.681600,5.234
9,0,phase:Approach,Sensors,7200,7200,5.888900,0.818
9,0,phase:Approach,Post,7200,28800,14.317900,1.989
9,0,phase:Missile,Tick,19800,19800,3148.853900,159.033
9,0,phase:Missile,AI,19800,19800,704.953600,35.604
9,0,phase:Missile,AICommand,19800,19800,6.340700,0.320
9,0,phase:Missile,AIThink,19800,31676,54.271600,2.741
9,0,phase:Missile,AIDrive,19800,475200,259.902400,13.126
9,0,phase:Missile,AIEngage,19800,19800,368.159700,18.594
9,0,phase:Missile,Gunnery,19800,19800,1.536700,0.078
9,0,phase:Missile,ShipStep,19800,79200,897.772300,45.342
9,0,phase:Missile,Collision,19800,79200,177.866100,8.983
9,0,phase:Missile,Projectiles,19800,79200,2.784400,0.141
9,0,phase:Missile,Missiles,19800,79200,349.590800,17.656
9,0,phase:Missile,PointDefense,19800,79200,654.536300,33.057
9,0,phase:Missile,Drones,19800,79200,285.820800,14.435
9,0,phase:Missile,Sensors,19800,19800,16.784500,0.848
9,0,phase:Missile,Post,19800,79200,45.298500,2.288
9,0,phase:Gunnery,Tick,1800,1800,353.569000,196.427
9,0,phase:Gunnery,AI,1800,1800,89.891700,49.940
9,0,phase:Gunnery,AICommand,1800,1800,0.959000,0.533
9,0,phase:Gunnery,AIThink,1800,2760,5.749600,3.194
9,0,phase:Gunnery,AIDrive,1800,41400,22.611400,12.562
9,0,phase:Gunnery,AIEngage,1800,1800,59.067300,32.815
9,0,phase:Gunnery,Gunnery,1800,1800,0.140400,0.078
9,0,phase:Gunnery,ShipStep,1800,7200,78.387600,43.549
9,0,phase:Gunnery,Collision,1800,7200,16.780000,9.322
9,0,phase:Gunnery,Projectiles,1800,7200,104.103200,57.835
9,0,phase:Gunnery,Missiles,1800,7200,11.411300,6.340
9,0,phase:Gunnery,PointDefense,1800,7200,37.987500,21.104
9,0,phase:Gunnery,Drones,1800,7200,7.506800,4.170
9,0,phase:Gunnery,Sensors,1800,1800,1.613300,0.896
9,0,phase:Gunnery,Post,1800,7200,4.617600,2.565
9,0,phase:Sniping,Tick,10800,10800,1980.482700,183.378
9,0,phase:Sniping,AI,10800,10800,494.825000,45.817
9,0,phase:Sniping,AICommand,10800,10800,3.749100,0.347
9,0,phase:Sniping,AIThink,10800,17054,44.976200,4.164
9,0,phase:Sniping,AIDrive,10800,255813,148.855900,13.783
9,0,phase:Sniping,AIEngage,10800,10800,288.119900,26.678
9,0,phase:Sniping,Gunnery,10800,10800,0.961600,0.089
9,0,phase:Sniping,ShipStep,10800,43200,501.351900,46.421
9,0,phase:Sniping,Collision,10800,43200,101.164700,9.367
9,0,phase:Sniping,Projectiles,10800,43200,134.489000,12.453
9,0,phase:Sniping,Missiles,10800,43200,179.837200,16.652
9,0,phase:Sniping,PointDefense,10800,43200,381.212000,35.297
9,0,phase:Sniping,Drones,10800,43200,143.944700,13.328
9,0,phase:Sniping,Sensors,10800,10800,9.729700,0.901
9,0,phase:Sniping,Post,10800,43200,26.319300,2.437
9,0,phase:Brawl,Tick,1087,1087,207.213000,190.628
9,0,phase:Brawl,AI,1087,1087,51.003700,46.922
9,0,phase:Brawl,AICommand,1087,1087,0.399100,0.367
9,0,phase:Brawl,AIThink,1087,1469,3.639100,3.348
9,0,phase:Brawl,AIDrive,1087,21992,13.759200,12.658
9,0,phase:Brawl,AIEngage,1087,1087,32.297800,29.713
9,0,phase:Brawl,Gunnery,1087,1087,0.094300,0.087
9,0,phase:Brawl,ShipStep,1087,4348,44.892500,41.299
9,0,phase:Brawl,Collision,1087,4348,11.424100,10.510
9,0,phase:Brawl,Projectiles,1087,4348,66.220700,60.921
9,0,phase:Brawl,Missiles,1087,4348,6.006100,5.525
9,0,phase:Brawl,PointDefense,1087,4348,18.668700,17.175
9,0,phase:Brawl,Drones,1087,4348,4.341900,3.994
9,0,phase:Brawl,Sensors,1087,1087,0.966900,0.890
9,0,phase:Brawl,Post,1087,4348,2.899400,2.667
9,0,time:0-300,Tick,18000,18000,2063.785600,114.655
9,0,time:0-300,AI,18000,18000,399.816600,22.212
9,0,time:0-300,AICommand,18000,18000,5.313400,0.295
9,0,time:0-300,AIThink,18000,28796,21.184100,1.177
9,0,time:0-300,AIDrive,18000,432000,211.054100,11.725
9,0,time:0-300,AIEngage,18000,18000,147.779800,8.210
9,0,time:0-300,Gunnery,18000,18000,1.358500,0.075
9,0,time:0-300,ShipStep,18000,72000,758.160700,42.120
9,0,time:0-300,Collision,18000,72000,156.510500,8.695
9,0,time:0-300,Projectiles,18000,72000,2.392700,0.133
9,0,time:0-300,Missiles,18000,72000,139.994200,7.777
9,0,time:0-300,PointDefense,18000,72000,401.834900,22.324
9,0,time:0-300,Drones,18000,72000,140.021800,7.779
9,0,time:0-300,Sensors,18000,18000,14.813900,0.823
9,0,time:0-300,Post,18000,72000,38.022300,2.112
9,0,time:300-540,Tick,14400,14400,2802.291100,194.604
9,0,time:300-540,AI,14400,14400,661.216700,45.918
9,0,time:300-540,AICommand,14400,14400,4.895500,0.340
9,0,time:300-540,AIThink,14400,23040,64.586300,4.485
9,0,time:300-540,AIDrive,14400,345600,200.716000,13.939
9,0,time:300-540,AIEngage,14400,14400,378.790700,26.305
9,0,time:300-540,Gunnery,14400,14400,1.127500,0.078
9,0,time:300-540,ShipStep,14400,57600,682.168100,47.373
9,0,time:300-540,Collision,14400,57600,133.787000,9.291
9,0,time:300-540,Projectiles,14400,57600,10.608000,0.737
9,0,time:300-540,Missiles,14400,57600,357.953000,24.858
9,0,time:300-540,PointDefense,14400,57600,616.323900,42.800
9,0,time:300-540,Drones,14400,57600,283.016300,19.654
9,0,time:300-540,Sensors,14400,14400,12.629000,0.877
9,0,time:300-540,Post,14400,57600,34.537100,2.398
9,0,time:540+,Tick,8287,8287,1490.232200,179.828
9,0,time:540+,AI,8287,8287,385.441400,46.512
9,0,time:540+,AICommand,8287,8287,3.335500,0.402
9,0,time:540+,AIThink,8287,12643,30.097700,3.632
9,0,time:540+,AIDrive,8287,189605,109.234100,13.181
9,0,time:540+,AIEngage,8287,8287,235.811100,28.456
9,0,time:540+,Gunnery,8287,8287,0.757000,0.091
9,0,time:540+,ShipStep,8287,33148,366.535600,44.230
9,0,time:540+,Collision,8287,33148,78.377700,9.458
9,0,time:540+,Projectiles,8287,33148,295.549400,35.664
9,0,time:540+,Missiles,8287,33148,72.442200,8.742
9,0,time:540+,PointDefense,8287,33148,201.373300,24.300
9,0,time:540+,Drones,8287,33148,56.257700,6.789
9,0,time:540+,Sensors,8287,8287,7.540400,0.910
9,0,time:540+,Post,8287,33148,20.893300,2.521
9,1,All,Tick,44264,44264,6728.059000,151.998
9,1,All,AI,44264,44264,1463.818800,33.070
9,1,All,AICommand,44264,44264,14.481400,0.327
9,1,All,AIThink,44264,68256,105.248700,2.378
9,1,All,AIDrive,44264,1023902,537.296100,12.138
9,1,All,AIEngage,44264,44264,769.636800,17.387
9,1,All,Gunnery,44264,44264,3.378300,0.076
9,1,All,ShipStep,44264,177056,1884.689100,42.578
9,1,All,Collision,44264,177056,607.855600,13.733
9,1,All,Projectiles,44264,177056,323.582200,7.310
9,1,All,Missiles,44264,177056,582.389800,13.157
9,1,All,PointDefense,44264,177056,1223.143800,27.633
9,1,All,Drones,44264,177056,468.807000,10.591
9,1,All,Sensors,44264,44264,38.465900,0.869
9,1,All,Post,44264,177056,104.380200,2.358
9,1,phase:Approach,Tick,7200,7200,667.153800,92.660
9,1,phase:Approach,AI,7200,7200,105.139400,14.603
9,1,phase:Approach,AICommand,7200,7200,2.015500,0.280
9,1,phase:Approach,AIThink,7200,11520,7.251700,1.007
9,1,phase:Approach,AIDrive,7200,172800,76.203300,10.584
9,1,phase:Approach,AIEngage,7200,7200,13.808300,1.918
9,1,phase:Approach,Gunnery,7200,7200,0.512100,0.071
9,1,phase:Approach,ShipStep,7200,28800,284.842700,39.561
9,1,phase:Approach,Collision,7200,28800,64.377900,8.941
9,1,phase:Approach,Projectiles,7200,28800,0.956900,0.133
9,1,phase:Approach,Missiles,7200,28800,23.260500,3.231
9,1,phase:Approach,PointDefense,7200,28800,126.141500,17.520
9,1,phase:Approach,Drones,7200,28800,36.262400,5.036
9,1,phase:Approach,Sensors,7200,7200,6.117300,0.850
9,1,phase:Approach,Post,7200,28800,15.235300,2.116
9,1,phase:Missile,Tick,23400,23400,3546.893700,151.577
9,1,phase:Missile,AI,23400,23400,749.987500,32.051
9,1,phase:Missile,AICommand,23400,23400,7.412500,0.317
9,1,phase:Missile,AIThink,23400,37436,60.076700,2.567
9,1,phase:Missile,AIDrive,23400,561600,297.669300,12.721
9,1,phase:Missile,AIEngage,23400,23400,365.280800,15.610
9,1,phase:Missile,Gunnery,23400,23400,1.771600,0.076
9,1,phase:Missile,ShipStep,23400,93600,1023.389800,43.735
9,1,phase:Missile,Collision,23400,93600,206.506000,8.825
9,1,phase:Missile,Projectiles,23400,93600,3.187800,0.136
9,1,phase:Missile,Missiles,23400,93600,403.247700,17.233
9,1,phase:Missile,PointDefense,23400,93600,749.382600,32.025
9,1,phase:Missile,Drones,23400,93600,321.297400,13.731
9,1,phase:Missile,Sensors,23400,23400,20.015000,0.855
9,1,phase:Missile,Post,23400,93600,53.508800,2.287
9,1,phase:Sniping,Tick,13664,13664,2514.011500,183.988
9,1,phase:Sniping,AI,13664,13664,608.691900,44.547
9,1,phase:Sniping,AICommand,13664,13664,5.053400,0.370
9,1,phase:Sniping,AIThink,13664,19300,37.920300,2.775
9,1,phase:Sniping,AIDrive,13664,289502,163.423500,11.960
9,1,phase:Sniping,AIEngage,13664,13664,390.547700,28.582
9,1,phase:Sniping,Gunnery,13664,13664,1.094600,0.080
9,1,phase:Sniping,ShipStep,13664,54656,576.456600,42.188
9,1,phase:Sniping,Collision,13664,54656,336.971700,24.661
9,1,phase:Sniping,Projectiles,13664,54656,319.437500,23.378
9,1,phase:Sniping,Missiles,13664,54656,155.881600,11.408
9,1,phase:Sniping,PointDefense,13664,54656,347.619700,25.441
9,1,phase:Sniping,Drones,13664,54656,111.247200,8.142
9,1,phase:Sniping,Sensors,13664,13664,12.333600,0.903
9,1,phase:Sniping,Post,13664,54656,35.636100,2.608
9,1,time:0-300,Tick,18000,18000,1922.435200,106.802
9,1,time:0-300,AI,18000,18000,343.566600,19.087
9,1,time:0-300,AICommand,18000,18000,5.230000,0.291
9,1,time:0-300,AIThink,18000,28796,24.141500,1.341
9,1,time:0-300,AIDrive,18000,432000,204.474800,11.360
9,1,time:0-300,AIEngage,18000,18000,94.985500,5.277
9,1,time:0-300,Gunnery,18000,18000,1.345600,0.075
9,1,time:0-300,ShipStep,18000,72000,734.723700,40.818
9,1,time:0-300,Collision,18000,72000,159.430800,8.857
9,1,time:0-300,Projectiles,18000,72000,2.385300,0.133
9,1,time:0-300,Missiles,18000,72000,117.231100,6.513
9,1,time:0-300,PointDefense,18000,72000,374.178200,20.788
9,1,time:0-300,Drones,18000,72000,124.881400,6.938
9,1,time:0-300,Sensors,18000,18000,15.234100,0.846
9,1,time:0-300,Post,18000,72000,38.562500,2.142
9,1,time:300-540,Tick,14400,14400,2675.745500,185.816
9,1,time:300-540,AI,14400,14400,604.129500,41.953
9,1,time:300-540,AICommand,14400,14400,4.833200,0.336
9,1,time:300-540,AIThink,14400,23040,51.742700,3.593
9,1,time:300-540,AIDrive,14400,345600,195.635800,13.586
9,1,time:300-540,AIEngage,14400,14400,339.708500,23.591
9,1,time:300-540,Gunnery,14400,14400,1.069900,0.074
9,1,time:300-540,ShipStep,14400,57600,662.423500,46.002
9,1,time:300-540,Collision,14400,57600,127.375600,8.846
9,1,time:300-540,Projectiles,14400,57600,2.017400,0.140
9,1,time:300-540,Missiles,14400,57600,360.180700,25.013
9,1,time:300-540,PointDefense,14400,57600,591.642200,41.086
9,1,time:300-540,Drones,14400,57600,270.555500,18.789
9,1,time:300-540,Sensors,14400,14400,12.504600,0.868
9,1,time:300-540,Post,14400,57600,34.715000,2.411
9,1,time:540+,Tick,11864,11864,2129.878300,179.524
9,1,time:540+,AI,11864,11864,516.122700,43.503
9,1,time:540+,AICommand,11864,11864,4.418200,0.372
9,1,time:540+,AIThink,11864,16420,29.364500,2.475
9,1,time:540+,AIDrive,11864,246302,137.185500,11.563
9,1,time:540+,AIEngage,11864,11864,334.942800,28.232
9,1,time:540+,Gunnery,11864,11864,0.962800,0.081
9,1,time:540+,ShipStep,11864,47456,487.541900,41.094
9,1,time:540+,Collision,11864,47456,321.049200,27.061
9,1,time:540+,Projectiles,11864,47456,319.179500,26.903
9,1,time:540+,Missiles,11864,47456,104.978000,8.848
9,1,time:540+,PointDefense,11864,47456,257.323400,21.689
9,1,time:540+,Drones,11864,47456,73.370100,6.184
9,1,time:540+,Sensors,11864,11864,10.727200,0.904
9,1,time:540+,Post,11864,47456,31.102700,2.622
10,0,All,Tick,62175,62175,10377.611100,166.910
10,0,All,AI,62175,62175,2465.064000,39.647
10,0,All,AICommand,62175,62175,20.211600,0.325
10,0,All,AIThink,62175,88472,175.285000,2.819
10,0,All,AIDrive,62175,1327112,818.313300,13.161
10,0,All,AIEngage,62175,62175,1396.468300,22.460
10,0,All,Gunnery,62175,62175,5.135700,0.083
10,0,All,ShipStep,62175,248700,2728.930500,43.891
10,0,All,Collision,62175,248700,886.963700,14.266
10,0,All,Projectiles,62175,248700,593.894900,9.552
10,0,All,Missiles,62175,248700,795.442000,12.794
10,0,All,PointDefense,62175,248700,1968.017600,31.653
10,0,All,Drones,62175,248700,674.806300,10.853
10,0,All,Sensors,62175,62175,57.209000,0.920
10,0,All,Post,62175,248700,160.665100,2.584
10,0,phase:Approach,Tick,7200,7200,703.291500,97.679
10,0,phase:Approach,AI,7200,7200,106.650700,14.813
10,0,phase:Approach,AICommand,7200,7200,2.149700,0.299
10,0,phase:Approach,AIThink,7200,11520,7.121200,0.989
10,0,phase:Approach,AIDrive,7200,172800,76.409300,10.612
10,0,phase:Approach,AIEngage,7200,7200,14.695300,2.041
10,0,phase:Approach,Gunnery,7200,7200,0.514700,0.071
10,0,phase:Approach,ShipStep,7200,28800,283.505400,39.376
10,0,phase:Approach,Collision,7200,28800,97.638500,13.561
10,0,phase:Approach,Projectiles,7200,28800,0.973500,0.135
10,0,phase:Approach,Missiles,7200,28800,23.108700,3.210
10,0,phase:Approach,PointDefense,7200,28800,127.457900,17.702
10,0,phase:Approach,Drones,7200,28800,36.570300,5.079
10,0,phase:Approach,Sensors,7200,7200,5.988700,0.832
10,0,phase:Approach,Post,7200,28800,16.178100,2.247
10,0,phase:Missile,Tick,21600,21600,3491.608300,161.649
10,0,phase:Missile,AI,21600,21600,738.347200,34.183
10,0,phase:Missile,AICommand,21600,21600,7.043400,0.326
10,0,phase:Missile,AIThink,21600,34556,49.211800,2.278
10,0,phase:Missile,AIDrive,21600,518400,286.746000,13.275
10,0,phase:Missile,AIEngage,21600,21600,376.088500,17.412
10,0,phase:Missile,Gunnery,21600,21600,1.567100,0.073
10,0,phase:Missile,ShipStep,21600,86400,975.594600,45.166
10,0,phase:Missile,Collision,21600,86400,201.198400,9.315
10,0,phase:Missile,Projectiles,21600,86400,3.106300,0.144
10,0,phase:Missile,Missiles,21600,86400,404.690100,18.736
10,0,phase:Missile,PointDefense,21600,86400,762.166500,35.285
10,0,phase:Missile,Drones,21600,86400,318.851900,14.762
10,0,phase:Missile,Sensors,21600,21600,18.710000,0.866
10,0,phase:Missile,Post,21600,86400,52.963600,2.452
10,0,phase:Sniping,Tick,12600,12600,2502.451400,198.607
10,0,phase:Sniping,AI,12600,12600,644.236700,51.130
10,0,phase:Sniping,AICommand,12600,12600,4.371500,0.347
10,0,phase:Sniping,AIThink,12600,19428,44.322400,3.518
10,0,phase:Sniping,AIDrive,12600,291412,177.052900,14.052
10,0,phase:Sniping,AIEngage,12600,12600,406.749300,32.282
10,0,phase:Sniping,Gunnery,12600,12600,1.049000,0.083
10,0,phase:Sniping,ShipStep,12600,50400,595.665800,47.275
10,0,phase:Sniping,Collision,12600,50400,118.071600,9.371
10,0,phase:Sniping,Projectiles,12600,50400,295.467500,23.450
10,0,phase:Sniping,Missiles,12600,50400,207.403800,16.461
10,0,phase:Sniping,PointDefense,12600,50400,406.270100,32.244
10,0,phase:Sniping,Drones,12600,50400,179.833200,14.272
10,0,phase:Sniping,Sensors,12600,12600,11.653800,0.925
10,0,phase:Sniping,Post,12600,50400,34.300500,2.722
10,0,phase:Brawl,Tick,20775,20775,3680.259900,177.148
10,0,phase:Brawl,AI,20775,20775,975.829400,46.971
10,0,phase:Brawl,AICommand,20775,20775,6.647000,0.320
10,0,phase:Brawl,AIThink,20775,22968,74.629600,3.592
10,0,phase:Brawl,AIDrive,20775,344500,278.105100,13.387
10,0,phase:Brawl,AIEngage,20775,20775,598.935200,28.830
10,0,phase:Brawl,Gunnery,20775,20775,2.004900,0.097
10,0,phase:Brawl,ShipStep,20775,83100,874.164700,42.078
10,0,phase:Brawl,Collision,20775,83100,470.055200,22.626
10,0,phase:Brawl,Projectiles,20775,83100,294.347600,14.168
10,0,phase:Brawl,Missiles,20775,83100,160.239400,7.713
10,0,phase:Brawl,PointDefense,20775,83100,672.123100,32.352
10,0,phase:Brawl,Drones,20775,83100,139.550900,6.717
10,0,phase:Brawl,Sensors,20775,20775,20.856500,1.004
10,0,phase:Brawl,Post,20775,83100,57.222900,2.754
10,0,time:0-300,Tick,18000,18000,2036.245200,113.125
10,0,time:0-300,AI,18000,18000,372.079900,20.671
10,0,time:0-300,AICommand,18000,18000,5.431000,0.302
10,0,time:0-300,AIThink,18000,28796,20.235800,1.124
10,0,time:0-300,AIDrive,18000,432000,211.769200,11.765
10,0,time:0-300,AIEngage,18000,18000,118.938600,6.608
10,0,time:0-300,Gunnery,18000,18000,1.292500,0.072
10,0,time:0-300,ShipStep,18000,72000,748.191100,41.566
10,0,time:0-300,Collision,18000,72000,196.760500,10.931
10,0,time:0-300,Projectiles,18000,72000,2.522700,0.140
10,0,time:0-300,Missiles,18000,72000,123.065800,6.837
10,0,time:0-300,PointDefense,18000,72000,392.060100,21.781
10,0,time:0-300,Drones,18000,72000,132.166100,7.343
10,0,time:0-300,Sensors,18000,18000,15.117700,0.840
10,0,time:0-300,Post,18000,72000,41.117800,2.284
10,0,time:300-540,Tick,14400,14400,2885.718900,200.397
10,0,time:300-540,AI,14400,14400,640.132100,44.454
10,0,time:300-540,AICommand,14400,14400,5.003500,0.347
10,0,time:300-540,AIThink,14400,23040,49.524900,3.439
10,0,time:300-540,AIDrive,14400,345600,200.816100,13.946
10,0,time:300-540,AIEngage,14400,14400,371.733300,25.815
10,0,time:300-540,Gunnery,14400,14400,1.066800,0.074
10,0,time:300-540,ShipStep,14400,57600,685.340100,47.593
10,0,time:300-540,Collision,14400,57600,135.332400,9.398
10,0,time:300-540,Projectiles,14400,57600,2.068800,0.144
10,0,time:300-540,Missiles,14400,57600,400.743600,27.829
10,0,time:300-540,PointDefense,14400,57600,664.619800,46.154
10,0,time:300-540,Drones,14400,57600,296.321300,20.578
10,0,time:300-540,Sensors,14400,14400,12.663900,0.879
10,0,time:300-540,Post,14400,57600,37.698500,2.618
10,0,time:540+,Tick,29775,29775,5455.647000,183.229
10,0,time:540+,AI,29775,29775,1452.852000,48.794
10,0,time:540+,AICommand,29775,29775,9.777100,0.328
10,0,time:540+,AIThink,29775,36636,105.524300,3.544
10,0,time:540+,AIDrive,29775,549512,405.728000,13.626
10,0,time:540+,AIEngage,29775,29775,905.796400,30.421
10,0,time:540+,Gunnery,29775,29775,2.776400,0.093
10,0,time:540+,ShipStep,29775,119100,1295.399300,43.506
10,0,time:540+,Collision,29775,119100,554.870800,18.635
10,0,time:540+,Projectiles,29775,119100,589.303400,19.792
10,0,time:540+,Missiles,29775,119100,271.632600,9.123
10,0,time:540+,PointDefense,29775,119100,911.337700,30.607
10,0,time:540+,Drones,29775,119100,246.318900,8.273
10,0,time:540+,Sensors,29775,29775,29.427400,0.988
10,0,time:540+,Post,29775,119100,81.848800,2.749
10,1,All,Tick,47718,47718,7893.554000,165.421
10,1,All,AI,47718,47718,1839.405400,38.547
10,1,All,AICommand,47718,47718,16.257100,0.341
10,1,All,AIThink,47718,74288,124.783800,2.615
10,1,All,AIDrive,47718,1114279,635.016200,13.308
10,1,All,AIEngage,47718,47718,1021.291900,21.403
10,1,All,Gunnery,47718,47718,3.810500,0.080
10,1,All,ShipStep,47718,190872,2140.165400,44.850
10,1,All,Collision,47718,190872,461.205000,9.665
10,1,All,Projectiles,47718,190872,548.190000,11.488
10,1,All,Missiles,47718,190872,692.204000,14.506
10,1,All,PointDefense,47718,190872,1417.715000,29.710
10,1,All,Drones,47718,190872,602.041500,12.617
10,1,All,Sensors,47718,47718,41.756000,0.875
10,1,All,Post,47718,190872,115.880300,2.428
10,1,phase:Approach,Tick,7200,7200,667.264900,92.676
10,1,phase:Approach,AI,7200,7200,105.567400,14.662
10,1,phase:Approach,AICommand,7200,7200,2.103600,0.292
10,1,phase:Approach,AIThink,7200,11520,7.554300,1.049
10,1,phase:Approach,AIDrive,7200,172800,75.262100,10.453
10,1,phase:Approach,AIEngage,7200,7200,14.637600,2.033
10,1,phase:Approach,Gunnery,7200,7200,0.520800,0.072
10,1,phase:Approach,ShipStep,7200,28800,285.914800,39.710
10,1,phase:Approach,Collision,7200,28800,64.572800,8.968
10,1,phase:Approach,Projectiles,7200,28800,0.949100,0.132
10,1,phase:Approach,Missiles,7200,28800,22.043600,3.062
10,1,phase:Approach,PointDefense,7200,28800,125.511700,17.432
10,1,phase:Approach,Drones,7200,28800,36.456000,5.063
10,1,phase:Approach,Sensors,7200,7200,5.931300,0.824
10,1,phase:Approach,Post,7200,28800,15.270400,2.121
10,1,phase:Missile,Tick,25200,25200,4070.037700,161.509
10,1,phase:Missile,AI,25200,25200,886.583300,35.182
10,1,phase:Missile,AICommand,25200,25200,8.370300,0.332
10,1,phase:Missile,AIThink,25200,40316,65.110000,2.584
10,1,phase:Missile,AIDrive,25200,604800,330.759400,13.125
10,1,phase:Missile,AIEngage,25200,25200,460.261700,18.264
10,1,phase:Missile,Gunnery,25200,25200,1.949700,0.077
10,1,phase:Missile,ShipStep,25200,100800,1132.026100,44.922
10,1,phase:Missile,Collision,25200,100800,223.746100,8.879
10,1,phase:Missile,Projectiles,25200,100800,3.476200,0.138
10,1,phase:Missile,Missiles,25200,100800,481.493900,19.107
10,1,phase:Missile,PointDefense,25200,100800,845.895200,33.567
10,1,phase:Missile,Drones,25200,100800,397.232500,15.763
10,1,phase:Missile,Sensors,25200,25200,21.889200,0.869
10,1,phase:Missile,Post,25200,100800,59.394000,2.357
10,1,phase:Sniping,Tick,7200,7200,1461.944400,203.048
10,1,phase:Sniping,AI,7200,7200,376.531700,52.296
10,1,phase:Sniping,AICommand,7200,7200,2.661600,0.370
10,1,phase:Sniping,AIThink,7200,11485,23.316700,3.238
10,1,phase:Sniping,AIDrive,7200,172277,105.197400,14.611
10,1,phase:Sniping,AIEngage,7200,7200,238.769100,33.162
10,1,phase:Sniping,Gunnery,7200,7200,0.619100,0.086
10,1,phase:Sniping,ShipStep,7200,28800,348.413700,48.391
10,1,phase:Sniping,Collision,7200,28800,65.630200,9.115
10,1,phase:Sniping,Projectiles,7200,28800,219.039200,30.422
10,1,phase:Sniping,Missiles,7200,28800,106.060300,14.731
10,1,phase:Sniping,PointDefense,7200,28800,222.183600,30.859
10,1,phase:Sniping,Drones,7200,28800,93.808000,13.029
10,1,phase:Sniping,Sensors,7200,7200,6.494100,0.902
10,1,phase:Sniping,Post,7200,28800,18.334600,2.546
10,1,phase:Brawl,Tick,8118,8118,1694.307000,208.710
10,1,phase:Brawl,AI,8118,8118,470.723000,57.985
10,1,phase:Brawl,AICommand,8118,8118,3.121600,0.385
10,1,phase:Brawl,AIThink,8118,10967,28.802800,3.548
10,1,phase:Brawl,AIDrive,8118,164402,123.797300,15.250
10,1,phase:Brawl,AIEngage,8118,8118,307.623500,37.894
10,1,phase:Brawl,Gunnery,8118,8118,0.720900,0.089
10,1,phase:Brawl,ShipStep,8118,32472,373.810800,46.047
10,1,phase:Brawl,Collision,8118,32472,107.255900,13.212
10,1,phase:Brawl,Projectiles,8118,32472,324.725500,40.001
10,1,phase:Brawl,Missiles,8118,32472,82.606200,10.176
10,1,phase:Brawl,PointDefense,8118,32472,224.124500,27.608
10,1,phase:Brawl,Drones,8118,32472,74.545000,9.183
10,1,phase:Brawl,Sensors,8118,8118,7.441400,0.917
10,1,phase:Brawl,Post,8118,32472,22.881300,2.819
10,1,time:0-300,Tick,18000,18000,2029.570300,112.754
10,1,time:0-300,AI,18000,18000,382.183200,21.232
10,1,time:0-300,AICommand,18000,18000,5.479700,0.304
10,1,time:0-300,AIThink,18000,28796,22.135200,1.230
10,1,time:0-300,AIDrive,18000,432000,209.292800,11.627
10,1,time:0-300,AIEngage,18000,18000,129.946100,7.219
10,1,time:0-300,Gunnery,18000,18000,1.326200,0.074
10,1,time:0-300,ShipStep,18000,72000,755.825300,41.990
10,1,time:0-300,Collision,18000,72000,161.536600,8.974
10,1,time:0-300,Projectiles,18000,72000,2.465500,0.137
10,1,time:0-300,Missiles,18000,72000,131.443500,7.302
10,1,time:0-300,PointDefense,18000,72000,391.913500,21.773
10,1,time:0-300,Drones,18000,72000,136.637600,7.591
10,1,time:0-300,Sensors,18000,18000,15.407000,0.856
10,1,time:0-300,Post,18000,72000,39.381700,2.188
10,1,time:300-540,Tick,14400,14400,2707.732300,188.037
10,1,time:300-540,AI,14400,14400,609.967500,42.359
10,1,time:300-540,AICommand,14400,14400,4.994200,0.347
10,1,time:300-540,AIThink,14400,23040,50.529100,3.509
10,1,time:300-540,AIDrive,14400,345600,196.728700,13.662
10,1,time:300-540,AIEngage,14400,14400,344.953200,23.955
10,1,time:300-540,Gunnery,14400,14400,1.144300,0.079
10,1,time:300-540,ShipStep,14400,57600,662.115600,45.980
10,1,time:300-540,Collision,14400,57600,126.782300,8.804
10,1,time:300-540,Projectiles,14400,57600,1.959800,0.136
10,1,time:300-540,Missiles,14400,57600,372.094000,25.840
10,1,time:300-540,PointDefense,14400,57600,579.493400,40.243
10,1,time:300-540,Drones,14400,57600,297.050900,20.629
10,1,time:300-540,Sensors,14400,14400,12.413500,0.862
10,1,time:300-540,Post,14400,57600,35.282700,2.450
10,1,time:540+,Tick,15318,15318,3156.251400,206.049
10,1,time:540+,AI,15318,15318,847.254700,55.311
10,1,time:540+,AICommand,15318,15318,5.783200,0.378
10,1,time:540+,AIThink,15318,22452,52.119500,3.403
10,1,time:540+,AIDrive,15318,336679,228.994700,14.949
10,1,time:540+,AIEngage,15318,15318,546.392600,35.670
10,1,time:540+,Gunnery,15318,15318,1.340000,0.087
10,1,time:540+,ShipStep,15318,61272,722.224500,47.149
10,1,time:540+,Collision,15318,61272,172.886100,11.286
10,1,time:540+,Projectiles,15318,61272,543.764700,35.498
10,1,time:540+,Missiles,15318,61272,188.666500,12.317
10,1,time:540+,PointDefense,15318,61272,446.308100,29.136
10,1,time:540+,Drones,15318,61272,168.353000,10.991
10,1,time:540+,Sensors,15318,15318,13.935500,0.910
10,1,time:540+,Post,15318,61272,41.215900,2.691
