Godot Engine v4.7.2.stable.mono.official.ed1daf0bf - https://godotengine.org
Vulkan 1.4.341 - Forward+ - Using Device #0: NVIDIA - NVIDIA GeForce RTX 2060

autoplay start: sim=4.47s FPS min=10.28 mean=127.75 engine=29.0
perf t=5s fps=128.1 frame=8ms | hudDraw=1.8/12 physics=1.6/6 sim=1.5/3 shipViews=0.7/4 audioObserve=0.1/0 contacts=0.1/0 ordnance=0.0/4 ballistics=0.0/3 shipCombat=0.0/1 fxSync=0.0/1 fxObserve=0.0/0 audioListener=0.0/0 combat+am=0.0/0 | draws=540 objects=6466 prims=107389 nodes=2922 gpu=281MB
sim-profile t=4.733s ticks=252 us/tick | Tick=747.05 AI=105.96 AICommand=2.18 AIThink=11.84 AIDrive=74.55 AIEngage=12.24 Gunnery=0.72 ShipStep=254.20 Collision=48.12 Projectiles=0.80 Missiles=19.76 PointDefense=211.66 Drones=58.07 Sensors=7.75 Post=36.47
perf t=9s fps=141.1 frame=7ms | hudDraw=1.6/3 physics=0.8/4 sim=0.7/1 shipViews=0.6/1 audioObserve=0.0/0 contacts=0.0/0 ballistics=0.0/0 shipCombat=0.0/0 fxSync=0.0/0 ordnance=0.0/0 fxObserve=0.0/0 audioListener=0.0/0 combat+am=0.0/0 | draws=548 objects=6498 prims=107689 nodes=2922 gpu=281MB
sim-profile t=8.733s ticks=240 us/tick | Tick=409.56 AI=60.02 AICommand=1.65 AIThink=6.64 AIDrive=39.24 AIEngage=9.15 Gunnery=0.65 ShipStep=136.20 Collision=28.44 Projectiles=0.51 Missiles=12.71 PointDefense=114.22 Drones=33.47 Sensors=6.08 Post=15.23
perf t=13s fps=143.9 frame=7ms | hudDraw=1.4/4 shipViews=0.5/1 physics=0.2/3 sim=0.2/2 audioObserve=0.0/0 contacts=0.0/0 ballistics=0.0/0 shipCombat=0.0/0 fxSync=0.0/0 ordnance=0.0/0 fxObserve=0.0/0 audioListener=0.0/0 combat+am=0.0/0 | draws=551 objects=6433 prims=107821 nodes=2922 gpu=281MB
sim-profile t=12.800s ticks=244 us/tick | Tick=127.75 AI=31.79 AICommand=1.25 AIThink=2.15 AIDrive=24.15 AIEngage=3.01 Gunnery=0.13 ShipStep=46.75 Collision=10.46 Projectiles=0.16 Missiles=3.75 PointDefense=21.86 Drones=6.10 Sensors=1.32 Post=4.80
perf t=17s fps=144.1 frame=7ms | hudDraw=1.2/2 shipViews=0.5/1 physics=0.2/1 sim=0.2/0 audioObserve=0.0/0 contacts=0.0/0 ballistics=0.0/0 shipCombat=0.0/0 fxSync=0.0/0 ordnance=0.0/0 audioListener=0.0/0 fxObserve=0.0/0 combat+am=0.0/0 | draws=509 objects=6349 prims=106217 nodes=2922 gpu=281MB
sim-profile t=16.800s ticks=240 us/tick | Tick=111.81 AI=21.45 AICommand=0.79 AIThink=1.78 AIDrive=14.78 AIEngage=2.77 Gunnery=0.11 ShipStep=43.51 Collision=10.13 Projectiles=0.14 Missiles=3.49 PointDefense=20.61 Drones=5.70 Sensors=1.10 Post=4.93
perf t=21s fps=144.0 frame=7ms | hudDraw=1.2/2 shipViews=0.5/1 physics=0.2/1 sim=0.2/0 audioObserve=0.0/0 contacts=0.0/0 shipCombat=0.0/0 ballistics=0.0/0 fxSync=0.0/0 ordnance=0.0/0 audioListener=0.0/0 fxObserve=0.0/0 combat+am=0.0/0 | draws=502 objects=6344 prims=105749 nodes=2922 gpu=281MB
sim-profile t=20.800s ticks=240 us/tick | Tick=116.02 AI=23.13 AICommand=1.35 AIThink=2.14 AIDrive=15.55 AIEngage=2.95 Gunnery=0.12 ShipStep=44.31 Collision=11.07 Projectiles=0.15 Missiles=3.41 PointDefense=21.22 Drones=5.75 Sensors=1.43 Post=4.83
perf t=25s fps=143.9 frame=7ms | hudDraw=1.3/2 shipViews=0.5/1 physics=0.2/1 sim=0.2/1 audioObserve=0.0/0 contacts=0.0/0 ballistics=0.0/0 fxSync=0.0/0 shipCombat=0.0/0 ordnance=0.0/0 fxObserve=0.0/0 audioListener=0.0/0 combat+am=0.0/0 | draws=529 objects=6401 prims=106723 nodes=2922 gpu=281MB
sim-profile t=24.867s ticks=244 us/tick | Tick=112.04 AI=24.19 AICommand=0.70 AIThink=2.08 AIDrive=17.29 AIEngage=2.94 Gunnery=0.11 ShipStep=42.84 Collision=9.91 Projectiles=0.15 Missiles=3.39 PointDefense=19.83 Drones=5.37 Sensors=1.19 Post=4.43
perf t=29s fps=144.1 frame=7ms | hudDraw=1.4/2 shipViews=0.6/2 physics=0.2/1 sim=0.2/0 audioObserve=0.0/0 contacts=0.0/0 ballistics=0.0/0 shipCombat=0.0/0 fxSync=0.0/0 ordnance=0.0/0 fxObserve=0.0/0 audioListener=0.0/0 combat+am=0.0/0 | draws=549 objects=6423 prims=107767 nodes=2922 gpu=281MB
sim-profile t=28.867s ticks=240 us/tick | Tick=124.82 AI=24.25 AICommand=0.83 AIThink=2.48 AIDrive=16.26 AIEngage=3.23 Gunnery=0.13 ShipStep=49.08 Collision=11.30 Projectiles=0.32 Missiles=3.98 PointDefense=22.89 Drones=6.20 Sensors=1.35 Post=4.67
perf t=33s fps=144.0 frame=7ms | hudDraw=1.3/2 shipViews=0.5/1 physics=0.2/1 sim=0.2/1 audioObserve=0.0/0 contacts=0.0/0 ballistics=0.0/0 shipCombat=0.0/0 fxSync=0.0/0 ordnance=0.0/0 audioListener=0.0/0 fxObserve=0.0/0 combat+am=0.0/0 | draws=525 objects=6382 prims=106661 nodes=2922 gpu=281MB
sim-profile t=32.867s ticks=240 us/tick | Tick=122.84 AI=24.88 AICommand=2.29 AIThink=2.32 AIDrive=15.51 AIEngage=3.49 Gunnery=0.12 ShipStep=46.63 Collision=11.57 Projectiles=0.14 Missiles=3.62 PointDefense=21.20 Drones=5.81 Sensors=1.15 Post=6.97
perf t=37s fps=144.0 frame=7ms | hudDraw=1.3/2 shipViews=0.5/1 physics=0.2/1 sim=0.2/0 audioObserve=0.0/0 contacts=0.0/0 ballistics=0.0/0 shipCombat=0.0/0 fxSync=0.0/0 ordnance=0.0/0 fxObserve=0.0/0 audioListener=0.0/0 combat+am=0.0/0 | draws=511 objects=6353 prims=106253 nodes=2922 gpu=281MB
sim-profile t=36.867s ticks=240 us/tick | Tick=116.95 AI=23.77 AICommand=0.61 AIThink=2.05 AIDrive=15.57 AIEngage=4.37 Gunnery=0.12 ShipStep=45.14 Collision=10.67 Projectiles=0.15 Missiles=3.42 PointDefense=21.60 Drones=5.90 Sensors=1.14 Post=4.41
perf t=41s fps=143.9 frame=7ms | hudDraw=1.3/2 shipViews=0.5/1 physics=0.2/1 sim=0.2/0 audioObserve=0.0/0 contacts=0.0/0 ballistics=0.0/0 fxSync=0.0/0 shipCombat=0.0/0 ordnance=0.0/0 fxObserve=0.0/0 audioListener=0.0/0 combat+am=0.0/0 | draws=534 objects=6375 prims=106908 nodes=2922 gpu=281MB
sim-profile t=40.933s ticks=244 us/tick | Tick=113.95 AI=22.07 AICommand=0.63 AIThink=2.24 AIDrive=14.98 AIEngage=3.09 Gunnery=0.12 ShipStep=44.93 Collision=10.71 Projectiles=0.14 Missiles=3.31 PointDefense=20.66 Drones=5.59 Sensors=1.32 Post=4.33
perf t=45s fps=144.1 frame=7ms | hudDraw=1.2/2 shipViews=0.5/1 physics=0.2/1 sim=0.2/0 audioObserve=0.0/0 contacts=0.0/0 ballistics=0.0/0 shipCombat=0.0/0 fxSync=0.0/0 ordnance=0.0/0 audioListener=0.0/0 fxObserve=0.0/0 combat+am=0.0/0 | draws=554 objects=6396 prims=113317 nodes=2922 gpu=281MB
sim-profile t=44.933s ticks=240 us/tick | Tick=120.09 AI=23.42 AICommand=0.59 AIThink=2.49 AIDrive=15.90 AIEngage=3.09 Gunnery=0.18 ShipStep=47.31 Collision=10.66 Projectiles=0.25 Missiles=3.69 PointDefense=22.15 Drones=5.86 Sensors=1.23 Post=4.73
perf t=49s fps=144.0 frame=7ms | hudDraw=1.3/2 shipViews=0.5/1 physics=0.2/1 sim=0.2/0 audioObserve=0.0/0 contacts=0.0/0 ballistics=0.0/0 shipCombat=0.0/0 fxSync=0.0/0 ordnance=0.0/0 fxObserve=0.0/0 audioListener=0.0/0 combat+am=0.0/0 | draws=543 objects=6331 prims=112831 nodes=2922 gpu=281MB
sim-profile t=49.000s ticks=244 us/tick | Tick=118.80 AI=22.80 AICommand=0.65 AIThink=1.94 AIDrive=15.78 AIEngage=3.14 Gunnery=0.12 ShipStep=46.23 Collision=11.12 Projectiles=0.15 Missiles=3.62 PointDefense=21.99 Drones=6.16 Sensors=1.22 Post=4.73
perf t=53s fps=144.0 frame=7ms | hudDraw=1.3/2 shipViews=0.5/1 physics=0.2/1 sim=0.2/1 audioObserve=0.0/0 contacts=0.0/0 ballistics=0.0/0 shipCombat=0.0/0 fxSync=0.0/0 ordnance=0.0/0 fxObserve=0.0/0 audioListener=0.0/0 combat+am=0.0/0 | draws=509 objects=6314 prims=105997 nodes=2922 gpu=281MB
sim-profile t=53.000s ticks=240 us/tick | Tick=128.96 AI=25.95 AICommand=0.62 AIThink=2.09 AIDrive=17.10 AIEngage=4.87 Gunnery=0.13 ShipStep=50.32 Collision=11.73 Projectiles=0.17 Missiles=3.81 PointDefense=23.49 Drones=6.35 Sensors=1.24 Post=5.04
perf t=57s fps=142.0 frame=7ms | hudDraw=1.6/3 shipViews=0.6/1 physics=0.3/6 sim=0.3/1 audioObserve=0.1/5 contacts=0.0/0 ballistics=0.0/0 shipCombat=0.0/0 fxSync=0.0/0 ordnance=0.0/0 fxObserve=0.0/0 audioListener=0.0/0 combat+am=0.0/0 | draws=526 objects=6366 prims=106807 nodes=2922 gpu=281MB
sim-profile t=57.067s ticks=244 us/tick | Tick=153.72 AI=28.27 AICommand=0.90 AIThink=2.55 AIDrive=19.31 AIEngage=3.93 Gunnery=0.15 ShipStep=63.45 Collision=13.43 Projectiles=0.21 Missiles=4.86 PointDefense=27.76 Drones=7.73 Sensors=1.70 Post=5.31
perf t=61s fps=139.2 frame=7ms | hudDraw=1.6/3 shipViews=0.6/1 physics=0.3/1 sim=0.2/0 audioObserve=0.0/0 contacts=0.0/0 fxObserve=0.0/1 ballistics=0.0/0 shipCombat=0.0/0 fxSync=0.0/0 ordnance=0.0/0 audioListener=0.0/0 combat+am=0.0/0 | draws=563 objects=6429 prims=108263 nodes=2922 gpu=281MB
sim-profile t=61.067s ticks=240 us/tick | Tick=144.63 AI=27.26 AICommand=0.96 AIThink=2.37 AIDrive=18.79 AIEngage=3.74 Gunnery=0.16 ShipStep=55.62 Collision=13.26 Projectiles=0.20 Missiles=4.65 PointDefense=27.93 Drones=7.60 Sensors=1.53 Post=5.61
perf t=65s fps=143.9 frame=7ms | hudDraw=1.3/2 shipViews=0.5/1 physics=0.2/1 sim=0.2/1 audioObserve=0.0/0 contacts=0.0/0 ballistics=0.0/0 fxSync=0.0/0 shipCombat=0.0/0 ordnance=0.0/0 fxObserve=0.0/0 audioListener=0.0/0 combat+am=0.0/0 | draws=535 objects=6423 prims=112383 nodes=2922 gpu=281MB
sim-profile t=65.067s ticks=240 us/tick | Tick=118.26 AI=22.83 AICommand=1.01 AIThink=2.02 AIDrive=15.73 AIEngage=2.96 Gunnery=0.12 ShipStep=46.44 Collision=10.91 Projectiles=0.16 Missiles=3.56 PointDefense=21.89 Drones=5.70 Sensors=1.15 Post=4.82
perf t=69s fps=142.7 frame=7ms | hudDraw=1.3/3 shipViews=0.6/1 physics=0.2/1 sim=0.2/1 audioObserve=0.0/0 contacts=0.0/0 ballistics=0.0/0 shipCombat=0.0/0 fxSync=0.0/0 ordnance=0.0/0 fxObserve=0.0/0 audioListener=0.0/0 combat+am=0.0/0 | draws=566 objects=6423 prims=113546 nodes=2922 gpu=281MB
sim-profile t=69.067s ticks=240 us/tick | Tick=128.25 AI=28.22 AICommand=0.76 AIThink=2.12 AIDrive=20.29 AIEngage=3.55 Gunnery=0.13 ShipStep=48.15 Collision=11.52 Projectiles=0.28 Missiles=3.72 PointDefense=23.28 Drones=5.91 Sensors=1.48 Post=4.74
perf t=73s fps=131.4 frame=8ms | hudDraw=2.0/3 shipViews=0.7/1 physics=0.4/1 sim=0.3/0 audioObserve=0.0/0 contacts=0.0/0 ballistics=0.0/0 shipCombat=0.0/0 fxSync=0.0/0 ordnance=0.0/0 fxObserve=0.0/0 audioListener=0.0/0 combat+am=0.0/0 | draws=591 objects=6455 prims=113977 nodes=2922 gpu=281MB
sim-profile t=73.067s ticks=240 us/tick | Tick=176.50 AI=32.83 AICommand=0.59 AIThink=2.96 AIDrive=22.63 AIEngage=4.93 Gunnery=0.19 ShipStep=68.78 Collision=15.78 Projectiles=0.28 Missiles=5.87 PointDefense=34.12 Drones=9.58 Sensors=1.86 Post=6.25
perf t=77s fps=143.9 frame=7ms | hudDraw=1.4/3 shipViews=0.5/1 physics=0.3/1 sim=0.2/0 audioObserve=0.0/0 contacts=0.0/0 ballistics=0.0/0 fxSync=0.0/0 shipCombat=0.0/0 ordnance=0.0/0 audioListener=0.0/0 fxObserve=0.0/0 combat+am=0.0/0 | draws=609 objects=6456 prims=114867 nodes=2922 gpu=281MB
sim-profile t=77.133s ticks=244 us/tick | Tick=132.95 AI=25.53 AICommand=0.76 AIThink=2.09 AIDrive=17.56 AIEngage=3.75 Gunnery=0.13 ShipStep=51.82 Collision=12.43 Projectiles=0.16 Missiles=4.12 PointDefense=25.02 Drones=6.70 Sensors=1.45 Post=4.80
perf t=81s fps=144.0 frame=7ms | hudDraw=1.3/3 shipViews=0.5/1 physics=0.2/1 sim=0.2/0 audioObserve=0.0/0 contacts=0.0/0 ballistics=0.0/0 fxSync=0.0/0 shipCombat=0.0/0 ordnance=0.0/0 fxObserve=0.0/0 audioListener=0.0/0 combat+am=0.0/0 | draws=589 objects=6430 prims=114361 nodes=2922 gpu=281MB
sim-profile t=81.133s ticks=240 us/tick | Tick=120.12 AI=23.23 AICommand=0.56 AIThink=2.13 AIDrive=16.17 AIEngage=3.18 Gunnery=0.12 ShipStep=47.01 Collision=10.65 Projectiles=0.15 Missiles=3.74 PointDefense=22.63 Drones=5.71 Sensors=1.33 Post=4.94
perf t=85s fps=144.0 frame=7ms | hudDraw=1.2/2 shipViews=0.5/1 physics=0.2/1 sim=0.2/0 audioObserve=0.0/0 contacts=0.0/0 ballistics=0.0/0 fxSync=0.0/0 shipCombat=0.0/0 ordnance=0.0/0 audioListener=0.0/0 fxObserve=0.0/0 combat+am=0.0/0 | draws=573 objects=6406 prims=113701 nodes=2922 gpu=281MB
sim-profile t=85.133s ticks=240 us/tick | Tick=115.32 AI=22.20 AICommand=0.75 AIThink=2.00 AIDrive=15.28 AIEngage=2.96 Gunnery=0.12 ShipStep=45.42 Collision=10.87 Projectiles=0.15 Missiles=3.33 PointDefense=21.21 Drones=5.57 Sensors=1.08 Post=4.59
perf t=89s fps=144.1 frame=7ms | hudDraw=1.2/2 shipViews=0.5/1 physics=0.2/1 sim=0.2/0 audioObserve=0.0/0 contacts=0.0/0 ballistics=0.0/0 shipCombat=0.0/0 fxSync=0.0/0 ordnance=0.0/0 fxObserve=0.0/0 audioListener=0.0/0 combat+am=0.0/0 | draws=522 objects=6385 prims=112669 nodes=2922 gpu=281MB
sim-profile t=89.133s ticks=240 us/tick | Tick=123.80 AI=24.20 AICommand=0.94 AIThink=2.19 AIDrive=16.90 AIEngage=2.96 Gunnery=0.13 ShipStep=48.74 Collision=11.23 Projectiles=0.15 Missiles=3.93 PointDefense=22.93 Drones=5.98 Sensors=1.12 Post=4.75
perf t=93s fps=144.0 frame=7ms | hudDraw=1.2/2 shipViews=0.5/1 physics=0.2/1 sim=0.2/0 audioObserve=0.0/0 contacts=0.0/0 ballistics=0.0/0 shipCombat=0.0/0 fxSync=0.0/0 ordnance=0.0/0 fxObserve=0.0/0 audioListener=0.0/0 combat+am=0.0/0 | draws=525 objects=6369 prims=111833 nodes=2922 gpu=281MB
sim-profile t=93.133s ticks=240 us/tick | Tick=117.78 AI=23.01 AICommand=0.47 AIThink=2.29 AIDrive=15.88 AIEngage=3.19 Gunnery=0.12 ShipStep=45.52 Collision=10.81 Projectiles=0.15 Missiles=3.54 PointDefense=22.23 Drones=5.84 Sensors=1.04 Post=4.72
perf t=97s fps=143.9 frame=7ms | hudDraw=1.3/3 shipViews=0.5/1 physics=0.2/1 sim=0.2/0 audioObserve=0.0/0 contacts=0.0/0 ballistics=0.0/0 fxSync=0.0/0 shipCombat=0.0/0 ordnance=0.0/0 fxObserve=0.0/0 audioListener=0.0/0 combat+am=0.0/0 | draws=528 objects=6407 prims=112930 nodes=2922 gpu=281MB
sim-profile t=97.200s ticks=244 us/tick | Tick=124.43 AI=23.96 AICommand=0.47 AIThink=1.83 AIDrive=16.95 AIEngage=3.46 Gunnery=0.22 ShipStep=48.32 Collision=11.45 Projectiles=0.31 Missiles=3.54 PointDefense=23.52 Drones=6.38 Sensors=1.11 Post=4.80
perf t=101s fps=144.1 frame=7ms | hudDraw=1.3/3 shipViews=0.5/1 physics=0.2/1 sim=0.2/0 contacts=0.0/0 audioObserve=0.0/0 ballistics=0.0/0 fxSync=0.0/0 shipCombat=0.0/0 ordnance=0.0/0 fxObserve=0.0/0 audioListener=0.0/0 combat+am=0.0/0 | draws=524 objects=6412 prims=106439 nodes=2922 gpu=281MB
sim-profile t=101.200s ticks=240 us/tick | Tick=120.30 AI=23.92 AICommand=0.47 AIThink=1.91 AIDrive=16.64 AIEngage=3.43 Gunnery=0.13 ShipStep=46.74 Collision=10.82 Projectiles=0.16 Missiles=3.56 PointDefense=22.52 Drones=5.80 Sensors=1.21 Post=4.80
perf t=105s fps=144.0 frame=7ms | hudDraw=1.3/2 shipViews=0.5/1 physics=0.2/1 sim=0.2/0 audioObserve=0.0/0 contacts=0.0/0 ballistics=0.0/0 fxSync=0.0/0 shipCombat=0.0/0 ordnance=0.0/0 fxObserve=0.0/0 audioListener=0.0/0 combat+am=0.0/0 | draws=517 objects=6396 prims=106299 nodes=2922 gpu=281MB
sim-profile t=105.200s ticks=240 us/tick | Tick=120.75 AI=23.98 AICommand=0.49 AIThink=3.11 AIDrive=16.20 AIEngage=2.98 Gunnery=0.13 ShipStep=46.83 Collision=11.17 Projectiles=0.16 Missiles=3.66 PointDefense=22.35 Drones=5.97 Sensors=1.16 Post=4.61
perf t=109s fps=144.0 frame=7ms | hudDraw=1.4/2 shipViews=0.5/1 physics=0.2/1 sim=0.2/0 audioObserve=0.0/0 contacts=0.0/0 ballistics=0.0/0 fxSync=0.0/0 shipCombat=0.0/0 ordnance=0.0/0 fxObserve=0.0/0 audioListener=0.0/0 combat+am=0.0/0 | draws=509 objects=6315 prims=105987 nodes=2922 gpu=281MB
sim-profile t=109.200s ticks=240 us/tick | Tick=118.37 AI=22.21 AICommand=0.51 AIThink=1.92 AIDrive=15.45 AIEngage=3.12 Gunnery=0.13 ShipStep=45.80 Collision=10.97 Projectiles=0.16 Missiles=3.65 PointDefense=21.85 Drones=5.92 Sensors=1.19 Post=5.79
perf t=113s fps=144.0 frame=7ms | hudDraw=1.3/2 shipViews=0.5/1 physics=0.2/1 sim=0.2/0 audioObserve=0.0/0 contacts=0.0/0 ballistics=0.0/0 shipCombat=0.0/0 fxSync=0.0/0 ordnance=0.0/0 fxObserve=0.0/0 audioListener=0.0/0 combat+am=0.0/0 | draws=549 objects=6446 prims=107605 nodes=2922 gpu=281MB
sim-profile t=113.200s ticks=240 us/tick | Tick=127.40 AI=23.42 AICommand=0.58 AIThink=2.05 AIDrive=16.26 AIEngage=3.20 Gunnery=0.13 ShipStep=50.13 Collision=11.76 Projectiles=0.18 Missiles=3.84 PointDefense=24.08 Drones=6.61 Sensors=1.32 Post=5.22
perf t=117s fps=144.0 frame=7ms | hudDraw=1.4/2 shipViews=0.5/1 physics=0.2/1 sim=0.2/0 contacts=0.0/0 audioObserve=0.0/0 ballistics=0.0/0 shipCombat=0.0/0 fxSync=0.0/0 ordnance=0.0/0 fxObserve=0.0/0 audioListener=0.0/0 combat+am=0.0/0 | draws=536 objects=6414 prims=107175 nodes=2922 gpu=281MB
sim-profile t=117.267s ticks=244 us/tick | Tick=117.30 AI=22.48 AICommand=0.47 AIThink=1.86 AIDrive=15.94 AIEngage=2.99 Gunnery=0.13 ShipStep=46.02 Collision=11.07 Projectiles=0.22 Missiles=3.45 PointDefense=21.58 Drones=5.82 Sensors=1.27 Post=4.55
perf t=121s fps=144.0 frame=7ms | hudDraw=1.6/3 shipViews=0.6/1 physics=0.3/1 sim=0.2/0 audioObserve=0.0/0 contacts=0.0/0 ballistics=0.0/0 shipCombat=0.0/0 fxSync=0.0/0 ordnance=0.0/0 fxObserve=0.0/0 audioListener=0.0/0 combat+am=0.0/0 | draws=558 objects=6423 prims=108063 nodes=2922 gpu=281MB
sim-profile t=121.267s ticks=240 us/tick | Tick=134.16 AI=25.40 AICommand=0.81 AIThink=2.30 AIDrive=17.34 AIEngage=3.61 Gunnery=0.15 ShipStep=52.36 Collision=12.75 Projectiles=0.19 Missiles=4.23 PointDefense=25.12 Drones=6.85 Sensors=1.34 Post=5.01
perf t=125s fps=143.4 frame=7ms | hudDraw=1.7/3 shipViews=0.6/1 physics=0.3/1 sim=0.3/0 audioObserve=0.0/0 contacts=0.0/0 shipCombat=0.0/1 ballistics=0.0/0 fxSync=0.0/0 ordnance=0.0/0 fxObserve=0.0/0 audioListener=0.0/0 combat+am=0.0/0 | draws=570 objects=6417 prims=108273 nodes=2922 gpu=281MB
sim-profile t=125.267s ticks=240 us/tick | Tick=153.20 AI=28.74 AICommand=0.59 AIThink=2.67 AIDrive=19.69 AIEngage=4.25 Gunnery=0.17 ShipStep=60.26 Collision=14.55 Projectiles=0.23 Missiles=4.82 PointDefense=28.86 Drones=7.72 Sensors=1.49 Post=5.45
perf t=129s fps=144.7 frame=7ms | hudDraw=1.5/3 shipViews=0.6/1 physics=0.3/1 sim=0.2/0 audioObserve=0.0/0 contacts=0.0/0 ballistics=0.0/0 fxSync=0.0/0 shipCombat=0.0/0 ordnance=0.0/0 fxObserve=0.0/0 audioListener=0.0/0 combat+am=0.0/0 | draws=559 objects=6401 prims=108031 nodes=2922 gpu=281MB
sim-profile t=129.267s ticks=240 us/tick | Tick=138.21 AI=25.67 AICommand=0.49 AIThink=2.49 AIDrive=17.64 AIEngage=3.73 Gunnery=0.15 ShipStep=53.94 Collision=12.99 Projectiles=0.20 Missiles=4.36 PointDefense=26.47 Drones=7.08 Sensors=1.34 Post=5.16
perf t=133s fps=144.0 frame=7ms | hudDraw=1.3/2 shipViews=0.5/1 physics=0.3/3 sim=0.2/2 audioObserve=0.0/0 contacts=0.0/0 ballistics=0.0/0 shipCombat=0.0/0 fxSync=0.0/0 ordnance=0.0/0 fxObserve=0.0/0 audioListener=0.0/0 combat+am=0.0/0 | draws=579 objects=6459 prims=108863 nodes=2922 gpu=281MB
sim-profile t=133.267s ticks=240 us/tick | Tick=134.04 AI=39.95 AICommand=0.46 AIThink=1.81 AIDrive=18.53 AIEngage=18.00 Gunnery=0.12 ShipStep=46.82 Collision=10.56 Projectiles=0.18 Missiles=3.19 PointDefense=20.66 Drones=5.88 Sensors=1.06 Post=5.02
perf t=137s fps=144.0 frame=7ms | hudDraw=1.4/3 shipViews=0.5/1 physics=0.2/2 sim=0.2/0 audioObserve=0.0/0 contacts=0.0/0 ballistics=0.0/0 fxSync=0.0/0 shipCombat=0.0/0 ordnance=0.0/0 fxObserve=0.0/0 audioListener=0.0/0 combat+am=0.0/0 | draws=577 objects=6459 prims=108821 nodes=2922 gpu=281MB
sim-profile t=137.333s ticks=244 us/tick | Tick=123.73 AI=26.02 AICommand=0.53 AIThink=1.82 AIDrive=17.01 AIEngage=5.37 Gunnery=0.12 ShipStep=47.76 Collision=11.53 Projectiles=0.16 Missiles=3.67 PointDefense=22.22 Drones=5.83 Sensors=1.14 Post=4.59
perf t=141s fps=143.9 frame=7ms | hudDraw=1.3/2 shipViews=0.5/1 physics=0.2/1 sim=0.2/1 audioObserve=0.0/0 contacts=0.0/0 ballistics=0.0/0 shipCombat=0.0/0 fxSync=0.0/0 ordnance=0.0/0 audioListener=0.0/0 fxObserve=0.0/0 combat+am=0.0/0 | draws=554 objects=6374 prims=107845 nodes=2922 gpu=281MB
sim-profile t=141.333s ticks=240 us/tick | Tick=123.82 AI=28.90 AICommand=0.49 AIThink=1.80 AIDrive=16.87 AIEngage=8.57 Gunnery=0.11 ShipStep=46.09 Collision=11.48 Projectiles=0.21 Missiles=3.57 PointDefense=21.53 Drones=5.55 Sensors=1.16 Post=4.57
perf t=145s fps=140.1 frame=7ms | hudDraw=1.2/2 shipViews=0.5/1 physics=0.3/6 fxSync=0.3/16 sim=0.3/4 ordnance=0.1/16 contacts=0.0/0 audioObserve=0.0/0 fxObserve=0.0/1 ballistics=0.0/0 shipCombat=0.0/0 audioListener=0.0/0 combat+am=0.0/0 | draws=531 objects=6378 prims=107187 nodes=2930 gpu=281MB
sim-profile t=145.333s ticks=240 us/tick | Tick=146.84 AI=38.59 AICommand=0.47 AIThink=2.56 AIDrive=19.19 AIEngage=15.23 Gunnery=0.12 ShipStep=43.55 Collision=11.27 Projectiles=0.27 Missiles=17.84 PointDefense=22.05 Drones=6.46 Sensors=1.06 Post=4.88
perf t=149s fps=143.9 frame=7ms | hudDraw=1.2/2 shipViews=0.5/1 physics=0.2/1 sim=0.2/1 fxSync=0.2/0 ordnance=0.0/0 audioObserve=0.0/0 contacts=0.0/0 fxObserve=0.0/0 ballistics=0.0/0 shipCombat=0.0/0 audioListener=0.0/0 combat+am=0.0/0 | draws=530 objects=6394 prims=107312 nodes=2938 gpu=281MB
sim-profile t=149.400s ticks=244 us/tick | Tick=123.52 AI=28.94 AICommand=0.48 AIThink=2.24 AIDrive=19.73 AIEngage=5.27 Gunnery=0.12 ShipStep=42.97 Collision=10.28 Projectiles=0.15 Missiles=6.40 PointDefense=21.75 Drones=6.85 Sensors=1.13 Post=4.32
perf t=153s fps=143.8 frame=7ms | hudDraw=1.4/5 shipViews=0.5/1 physics=0.3/2 fxSync=0.2/1 sim=0.2/1 contacts=0.0/0 ordnance=0.0/0 audioObserve=0.0/0 ballistics=0.0/0 shipCombat=0.0/0 fxObserve=0.0/0 audioListener=0.0/0 combat+am=0.0/0 | draws=536 objects=6417 prims=107653 nodes=2938 gpu=281MB
sim-profile t=153.400s ticks=240 us/tick | Tick=134.27 AI=27.88 AICommand=0.53 AIThink=2.25 AIDrive=17.71 AIEngage=6.22 Gunnery=0.13 ShipStep=47.36 Collision=11.02 Projectiles=0.17 Missiles=8.02 PointDefense=24.34 Drones=8.33 Sensors=1.14 Post=5.08
perf t=157s fps=144.2 frame=7ms | hudDraw=1.4/5 shipViews=0.5/1 physics=0.3/2 fxSync=0.2/1 sim=0.2/1 ordnance=0.0/0 audioObserve=0.0/0 contacts=0.0/0 ballistics=0.0/0 fxObserve=0.0/0 shipCombat=0.0/0 audioListener=0.0/0 combat+am=0.0/0 | draws=540 objects=6434 prims=108193 nodes=2938 gpu=281MB
sim-profile t=157.400s ticks=240 us/tick | Tick=131.31 AI=26.30 AICommand=0.44 AIThink=1.97 AIDrive=16.95 AIEngage=5.77 Gunnery=0.13 ShipStep=46.69 Collision=10.93 Projectiles=0.22 Missiles=7.55 PointDefense=23.86 Drones=7.89 Sensors=1.06 Post=6.00
perf t=161s fps=144.0 frame=7ms | hudDraw=1.4/4 shipViews=0.5/1 fxSync=0.3/1 physics=0.2/1 sim=0.2/0 ordnance=0.0/0 audioObserve=0.0/0 contacts=0.0/0 ballistics=0.0/0 fxObserve=0.0/0 shipCombat=0.0/0 audioListener=0.0/0 combat+am=0.0/0 | draws=551 objects=6446 prims=109068 nodes=2938 gpu=281MB
sim-profile t=161.400s ticks=240 us/tick | Tick=129.64 AI=26.54 AICommand=0.50 AIThink=2.37 AIDrive=16.44 AIEngage=5.87 Gunnery=0.13 ShipStep=46.28 Collision=11.18 Projectiles=0.17 Missiles=7.49 PointDefense=23.61 Drones=7.97 Sensors=1.15 Post=4.44
perf t=165s fps=144.0 frame=7ms | hudDraw=1.4/4 shipViews=0.5/1 fxSync=0.3/1 physics=0.3/2 sim=0.2/1 ordnance=0.0/0 audioObserve=0.0/0 contacts=0.0/0 fxObserve=0.0/0 ballistics=0.0/0 shipCombat=0.0/0 audioListener=0.0/0 combat+am=0.0/0 | draws=537 objects=6437 prims=109852 nodes=2938 gpu=281MB
sim-profile t=165.400s ticks=240 us/tick | Tick=133.13 AI=27.59 AICommand=0.91 AIThink=2.11 AIDrive=17.59 AIEngage=5.67 Gunnery=0.13 ShipStep=46.74 Collision=10.92 Projectiles=0.16 Missiles=7.54 PointDefense=24.46 Drones=7.97 Sensors=1.19 Post=5.71
perf t=169s fps=144.1 frame=7ms | hudDraw=1.4/5 shipViews=0.5/1 fxSync=0.4/1 physics=0.3/2 sim=0.2/1 ordnance=0.0/0 contacts=0.0/0 audioObserve=0.0/0 fxObserve=0.0/0 ballistics=0.0/0 shipCombat=0.0/0 audioListener=0.0/0 combat+am=0.0/0 | draws=531 objects=6453 prims=109886 nodes=2938 gpu=281MB
sim-profile t=169.400s ticks=240 us/tick | Tick=136.31 AI=30.98 AICommand=0.60 AIThink=2.22 AIDrive=18.82 AIEngage=8.10 Gunnery=0.13 ShipStep=47.07 Collision=11.20 Projectiles=0.17 Missiles=7.54 PointDefense=24.33 Drones=8.16 Sensors=1.24 Post=4.71
perf t=173s fps=143.9 frame=7ms | hudDraw=1.4/6 shipViews=0.5/1 fxSync=0.4/1 physics=0.4/4 sim=0.3/1 audioObserve=0.0/2 ordnance=0.0/1 contacts=0.0/0 fxObserve=0.0/0 ballistics=0.0/0 shipCombat=0.0/0 audioListener=0.0/0 combat+am=0.0/0 | draws=551 objects=6481 prims=111044 nodes=2947 gpu=281MB
sim-profile t=173.400s ticks=240 us/tick | Tick=192.67 AI=50.46 AICommand=0.61 AIThink=2.20 AIDrive=19.72 AIEngage=26.74 Gunnery=0.13 ShipStep=54.59 Collision=10.81 Projectiles=0.16 Missiles=10.60 PointDefense=49.28 Drones=9.63 Sensors=1.45 Post=4.80
perf t=177s fps=144.0 frame=7ms | hudDraw=1.4/5 shipViews=0.5/1 physics=0.4/5 fxSync=0.4/1 sim=0.3/1 ordnance=0.1/5 audioObserve=0.0/2 fxObserve=0.0/1 contacts=0.0/0 ballistics=0.0/0 shipCombat=0.0/0 audioListener=0.0/0 combat+am=0.0/0 | draws=559 objects=6539 prims=110580 nodes=2953 gpu=281MB
sim-profile t=177.467s ticks=244 us/tick | Tick=189.93 AI=39.91 AICommand=0.75 AIThink=2.46 AIDrive=19.37 AIEngage=16.12 Gunnery=0.15 ShipStep=54.71 Collision=11.92 Projectiles=0.19 Missiles=12.26 PointDefense=45.96 Drones=17.70 Sensors=1.21 Post=5.07
perf t=182s fps=142.0 frame=7ms | hudDraw=1.5/3 shipViews=0.5/1 physics=0.4/11 sim=0.4/7 fxSync=0.4/1 shipCombat=0.1/14 audioObserve=0.1/3 ordnance=0.0/0 contacts=0.0/0 fxObserve=0.0/1 ballistics=0.0/0 audioListener=0.0/0 combat+am=0.0/0 | draws=587 objects=6626 prims=111352 nodes=2955 gpu=282MB
sim-profile t=181.533s ticks=244 us/tick | Tick=207.71 AI=47.12 AICommand=0.49 AIThink=2.22 AIDrive=20.69 AIEngage=22.61 Gunnery=0.13 ShipStep=55.10 Collision=11.38 Projectiles=0.16 Missiles=38.70 PointDefense=38.83 Drones=9.50 Sensors=1.21 Post=4.84
perf t=186s fps=144.2 frame=7ms | hudDraw=1.5/2 shipViews=0.5/1 physics=0.3/2 fxSync=0.3/0 sim=0.3/1 audioObserve=0.0/1 ordnance=0.0/0 contacts=0.0/0 fxObserve=0.0/0 ballistics=0.0/0 shipCombat=0.0/0 audioListener=0.0/0 combat+am=0.0/0 | draws=628 objects=6690 prims=114776 nodes=2959 gpu=282MB
sim-profile t=185.533s ticks=240 us/tick | Tick=158.51 AI=42.07 AICommand=0.50 AIThink=2.22 AIDrive=19.31 AIEngage=18.88 Gunnery=0.13 ShipStep=56.73 Collision=10.99 Projectiles=0.16 Missiles=9.44 PointDefense=24.31 Drones=8.47 Sensors=1.12 Post=4.33
perf t=190s fps=144.0 frame=7ms | hudDraw=1.6/6 shipViews=0.5/1 physics=0.3/2 sim=0.3/1 fxSync=0.2/1 ordnance=0.0/0 audioObserve=0.0/0 contacts=0.0/0 ballistics=0.0/0 fxObserve=0.0/0 shipCombat=0.0/0 audioListener=0.0/0 combat+am=0.0/0 | draws=647 objects=6696 prims=119646 nodes=2959 gpu=282MB
sim-profile t=189.533s ticks=240 us/tick | Tick=175.15 AI=46.89 AICommand=0.50 AIThink=2.43 AIDrive=20.32 AIEngage=22.32 Gunnery=0.14 ShipStep=63.40 Collision=12.08 Projectiles=0.18 Missiles=9.80 PointDefense=26.68 Drones=9.46 Sensors=1.24 Post=4.47
perf t=194s fps=144.0 frame=7ms | hudDraw=1.5/3 shipViews=0.5/1 physics=0.3/2 sim=0.3/0 fxSync=0.2/1 ordnance=0.0/0 audioObserve=0.0/0 contacts=0.0/0 ballistics=0.0/0 fxObserve=0.0/0 shipCombat=0.0/0 audioListener=0.0/0 combat+am=0.0/0 | draws=668 objects=6674 prims=124069 nodes=2959 gpu=282MB
sim-profile t=193.533s ticks=240 us/tick | Tick=155.21 AI=42.31 AICommand=0.47 AIThink=2.21 AIDrive=19.07 AIEngage=19.35 Gunnery=0.13 ShipStep=55.08 Collision=10.88 Projectiles=0.16 Missiles=8.84 PointDefense=23.32 Drones=8.31 Sensors=1.11 Post=4.35
perf t=198s fps=142.0 frame=7ms | hudDraw=1.7/3 shipViews=0.5/1 physics=0.3/1 sim=0.3/0 fxSync=0.3/1 ordnance=0.0/0 audioObserve=0.0/0 contacts=0.0/0 fxObserve=0.0/0 ballistics=0.0/0 shipCombat=0.0/0 audioListener=0.0/0 combat+am=0.0/0 | draws=645 objects=6683 prims=121559 nodes=2959 gpu=282MB
sim-profile t=197.533s ticks=240 us/tick | Tick=184.04 AI=50.27 AICommand=0.69 AIThink=2.66 AIDrive=21.58 AIEngage=24.00 Gunnery=0.15 ShipStep=64.91 Collision=13.02 Projectiles=0.20 Missiles=10.64 PointDefense=27.89 Drones=9.94 Sensors=1.27 Post=4.87
perf t=202s fps=144.0 frame=7ms | hudDraw=1.6/3 shipViews=0.5/1 fxSync=0.4/1 physics=0.3/1 sim=0.3/1 ordnance=0.0/0 audioObserve=0.0/0 contacts=0.0/0 fxObserve=0.0/0 ballistics=0.0/0 shipCombat=0.0/0 audioListener=0.0/0 combat+am=0.0/0 | draws=651 objects=6662 prims=122889 nodes=2959 gpu=282MB
sim-profile t=201.533s ticks=240 us/tick | Tick=163.42 AI=45.34 AICommand=0.48 AIThink=2.15 AIDrive=19.01 AIEngage=22.41 Gunnery=0.13 ShipStep=57.27 Collision=11.68 Projectiles=0.18 Missiles=9.58 PointDefense=24.43 Drones=8.55 Sensors=1.22 Post=4.31
perf t=206s fps=139.9 frame=7ms | hudDraw=1.9/3 shipViews=0.6/1 fxSync=0.5/1 physics=0.4/2 sim=0.3/1 ordnance=0.0/0 audioObserve=0.0/0 contacts=0.0/0 fxObserve=0.0/0 ballistics=0.0/0 shipCombat=0.0/0 audioListener=0.0/0 combat+am=0.0/0 | draws=605 objects=6598 prims=112677 nodes=2959 gpu=282MB
sim-profile t=205.533s ticks=240 us/tick | Tick=192.89 AI=53.90 AICommand=0.54 AIThink=2.58 AIDrive=24.16 AIEngage=25.18 Gunnery=0.15 ShipStep=66.43 Collision=13.28 Projectiles=0.20 Missiles=12.60 PointDefense=28.79 Drones=10.21 Sensors=1.42 Post=5.05
perf t=209s fps=131.2 frame=8ms | hudDraw=2.0/6 shipViews=0.6/1 physics=0.5/3 sim=0.5/2 fxSync=0.5/1 ordnance=0.0/0 audioObserve=0.0/0 contacts=0.0/0 fxObserve=0.0/0 ballistics=0.0/0 shipCombat=0.0/0 audioListener=0.0/0 combat+am=0.0/0 | draws=564 objects=6540 prims=111024 nodes=2963 gpu=282MB
sim-profile t=209.467s ticks=236 us/tick | Tick=271.75 AI=77.94 AICommand=0.65 AIThink=2.70 AIDrive=26.58 AIEngage=46.40 Gunnery=0.17 ShipStep=77.68 Collision=14.33 Projectiles=0.24 Missiles=16.24 PointDefense=60.57 Drones=16.65 Sensors=1.45 Post=5.58
perf t=214s fps=143.8 frame=7ms | hudDraw=1.5/4 shipViews=0.5/1 physics=0.4/2 fxSync=0.4/1 sim=0.4/1 ordnance=0.0/0 audioObserve=0.0/0 contacts=0.0/0 fxObserve=0.0/0 ballistics=0.0/0 shipCombat=0.0/0 audioListener=0.0/0 combat+am=0.0/0 | draws=580 objects=6523 prims=111802 nodes=2982 gpu=282MB
sim-profile t=213.533s ticks=244 us/tick | Tick=208.68 AI=61.99 AICommand=0.50 AIThink=2.23 AIDrive=22.17 AIEngage=35.96 Gunnery=0.12 ShipStep=58.67 Collision=11.06 Projectiles=0.16 Missiles=13.48 PointDefense=45.70 Drones=11.36 Sensors=1.15 Post=4.26
perf t=218s fps=144.3 frame=7ms | hudDraw=1.4/2 shipViews=0.5/1 fxSync=0.4/1 physics=0.3/1 sim=0.3/0 ordnance=0.0/0 audioObserve=0.0/0 contacts=0.0/0 fxObserve=0.0/0 ballistics=0.0/0 shipCombat=0.0/0 audioListener=0.0/0 combat+am=0.0/0 | draws=553 objects=6499 prims=111090 nodes=2986 gpu=282MB
sim-profile t=217.533s ticks=240 us/tick | Tick=172.56 AI=48.67 AICommand=0.53 AIThink=2.12 AIDrive=19.16 AIEngage=25.75 Gunnery=0.12 ShipStep=53.28 Collision=10.99 Projectiles=0.23 Missiles=13.57 PointDefense=30.21 Drones=9.47 Sensors=1.14 Post=4.14
perf t=222s fps=144.0 frame=7ms | hudDraw=1.4/2 shipViews=0.5/1 fxSync=0.4/1 physics=0.3/1 sim=0.2/0 ordnance=0.0/0 audioObserve=0.0/0 contacts=0.0/0 fxObserve=0.0/0 ballistics=0.0/0 shipCombat=0.0/0 audioListener=0.0/0 combat+am=0.0/0 | draws=541 objects=6436 prims=109286 nodes=2982 gpu=282MB
sim-profile t=221.533s ticks=240 us/tick | Tick=142.84 AI=28.40 AICommand=0.46 AIThink=2.23 AIDrive=16.86 AIEngage=7.58 Gunnery=0.19 ShipStep=46.39 Collision=11.23 Projectiles=0.17 Missiles=13.67 PointDefense=26.22 Drones=10.23 Sensors=1.17 Post=4.47
perf t=226s fps=144.0 frame=7ms | hudDraw=1.4/2 shipViews=0.5/1 fxSync=0.3/0 physics=0.3/1 sim=0.2/1 ordnance=0.0/0 audioObserve=0.0/0 contacts=0.0/0 ballistics=0.0/0 fxObserve=0.0/0 shipCombat=0.0/0 audioListener=0.0/0 combat+am=0.0/0 | draws=535 objects=6434 prims=107872 nodes=2982 gpu=282MB
sim-profile t=225.533s ticks=240 us/tick | Tick=143.96 AI=28.58 AICommand=0.51 AIThink=2.27 AIDrive=16.54 AIEngage=8.08 Gunnery=0.13 ShipStep=46.52 Collision=11.35 Projectiles=0.22 Missiles=13.34 PointDefense=25.50 Drones=10.38 Sensors=1.21 Post=6.01
perf t=230s fps=143.9 frame=7ms | hudDraw=1.4/2 shipViews=0.5/1 physics=0.3/1 fxSync=0.3/0 sim=0.2/1 ordnance=0.0/0 audioObserve=0.0/0 contacts=0.0/0 ballistics=0.0/0 fxObserve=0.0/0 shipCombat=0.0/0 audioListener=0.0/0 combat+am=0.0/0 | draws=537 objects=6437 prims=108362 nodes=2982 gpu=282MB
sim-profile t=229.600s ticks=244 us/tick | Tick=144.88 AI=29.99 AICommand=2.21 AIThink=2.24 AIDrive=16.40 AIEngage=7.87 Gunnery=0.13 ShipStep=46.70 Collision=11.27 Projectiles=0.17 Missiles=12.80 PointDefense=25.90 Drones=11.74 Sensors=1.16 Post=4.32
perf t=234s fps=144.0 frame=7ms | hudDraw=1.4/2 shipViews=0.5/1 fxSync=0.3/1 physics=0.3/2 sim=0.2/1 ordnance=0.0/0 audioObserve=0.0/0 contacts=0.0/0 fxObserve=0.0/0 ballistics=0.0/0 shipCombat=0.0/0 audioListener=0.0/0 combat+am=0.0/0 | draws=546 objects=6457 prims=109892 nodes=2982 gpu=282MB
sim-profile t=233.600s ticks=240 us/tick | Tick=144.97 AI=28.94 AICommand=0.72 AIThink=2.22 AIDrive=16.59 AIEngage=8.11 Gunnery=0.13 ShipStep=45.66 Collision=11.16 Projectiles=0.17 Missiles=12.46 PointDefense=25.24 Drones=10.07 Sensors=1.17 Post=9.28
perf t=238s fps=144.0 frame=7ms | hudDraw=1.5/3 shipViews=0.5/1 fxSync=0.4/1 physics=0.3/1 sim=0.3/0 ordnance=0.0/0 contacts=0.0/0 audioObserve=0.0/0 fxObserve=0.0/0 ballistics=0.0/0 shipCombat=0.0/0 audioListener=0.0/0 combat+am=0.0/0 | draws=535 objects=6443 prims=110645 nodes=2982 gpu=282MB
sim-profile t=237.733s ticks=248 us/tick | Tick=148.54 AI=29.88 AICommand=0.48 AIThink=2.31 AIDrive=17.18 AIEngage=8.70 Gunnery=0.14 ShipStep=48.33 Collision=11.93 Projectiles=0.17 Missiles=13.10 PointDefense=27.47 Drones=11.06 Sensors=1.20 Post=4.52
perf t=242s fps=144.0 frame=7ms | hudDraw=1.4/2 shipViews=0.5/1 fxSync=0.4/1 physics=0.3/1 sim=0.3/1 ordnance=0.0/0 audioObserve=0.0/0 contacts=0.0/0 fxObserve=0.0/0 ballistics=0.0/0 shipCombat=0.0/0 audioListener=0.0/0 combat+am=0.0/0 | draws=557 objects=6456 prims=111046 nodes=2982 gpu=282MB
sim-profile t=241.733s ticks=240 us/tick | Tick=159.43 AI=40.31 AICommand=0.47 AIThink=2.31 AIDrive=19.50 AIEngage=16.87 Gunnery=0.14 ShipStep=49.52 Collision=11.71 Projectiles=0.16 Missiles=14.30 PointDefense=26.31 Drones=10.82 Sensors=1.16 Post=4.26
perf t=246s fps=144.1 frame=7ms | hudDraw=1.5/2 shipViews=0.5/1 physics=0.4/2 fxSync=0.4/1 sim=0.4/1 ordnance=0.0/0 audioObserve=0.0/0 contacts=0.0/0 fxObserve=0.0/0 ballistics=0.0/0 shipCombat=0.0/0 audioListener=0.0/0 combat+am=0.0/0 | draws=540 objects=6370 prims=108577 nodes=2982 gpu=282MB
sim-profile t=245.733s ticks=240 us/tick | Tick=214.03 AI=55.93 AICommand=0.60 AIThink=2.33 AIDrive=20.47 AIEngage=31.26 Gunnery=0.13 ShipStep=59.15 Collision=11.94 Projectiles=0.18 Missiles=15.59 PointDefense=51.27 Drones=13.33 Sensors=1.22 Post=4.44
perf t=250s fps=144.0 frame=7ms | hudDraw=1.4/3 shipViews=0.5/1 physics=0.4/1 sim=0.3/0 fxSync=0.3/0 ordnance=0.0/0 audioObserve=0.0/0 contacts=0.0/0 ballistics=0.0/0 shipCombat=0.0/0 fxObserve=0.0/0 audioListener=0.0/0 combat+am=0.0/0 | draws=534 objects=6401 prims=107732 nodes=2983 gpu=282MB
sim-profile t=249.733s ticks=240 us/tick | Tick=191.33 AI=47.39 AICommand=0.53 AIThink=2.36 AIDrive=19.15 AIEngage=24.15 Gunnery=0.13 ShipStep=54.93 Collision=11.49 Projectiles=0.16 Missiles=15.67 PointDefense=43.19 Drones=11.75 Sensors=1.19 Post=4.66
perf t=254s fps=144.0 frame=7ms | hudDraw=1.4/4 shipViews=0.5/1 physics=0.3/2 sim=0.3/1 fxSync=0.2/1 ordnance=0.0/0 audioObserve=0.0/0 contacts=0.0/0 shipCombat=0.0/0 ballistics=0.0/0 fxObserve=0.0/0 audioListener=0.0/0 combat+am=0.0/0 | draws=555 objects=6451 prims=107946 nodes=2987 gpu=282MB
sim-profile t=253.733s ticks=240 us/tick | Tick=176.09 AI=47.92 AICommand=0.50 AIThink=2.47 AIDrive=22.89 AIEngage=20.86 Gunnery=0.12 ShipStep=58.10 Collision=12.18 Projectiles=0.17 Missiles=13.88 PointDefense=27.01 Drones=10.41 Sensors=1.15 Post=4.40
perf t=258s fps=143.9 frame=7ms | hudDraw=1.4/4 shipViews=0.5/1 physics=0.4/6 sim=0.3/6 fxSync=0.2/1 ordnance=0.0/0 audioObserve=0.0/0 contacts=0.0/0 ballistics=0.0/0 fxObserve=0.0/0 shipCombat=0.0/0 audioListener=0.0/0 combat+am=0.0/0 | draws=578 objects=6448 prims=109306 nodes=2987 gpu=282MB
sim-profile t=257.733s ticks=240 us/tick | Tick=199.62 AI=68.66 AICommand=23.45 AIThink=2.52 AIDrive=19.80 AIEngage=21.73 Gunnery=0.13 ShipStep=59.33 Collision=12.19 Projectiles=0.19 Missiles=14.01 PointDefense=27.44 Drones=11.43 Sensors=1.11 Post=4.40
perf t=262s fps=144.0 frame=7ms | hudDraw=1.4/5 shipViews=0.5/1 physics=0.3/2 sim=0.3/1 fxSync=0.3/1 ordnance=0.0/0 audioObserve=0.0/0 contacts=0.0/0 ballistics=0.0/0 fxObserve=0.0/0 shipCombat=0.0/0 audioListener=0.0/0 combat+am=0.0/0 | draws=587 objects=6466 prims=110045 nodes=2987 gpu=282MB
sim-profile t=261.733s ticks=240 us/tick | Tick=179.08 AI=46.53 AICommand=1.21 AIThink=2.42 AIDrive=20.04 AIEngage=21.66 Gunnery=0.13 ShipStep=60.15 Collision=12.63 Projectiles=0.16 Missiles=13.70 PointDefense=27.82 Drones=11.33 Sensors=1.20 Post=4.66
perf t=266s fps=143.4 frame=7ms | hudDraw=1.5/5 shipViews=0.5/2 physics=0.4/3 sim=0.3/1 fxSync=0.3/1 ordnance=0.0/0 audioObserve=0.0/0 contacts=0.0/0 fxObserve=0.0/0 ballistics=0.0/0 shipCombat=0.0/0 audioListener=0.0/0 combat+am=0.0/0 | draws=584 objects=6455 prims=110767 nodes=2987 gpu=282MB
sim-profile t=265.733s ticks=240 us/tick | Tick=203.26 AI=52.43 AICommand=0.59 AIThink=2.51 AIDrive=22.89 AIEngage=25.05 Gunnery=0.15 ShipStep=69.22 Collision=13.86 Projectiles=0.20 Missiles=13.45 PointDefense=32.63 Drones=14.10 Sensors=1.36 Post=5.01
perf t=270s fps=144.6 frame=7ms | hudDraw=1.3/5 shipViews=0.5/1 physics=0.3/2 fxSync=0.3/1 sim=0.3/1 ordnance=0.0/0 audioObserve=0.0/0 contacts=0.0/0 fxObserve=0.0/0 ballistics=0.0/0 shipCombat=0.0/0 audioListener=0.0/0 combat+am=0.0/0 | draws=581 objects=6434 prims=111735 nodes=2987 gpu=282MB
sim-profile t=269.800s ticks=244 us/tick | Tick=167.87 AI=44.19 AICommand=0.69 AIThink=2.55 AIDrive=18.57 AIEngage=21.03 Gunnery=0.12 ShipStep=56.15 Collision=11.20 Projectiles=0.16 Missiles=11.49 PointDefense=25.90 Drones=10.51 Sensors=1.19 Post=6.25
perf t=274s fps=144.0 frame=7ms | hudDraw=1.3/4 shipViews=0.5/2 fxSync=0.4/1 physics=0.3/3 sim=0.3/1 ordnance=0.0/0 audioObserve=0.0/0 contacts=0.0/0 fxObserve=0.0/0 ballistics=0.0/0 shipCombat=0.0/0 audioListener=0.0/0 combat+am=0.0/0 | draws=578 objects=6455 prims=112115 nodes=2987 gpu=282MB
sim-profile t=273.800s ticks=240 us/tick | Tick=186.22 AI=50.42 AICommand=0.68 AIThink=2.47 AIDrive=21.61 AIEngage=24.46 Gunnery=0.13 ShipStep=61.07 Collision=12.52 Projectiles=0.17 Missiles=12.58 PointDefense=27.25 Drones=11.25 Sensors=1.14 Post=8.95
perf t=278s fps=144.0 frame=7ms | hudDraw=1.4/4 shipViews=0.5/1 fxSync=0.4/1 physics=0.4/3 sim=0.4/1 ordnance=0.0/0 contacts=0.0/0 audioObserve=0.0/0 fxObserve=0.0/0 ballistics=0.0/0 shipCombat=0.0/0 audioListener=0.0/0 combat+am=0.0/0 | draws=531 objects=6401 prims=110171 nodes=2991 gpu=282MB
sim-profile t=277.800s ticks=240 us/tick | Tick=212.21 AI=64.39 AICommand=1.14 AIThink=2.46 AIDrive=22.87 AIEngage=36.66 Gunnery=0.14 ShipStep=64.86 Collision=12.39 Projectiles=0.18 Missiles=14.02 PointDefense=37.05 Drones=12.23 Sensors=1.23 Post=4.94
perf t=282s fps=144.1 frame=7ms | hudDraw=1.4/3 shipViews=0.5/1 physics=0.4/3 fxSync=0.4/1 sim=0.3/1 ordnance=0.0/0 audioObserve=0.0/0 contacts=0.0/0 fxObserve=0.0/0 ballistics=0.0/0 shipCombat=0.0/0 audioListener=0.0/0 combat+am=0.0/0 | draws=534 objects=6366 prims=109791 nodes=2991 gpu=282MB
sim-profile t=281.800s ticks=240 us/tick | Tick=207.81 AI=66.36 AICommand=0.60 AIThink=2.31 AIDrive=21.66 AIEngage=40.59 Gunnery=0.12 ShipStep=60.05 Collision=11.60 Projectiles=0.17 Missiles=13.21 PointDefense=36.63 Drones=13.62 Sensors=1.09 Post=4.24
perf t=286s fps=138.6 frame=7ms | hudDraw=1.4/3 shipViews=0.5/1 physics=0.5/5 sim=0.4/4 fxSync=0.4/1 ballistics=0.3/39 ordnance=0.0/0 audioObserve=0.0/1 contacts=0.0/0 fxObserve=0.0/0 shipCombat=0.0/0 audioListener=0.0/0 combat+am=0.0/0 | draws=527 objects=6361 prims=109021 nodes=3062 gpu=282MB
sim-profile t=285.800s ticks=240 us/tick | Tick=237.07 AI=61.74 AICommand=0.71 AIThink=2.40 AIDrive=22.30 AIEngage=34.98 Gunnery=0.16 ShipStep=61.91 Collision=12.31 Projectiles=0.19 Missiles=30.57 PointDefense=48.54 Drones=14.53 Sensors=1.14 Post=5.00
perf t=290s fps=140.4 frame=7ms | hudDraw=1.6/3 shipViews=0.5/1 physics=0.4/2 sim=0.4/1 fxSync=0.3/1 ordnance=0.0/0 ballistics=0.0/0 audioObserve=0.0/0 contacts=0.0/0 fxObserve=0.0/0 shipCombat=0.0/0 audioListener=0.0/0 combat+am=0.0/0 | draws=541 objects=6421 prims=108763 nodes=3074 gpu=282MB
sim-profile t=289.867s ticks=244 us/tick | Tick=218.41 AI=59.16 AICommand=0.90 AIThink=3.01 AIDrive=23.65 AIEngage=30.16 Gunnery=0.15 ShipStep=64.61 Collision=14.14 Projectiles=0.21 Missiles=20.32 PointDefense=35.70 Drones=16.65 Sensors=1.24 Post=5.31
perf t=294s fps=143.8 frame=7ms | hudDraw=1.6/3 shipViews=0.5/1 physics=0.4/2 sim=0.3/1 fxSync=0.3/0 ordnance=0.0/0 audioObserve=0.0/0 contacts=0.0/0 ballistics=0.0/0 fxObserve=0.0/0 shipCombat=0.0/0 audioListener=0.0/0 combat+am=0.0/0 | draws=548 objects=6431 prims=108535 nodes=3074 gpu=282MB
sim-profile t=293.867s ticks=240 us/tick | Tick=196.22 AI=52.35 AICommand=0.69 AIThink=2.74 AIDrive=20.99 AIEngage=26.59 Gunnery=0.14 ShipStep=57.20 Collision=12.37 Projectiles=0.18 Missiles=17.50 PointDefense=32.41 Drones=15.26 Sensors=1.26 Post=6.75
perf t=298s fps=142.0 frame=7ms | hudDraw=1.7/4 shipViews=0.6/1 fxSync=0.4/1 physics=0.3/1 sim=0.3/0 ordnance=0.0/0 audioObserve=0.0/0 contacts=0.0/0 ballistics=0.0/0 fxObserve=0.0/0 shipCombat=0.0/0 audioListener=0.0/0 combat+am=0.0/0 | draws=534 objects=6405 prims=109316 nodes=3074 gpu=282MB
sim-profile t=297.800s ticks=236 us/tick | Tick=176.17 AI=35.89 AICommand=0.86 AIThink=2.88 AIDrive=19.25 AIEngage=11.58 Gunnery=0.15 ShipStep=53.44 Collision=12.82 Projectiles=0.19 Missiles=17.87 PointDefense=32.51 Drones=15.91 Sensors=1.35 Post=5.08
perf t=302s fps=130.3 frame=8ms | hudDraw=2.0/4 shipViews=0.6/1 fxSync=0.6/1 physics=0.5/2 sim=0.4/0 ordnance=0.0/1 contacts=0.0/1 audioObserve=0.0/0 fxObserve=0.0/0 ballistics=0.0/0 shipCombat=0.0/0 audioListener=0.0/0 combat+am=0.0/0 | draws=534 objects=6404 prims=112038 nodes=3074 gpu=282MB
sim-profile t=301.867s ticks=244 us/tick | Tick=220.17 AI=43.41 AICommand=0.87 AIThink=3.74 AIDrive=23.76 AIEngage=13.37 Gunnery=0.20 ShipStep=65.96 Collision=15.90 Projectiles=0.25 Missiles=22.75 PointDefense=42.14 Drones=20.62 Sensors=1.60 Post=6.36
perf t=306s fps=119.8 frame=8ms | hudDraw=2.1/5 fxSync=0.8/1 shipViews=0.7/1 physics=0.6/3 sim=0.5/1 ordnance=0.0/0 audioObserve=0.0/0 contacts=0.0/0 fxObserve=0.0/0 ballistics=0.0/0 shipCombat=0.0/0 audioListener=0.0/0 combat+am=0.0/0 | draws=564 objects=6433 prims=115340 nodes=3074 gpu=282MB
sim-profile t=305.867s ticks=240 us/tick | Tick=238.79 AI=52.84 AICommand=4.84 AIThink=3.72 AIDrive=24.75 AIEngage=17.78 Gunnery=0.21 ShipStep=69.02 Collision=16.36 Projectiles=0.27 Missiles=23.83 PointDefense=44.32 Drones=22.51 Sensors=1.79 Post=6.63
perf t=310s fps=133.6 frame=7ms | hudDraw=1.8/3 fxSync=0.8/1 shipViews=0.6/1 physics=0.5/2 sim=0.4/0 ordnance=0.0/0 audioObserve=0.0/0 contacts=0.0/0 fxObserve=0.0/0 ballistics=0.0/0 shipCombat=0.0/1 audioListener=0.0/0 combat+am=0.0/0 | draws=562 objects=6435 prims=115608 nodes=3070 gpu=282MB
sim-profile t=309.867s ticks=240 us/tick | Tick=222.22 AI=46.83 AICommand=0.86 AIThink=3.06 AIDrive=20.68 AIEngage=20.80 Gunnery=0.17 ShipStep=57.64 Collision=13.68 Projectiles=0.22 Missiles=20.41 PointDefense=58.11 Drones=17.37 Sensors=1.46 Post=5.50
perf t=314s fps=140.9 frame=7ms | hudDraw=1.7/3 fxSync=0.7/1 shipViews=0.6/1 physics=0.5/4 sim=0.5/3 ordnance=0.0/0 ballistics=0.0/1 audioObserve=0.0/0 contacts=0.0/0 fxObserve=0.0/0 shipCombat=0.0/0 audioListener=0.0/0 combat+am=0.0/0 | draws=532 objects=6391 prims=128730 nodes=3060 gpu=282MB
sim-profile t=313.867s ticks=240 us/tick | Tick=287.26 AI=89.23 AICommand=0.72 AIThink=17.79 AIDrive=24.05 AIEngage=45.22 Gunnery=0.16 ShipStep=67.38 Collision=13.39 Projectiles=0.21 Missiles=20.76 PointDefense=70.56 Drones=17.74 Sensors=1.40 Post=5.60
perf t=318s fps=138.6 frame=7ms | hudDraw=1.8/3 shipViews=0.6/1 physics=0.6/2 fxSync=0.5/1 sim=0.5/1 ordnance=0.0/0 ballistics=0.0/0 audioObserve=0.0/0 contacts=0.0/0 fxObserve=0.0/0 shipCombat=0.0/0 audioListener=0.0/0 combat+am=0.0/0 | draws=558 objects=6457 prims=110858 nodes=3083 gpu=282MB
sim-profile t=317.867s ticks=240 us/tick | Tick=292.67 AI=91.81 AICommand=0.76 AIThink=15.32 AIDrive=26.41 AIEngage=47.69 Gunnery=0.17 ShipStep=73.99 Collision=15.06 Projectiles=0.24 Missiles=19.86 PointDefense=66.30 Drones=16.71 Sensors=1.47 Post=6.13
perf t=322s fps=141.4 frame=7ms | hudDraw=1.6/3 shipViews=0.5/1 physics=0.4/1 fxSync=0.4/1 sim=0.4/0 ballistics=0.2/18 ordnance=0.0/0 audioObserve=0.0/0 contacts=0.0/0 shipCombat=0.0/0 fxObserve=0.0/0 audioListener=0.0/0 combat+am=0.0/0 | draws=533 objects=6402 prims=109385 nodes=3095 gpu=282MB
sim-profile t=321.867s ticks=240 us/tick | Tick=211.31 AI=60.52 AICommand=0.68 AIThink=9.45 AIDrive=21.77 AIEngage=27.28 Gunnery=0.15 ShipStep=63.77 Collision=12.89 Projectiles=0.19 Missiles=18.68 PointDefense=32.56 Drones=15.33 Sensors=1.33 Post=5.09
perf t=326s fps=145.2 frame=7ms | hudDraw=1.7/3 shipViews=0.6/1 physics=0.4/2 sim=0.4/0 fxSync=0.4/1 ordnance=0.0/0 audioObserve=0.0/0 contacts=0.0/0 ballistics=0.0/0 fxObserve=0.0/0 shipCombat=0.0/0 audioListener=0.0/0 combat+am=0.0/0 | draws=566 objects=6439 prims=110047 nodes=3099 gpu=282MB
sim-profile t=325.933s ticks=244 us/tick | Tick=231.02 AI=59.10 AICommand=0.72 AIThink=4.97 AIDrive=22.61 AIEngage=29.39 Gunnery=0.16 ShipStep=67.64 Collision=13.52 Projectiles=0.20 Missiles=25.77 PointDefense=37.47 Drones=19.53 Sensors=1.30 Post=5.46
perf t=330s fps=144.7 frame=7ms | hudDraw=1.5/3 shipViews=0.5/1 physics=0.4/2 fxSync=0.4/1 sim=0.3/0 ordnance=0.0/0 audioObserve=0.0/0 contacts=0.0/0 ballistics=0.0/0 fxObserve=0.0/0 shipCombat=0.0/0 audioListener=0.0/0 combat+am=0.0/0 | draws=560 objects=6441 prims=112257 nodes=3099 gpu=282MB
sim-profile t=329.933s ticks=240 us/tick | Tick=200.24 AI=51.58 AICommand=1.07 AIThink=2.87 AIDrive=19.81 AIEngage=26.56 Gunnery=0.14 ShipStep=58.20 Collision=11.83 Projectiles=0.18 Missiles=21.15 PointDefense=32.90 Drones=17.56 Sensors=1.44 Post=4.53
perf t=334s fps=142.9 frame=7ms | hudDraw=1.6/2 fxSync=0.6/1 shipViews=0.5/1 physics=0.4/2 sim=0.3/1 ordnance=0.0/0 audioObserve=0.0/0 contacts=0.0/0 fxObserve=0.0/0 ballistics=0.0/0 shipCombat=0.0/0 audioListener=0.0/0 combat+am=0.0/0 | draws=546 objects=6450 prims=115049 nodes=3099 gpu=282MB
sim-profile t=333.933s ticks=240 us/tick | Tick=207.36 AI=55.30 AICommand=0.52 AIThink=2.84 AIDrive=20.21 AIEngage=30.49 Gunnery=0.14 ShipStep=59.68 Collision=12.19 Projectiles=0.18 Missiles=21.65 PointDefense=33.67 Drones=17.83 Sensors=1.24 Post=4.69
perf t=338s fps=140.7 frame=7ms | hudDraw=1.7/3 fxSync=0.9/2 shipViews=0.6/1 physics=0.4/2 sim=0.4/1 ordnance=0.0/0 fxObserve=0.0/0 audioObserve=0.0/0 contacts=0.0/0 ballistics=0.0/0 shipCombat=0.0/0 audioListener=0.0/0 combat+am=0.0/0 | draws=579 objects=6466 prims=119447 nodes=3099 gpu=282MB
sim-profile t=337.933s ticks=240 us/tick | Tick=220.58 AI=56.49 AICommand=0.55 AIThink=2.86 AIDrive=21.61 AIEngage=30.13 Gunnery=0.15 ShipStep=64.49 Collision=13.07 Projectiles=0.20 Missiles=24.56 PointDefense=35.57 Drones=18.81 Sensors=1.44 Post=4.97
perf t=342s fps=141.1 frame=7ms | hudDraw=1.6/3 fxSync=1.1/1 shipViews=0.5/1 physics=0.4/2 sim=0.4/1 ordnance=0.0/0 fxObserve=0.0/0 audioObserve=0.0/0 contacts=0.0/0 ballistics=0.0/0 shipCombat=0.0/0 audioListener=0.0/0 combat+am=0.0/0 | draws=545 objects=6457 prims=121505 nodes=3099 gpu=282MB
sim-profile t=341.933s ticks=240 us/tick | Tick=220.44 AI=46.89 AICommand=0.60 AIThink=2.85 AIDrive=19.57 AIEngage=22.62 Gunnery=0.15 ShipStep=57.88 Collision=12.61 Projectiles=0.20 Missiles=26.02 PointDefense=52.03 Drones=17.84 Sensors=1.27 Post=4.78
perf t=346s fps=124.1 frame=8ms | hudDraw=1.8/3 fxSync=1.3/2 physics=0.7/4 sim=0.7/2 shipViews=0.6/1 ordnance=0.1/0 fxObserve=0.0/0 audioObserve=0.0/0 contacts=0.0/0 ballistics=0.0/0 shipCombat=0.0/0 audioListener=0.0/0 combat+am=0.0/0 | draws=545 objects=6445 prims=123250 nodes=3095 gpu=282MB
sim-profile t=345.933s ticks=240 us/tick | Tick=348.58 AI=96.35 AICommand=0.59 AIThink=3.11 AIDrive=28.27 AIEngage=62.88 Gunnery=0.17 ShipStep=73.42 Collision=14.58 Projectiles=0.23 Missiles=30.48 PointDefense=98.14 Drones=27.14 Sensors=1.43 Post=5.67
perf t=350s fps=133.9 frame=7ms | hudDraw=1.6/2 fxSync=1.1/2 physics=0.6/3 sim=0.6/1 shipViews=0.5/1 ballistics=0.1/1 ordnance=0.1/0 audioObserve=0.0/1 fxObserve=0.0/0 contacts=0.0/0 shipCombat=0.0/0 audioListener=0.0/0 combat+am=0.0/0 | draws=554 objects=6436 prims=117893 nodes=3087 gpu=282MB
sim-profile t=349.933s ticks=240 us/tick | Tick=314.07 AI=90.81 AICommand=0.57 AIThink=10.85 AIDrive=26.08 AIEngage=51.87 Gunnery=0.16 ShipStep=65.54 Collision=13.49 Projectiles=0.20 Missiles=25.15 PointDefense=90.60 Drones=20.39 Sensors=1.35 Post=5.58
perf t=354s fps=132.9 frame=8ms | hudDraw=1.8/3 fxSync=0.9/3 physics=0.6/3 shipViews=0.6/1 sim=0.6/1 ballistics=0.1/1 ordnance=0.1/0 audioObserve=0.0/0 contacts=0.0/0 fxObserve=0.0/0 shipCombat=0.0/0 audioListener=0.0/0 combat+am=0.0/0 | draws=575 objects=6485 prims=116869 nodes=3120 gpu=282MB
sim-profile t=353.933s ticks=240 us/tick | Tick=305.57 AI=94.39 AICommand=0.63 AIThink=14.56 AIDrive=28.79 AIEngage=48.78 Gunnery=0.17 ShipStep=71.54 Collision=14.57 Projectiles=0.22 Missiles=26.25 PointDefense=70.58 Drones=19.84 Sensors=1.41 Post=5.70
perf t=358s fps=137.6 frame=7ms | hudDraw=1.8/5 shipViews=0.6/1 fxSync=0.5/1 physics=0.5/2 sim=0.4/1 ordnance=0.1/0 ballistics=0.0/0 audioObserve=0.0/0 contacts=0.0/0 fxObserve=0.0/0 shipCombat=0.0/0 audioListener=0.0/0 combat+am=0.0/0 | draws=570 objects=6464 prims=113849 nodes=3152 gpu=282MB
sim-profile t=357.933s ticks=240 us/tick | Tick=234.36 AI=54.41 AICommand=0.61 AIThink=6.93 AIDrive=22.15 AIEngage=23.26 Gunnery=0.17 ShipStep=64.78 Collision=14.10 Projectiles=0.20 Missiles=29.97 PointDefense=40.42 Drones=22.05 Sensors=1.58 Post=5.84
perf t=362s fps=142.8 frame=7ms | hudDraw=1.7/4 shipViews=0.6/1 fxSync=0.6/1 physics=0.5/2 sim=0.4/1 ordnance=0.1/0 audioObserve=0.0/0 contacts=0.0/0 fxObserve=0.0/0 ballistics=0.0/0 shipCombat=0.0/0 audioListener=0.0/0 combat+am=0.0/0 | draws=563 objects=6409 prims=115475 nodes=3144 gpu=282MB
sim-profile t=362.067s ticks=248 us/tick | Tick=249.33 AI=60.19 AICommand=1.06 AIThink=3.89 AIDrive=22.29 AIEngage=31.50 Gunnery=0.16 ShipStep=66.72 Collision=13.66 Projectiles=0.19 Missiles=33.86 PointDefense=42.13 Drones=24.55 Sensors=1.44 Post=5.60
perf t=366s fps=140.4 frame=7ms | hudDraw=1.7/3 fxSync=0.7/1 shipViews=0.6/1 physics=0.5/2 sim=0.4/1 ordnance=0.1/0 audioObserve=0.0/0 fxObserve=0.0/0 contacts=0.0/0 ballistics=0.0/0 shipCombat=0.0/0 audioListener=0.0/0 combat+am=0.0/0 | draws=610 objects=6511 prims=160403 nodes=3144 gpu=282MB
sim-profile t=366.000s ticks=236 us/tick | Tick=240.01 AI=59.93 AICommand=0.37 AIThink=3.10 AIDrive=24.37 AIEngage=30.54 Gunnery=0.17 ShipStep=64.42 Collision=13.20 Projectiles=0.19 Missiles=32.11 PointDefense=39.80 Drones=22.81 Sensors=1.35 Post=5.20
perf t=370s fps=145.4 frame=7ms | hudDraw=1.6/2 fxSync=0.9/1 shipViews=0.5/1 physics=0.4/2 sim=0.4/1 ordnance=0.0/0 fxObserve=0.0/0 audioObserve=0.0/0 contacts=0.0/0 ballistics=0.0/0 shipCombat=0.0/0 audioListener=0.0/0 combat+am=0.0/0 | draws=667 objects=6597 prims=170121 nodes=3144 gpu=282MB
sim-profile t=370.067s ticks=244 us/tick | Tick=218.47 AI=53.03 AICommand=0.78 AIThink=2.86 AIDrive=19.82 AIEngage=28.33 Gunnery=0.15 ShipStep=58.48 Collision=12.04 Projectiles=0.18 Missiles=30.36 PointDefense=36.50 Drones=21.18 Sensors=1.25 Post=4.54
perf t=374s fps=141.9 frame=7ms | hudDraw=1.6/3 fxSync=1.2/2 shipViews=0.5/1 physics=0.4/2 sim=0.4/0 ordnance=0.0/0 fxObserve=0.0/0 audioObserve=0.0/0 contacts=0.0/0 ballistics=0.0/0 shipCombat=0.0/0 audioListener=0.0/0 combat+am=0.0/0 | draws=665 objects=6513 prims=173515 nodes=3144 gpu=282MB
sim-profile t=374.067s ticks=240 us/tick | Tick=217.28 AI=52.34 AICommand=0.53 AIThink=2.77 AIDrive=19.43 AIEngage=28.31 Gunnery=0.14 ShipStep=57.60 Collision=12.06 Projectiles=0.17 Missiles=31.48 PointDefense=36.32 Drones=20.80 Sensors=1.22 Post=4.42
perf t=378s fps=112.4 frame=9ms | hudDraw=1.9/3 fxSync=1.5/2 physics=1.0/7 sim=0.9/1 shipViews=0.6/1 ordnance=0.1/0 audioObserve=0.1/3 fxObserve=0.0/0 contacts=0.0/0 ballistics=0.0/0 shipCombat=0.0/0 audioListener=0.0/0 combat+am=0.0/0 | draws=593 objects=6559 prims=168185 nodes=3188 gpu=282MB
sim-profile t=378.133s ticks=244 us/tick | Tick=404.38 AI=83.85 AICommand=0.76 AIThink=6.69 AIDrive=27.18 AIEngage=47.63 Gunnery=0.18 ShipStep=75.37 Collision=15.56 Projectiles=0.26 Missiles=46.25 PointDefense=141.05 Drones=33.07 Sensors=1.49 Post=6.27
perf t=382s fps=131.4 frame=8ms | hudDraw=1.7/3 fxSync=1.3/2 physics=0.7/2 sim=0.7/1 shipViews=0.5/1 ordnance=0.1/0 ballistics=0.1/1 fxObserve=0.0/0 audioObserve=0.0/0 contacts=0.0/1 shipCombat=0.0/0 audioListener=0.0/0 combat+am=0.0/0 | draws=618 objects=6602 prims=168493 nodes=3224 gpu=282MB
sim-profile t=382.067s ticks=236 us/tick | Tick=363.95 AI=86.41 AICommand=0.52 AIThink=14.54 AIDrive=25.45 AIEngage=44.56 Gunnery=0.14 ShipStep=63.18 Collision=12.97 Projectiles=0.20 Missiles=40.77 PointDefense=124.03 Drones=28.85 Sensors=1.32 Post=5.27
perf t=386s fps=134.5 frame=7ms | hudDraw=1.7/2 fxSync=1.0/1 physics=0.6/2 shipViews=0.5/1 sim=0.5/1 ballistics=0.1/1 ordnance=0.1/0 audioObserve=0.0/0 fxObserve=0.0/0 contacts=0.0/1 shipCombat=0.0/0 audioListener=0.0/0 combat+am=0.0/0 | draws=649 objects=6665 prims=167043 nodes=3218 gpu=282MB
sim-profile t=386.133s ticks=244 us/tick | Tick=278.67 AI=68.70 AICommand=0.55 AIThink=16.11 AIDrive=20.75 AIEngage=29.90 Gunnery=0.16 ShipStep=55.80 Collision=12.73 Projectiles=0.19 Missiles=40.14 PointDefense=63.37 Drones=30.04 Sensors=1.23 Post=5.54
perf t=390s fps=138.8 frame=7ms | hudDraw=1.8/3 fxSync=0.9/1 shipViews=0.5/1 physics=0.5/2 sim=0.5/1 ordnance=0.1/0 ballistics=0.0/0 fxObserve=0.0/0 audioObserve=0.0/0 contacts=0.0/0 shipCombat=0.0/0 audioListener=0.0/0 combat+am=0.0/0 | draws=782 objects=6842 prims=230215 nodes=3210 gpu=282MB
sim-profile t=390.133s ticks=240 us/tick | Tick=269.92 AI=62.77 AICommand=0.54 AIThink=8.13 AIDrive=20.89 AIEngage=31.94 Gunnery=0.15 ShipStep=58.81 Collision=13.09 Projectiles=0.18 Missiles=35.92 PointDefense=64.54 Drones=27.17 Sensors=1.36 Post=5.17
perf t=394s fps=133.9 frame=7ms | hudDraw=1.8/2 fxSync=1.1/1 shipViews=0.5/1 physics=0.5/2 sim=0.4/1 ordnance=0.1/0 fxObserve=0.0/0 audioObserve=0.0/0 contacts=0.0/0 ballistics=0.0/0 shipCombat=0.0/0 audioListener=0.0/0 combat+am=0.0/0 | draws=872 objects=6894 prims=302893 nodes=3206 gpu=282MB
sim-profile t=394.133s ticks=240 us/tick | Tick=243.29 AI=59.75 AICommand=0.48 AIThink=6.79 AIDrive=20.47 AIEngage=30.69 Gunnery=0.15 ShipStep=61.83 Collision=12.73 Projectiles=0.17 Missiles=34.75 PointDefense=39.89 Drones=27.05 Sensors=1.27 Post=4.96
perf t=398s fps=127.7 frame=8ms | hudDraw=1.8/3 fxSync=1.4/2 shipViews=0.5/1 physics=0.5/2 sim=0.5/1 ordnance=0.1/0 fxObserve=0.0/0 audioObserve=0.0/0 contacts=0.0/0 ballistics=0.0/0 shipCombat=0.0/0 audioListener=0.0/0 combat+am=0.0/0 | draws=804 objects=6872 prims=260197 nodes=3206 gpu=282MB
sim-profile t=398.133s ticks=240 us/tick | Tick=240.30 AI=59.57 AICommand=0.66 AIThink=3.06 AIDrive=20.41 AIEngage=34.06 Gunnery=0.15 ShipStep=59.92 Collision=12.60 Projectiles=0.17 Missiles=35.46 PointDefense=39.81 Drones=25.82 Sensors=1.34 Post=4.73
perf t=402s fps=120.3 frame=8ms | hudDraw=1.9/4 fxSync=1.5/2 physics=0.7/2 sim=0.6/1 shipViews=0.5/1 ordnance=0.1/0 fxObserve=0.0/0 audioObserve=0.0/0 contacts=0.0/0 ballistics=0.0/0 shipCombat=0.0/0 audioListener=0.0/0 combat+am=0.0/0 | draws=738 objects=6879 prims=304343 nodes=3250 gpu=282MB
sim-profile t=402.133s ticks=240 us/tick | Tick=319.15 AI=71.51 AICommand=0.54 AIThink=5.44 AIDrive=23.01 AIEngage=41.16 Gunnery=0.15 ShipStep=62.39 Collision=13.36 Projectiles=0.18 Missiles=38.80 PointDefense=95.06 Drones=30.29 Sensors=1.24 Post=5.33
perf t=406s fps=124.3 frame=8ms | hudDraw=1.8/3 fxSync=1.4/2 physics=0.8/2 sim=0.8/1 shipViews=0.5/1 ordnance=0.1/0 ballistics=0.1/1 fxObserve=0.0/0 audioObserve=0.0/0 contacts=0.0/0 shipCombat=0.0/0 audioListener=0.0/0 combat+am=0.0/0 | draws=665 objects=6709 prims=235389 nodes=3231 gpu=282MB
sim-profile t=406.133s ticks=240 us/tick | Tick=396.16 AI=88.81 AICommand=0.57 AIThink=14.85 AIDrive=23.35 AIEngage=48.71 Gunnery=0.15 ShipStep=63.79 Collision=13.05 Projectiles=0.19 Missiles=48.88 PointDefense=135.36 Drones=38.44 Sensors=1.30 Post=5.38
perf t=410s fps=121.5 frame=8ms | hudDraw=1.7/3 fxSync=1.4/2 physics=0.9/3 sim=0.8/1 shipViews=0.5/1 ballistics=0.1/5 ordnance=0.1/0 fxObserve=0.0/0 audioObserve=0.0/0 contacts=0.0/1 shipCombat=0.0/0 audioListener=0.0/0 combat+am=0.0/0 | draws=688 objects=6748 prims=278633 nodes=3258 gpu=282MB
sim-profile t=410.200s ticks=244 us/tick | Tick=416.88 AI=93.06 AICommand=0.56 AIThink=15.26 AIDrive=23.68 AIEngage=52.04 Gunnery=0.15 ShipStep=63.43 Collision=13.17 Projectiles=0.21 Missiles=61.57 PointDefense=133.25 Drones=44.37 Sensors=1.22 Post=5.64
perf t=414s fps=130.0 frame=8ms | hudDraw=1.7/3 fxSync=1.3/2 physics=0.6/2 sim=0.5/1 shipViews=0.5/1 ordnance=0.1/1 ballistics=0.0/1 fxObserve=0.0/0 audioObserve=0.0/0 contacts=0.0/0 shipCombat=0.0/0 audioListener=0.0/0 combat+am=0.0/0 | draws=746 objects=6819 prims=277353 nodes=3251 gpu=282MB
sim-profile t=414.200s ticks=240 us/tick | Tick=293.85 AI=81.01 AICommand=0.50 AIThink=15.46 AIDrive=22.11 AIEngage=41.58 Gunnery=0.14 ShipStep=56.87 Collision=12.29 Projectiles=0.19 Missiles=47.95 PointDefense=55.47 Drones=32.62 Sensors=1.26 Post=5.27
perf t=418s fps=121.7 frame=8ms | hudDraw=2.0/3 fxSync=1.3/2 physics=0.6/2 sim=0.6/1 shipViews=0.6/1 ordnance=0.1/0 fxObserve=0.0/0 audioObserve=0.0/0 contacts=0.0/0 ballistics=0.0/0 shipCombat=0.0/0 audioListener=0.0/0 combat+am=0.0/0 | draws=714 objects=6795 prims=255421 nodes=3250 gpu=282MB
sim-profile t=418.200s ticks=240 us/tick | Tick=284.75 AI=71.61 AICommand=0.55 AIThink=7.48 AIDrive=23.45 AIEngage=38.59 Gunnery=0.16 ShipStep=60.60 Collision=13.32 Projectiles=0.20 Missiles=49.66 PointDefense=46.76 Drones=34.61 Sensors=1.45 Post=5.57
perf t=422s fps=121.3 frame=8ms | hudDraw=1.9/3 fxSync=1.4/2 physics=0.6/2 sim=0.6/1 shipViews=0.6/1 ordnance=0.1/0 fxObserve=0.0/0 audioObserve=0.0/0 contacts=0.0/0 ballistics=0.0/0 shipCombat=0.0/0 audioListener=0.0/0 combat+am=0.0/0 | draws=728 objects=6800 prims=258895 nodes=3250 gpu=282MB
sim-profile t=422.267s ticks=244 us/tick | Tick=282.94 AI=70.14 AICommand=0.58 AIThink=3.63 AIDrive=24.98 AIEngage=39.53 Gunnery=0.16 ShipStep=59.51 Collision=13.23 Projectiles=0.21 Missiles=49.61 PointDefense=48.07 Drones=34.18 Sensors=1.49 Post=5.53
perf t=426s fps=119.2 frame=8ms | hudDraw=1.9/3 fxSync=1.5/2 physics=0.7/2 sim=0.6/1 shipViews=0.5/1 ordnance=0.1/0 fxObserve=0.0/0 audioObserve=0.0/0 contacts=0.0/0 ballistics=0.0/0 shipCombat=0.0/0 audioListener=0.0/0 combat+am=0.0/0 | draws=740 objects=6824 prims=252838 nodes=3234 gpu=282MB
sim-profile t=426.267s ticks=240 us/tick | Tick=316.28 AI=69.07 AICommand=0.66 AIThink=3.56 AIDrive=22.95 AIEngage=40.56 Gunnery=0.15 ShipStep=62.61 Collision=13.31 Projectiles=0.22 Missiles=50.20 PointDefense=79.25 Drones=34.05 Sensors=1.26 Post=5.31
perf t=430s fps=114.9 frame=9ms | hudDraw=1.9/3 fxSync=1.4/2 physics=0.9/3 sim=0.8/1 shipViews=0.5/1 ballistics=0.1/1 ordnance=0.1/0 fxObserve=0.0/0 audioObserve=0.0/0 contacts=0.0/0 shipCombat=0.0/0 audioListener=0.0/0 combat+am=0.0/0 | draws=732 objects=6790 prims=225588 nodes=3243 gpu=282MB
sim-profile t=430.267s ticks=240 us/tick | Tick=393.02 AI=94.08 AICommand=0.58 AIThink=14.03 AIDrive=25.35 AIEngage=52.69 Gunnery=0.15 ShipStep=66.92 Collision=13.30 Projectiles=0.25 Missiles=60.03 PointDefense=110.62 Drones=39.69 Sensors=1.30 Post=5.87
perf t=434s fps=121.7 frame=8ms | hudDraw=1.8/3 fxSync=1.1/2 physics=0.8/2 sim=0.8/1 shipViews=0.5/1 ballistics=0.2/5 ordnance=0.1/0 audioObserve=0.0/0 fxObserve=0.0/0 contacts=0.0/0 shipCombat=0.0/0 audioListener=0.0/0 combat+am=0.0/0 | draws=727 objects=6763 prims=230701 nodes=3260 gpu=282MB
sim-profile t=434.267s ticks=240 us/tick | Tick=387.00 AI=97.23 AICommand=0.59 AIThink=15.60 AIDrive=27.93 AIEngage=51.75 Gunnery=0.15 ShipStep=65.78 Collision=13.01 Projectiles=0.24 Missiles=56.58 PointDefense=107.95 Drones=38.25 Sensors=1.34 Post=5.63
perf t=438s fps=126.3 frame=8ms | hudDraw=1.9/4 fxSync=0.9/1 physics=0.7/2 sim=0.6/1 shipViews=0.5/1 ballistics=0.1/1 ordnance=0.1/0 audioObserve=0.0/0 fxObserve=0.0/0 contacts=0.0/0 shipCombat=0.0/0 audioListener=0.0/0 combat+am=0.0/0 | draws=628 objects=6684 prims=185925 nodes=3273 gpu=282MB
sim-profile t=438.267s ticks=240 us/tick | Tick=319.63 AI=83.17 AICommand=0.60 AIThink=12.33 AIDrive=25.78 AIEngage=43.03 Gunnery=0.15 ShipStep=61.65 Collision=13.05 Projectiles=0.22 Missiles=50.20 PointDefense=68.36 Drones=34.97 Sensors=1.38 Post=5.65
perf t=442s fps=127.7 frame=8ms | hudDraw=2.0/3 fxSync=1.0/1 physics=0.6/2 sim=0.5/1 shipViews=0.5/1 ordnance=0.1/0 fxObserve=0.0/0 contacts=0.0/1 audioObserve=0.0/0 ballistics=0.0/0 shipCombat=0.0/0 audioListener=0.0/0 combat+am=0.0/0 | draws=619 objects=6658 prims=142547 nodes=3273 gpu=282MB
sim-profile t=442.333s ticks=244 us/tick | Tick=286.28 AI=72.14 AICommand=0.59 AIThink=8.60 AIDrive=23.01 AIEngage=38.51 Gunnery=0.17 ShipStep=63.35 Collision=13.30 Projectiles=0.22 Missiles=47.39 PointDefense=48.04 Drones=33.98 Sensors=1.36 Post=5.51
perf t=446s fps=137.9 frame=7ms | hudDraw=1.8/2 fxSync=1.2/2 shipViews=0.5/1 physics=0.5/1 sim=0.4/1 ordnance=0.1/1 fxObserve=0.0/0 audioObserve=0.0/0 contacts=0.0/0 ballistics=0.0/0 shipCombat=0.0/0 audioListener=0.0/0 combat+am=0.0/0 | draws=651 objects=6693 prims=148431 nodes=3273 gpu=282MB
sim-profile t=446.333s ticks=240 us/tick | Tick=242.43 AI=58.98 AICommand=0.57 AIThink=3.21 AIDrive=19.40 AIEngage=34.63 Gunnery=0.14 ShipStep=56.81 Collision=11.84 Projectiles=0.18 Missiles=36.50 PointDefense=41.91 Drones=29.47 Sensors=1.27 Post=4.61
perf t=450s fps=122.8 frame=8ms | hudDraw=1.9/3 fxSync=1.4/2 physics=0.7/2 sim=0.6/1 shipViews=0.5/1 ordnance=0.1/0 ballistics=0.0/1 fxObserve=0.0/0 audioObserve=0.0/1 contacts=0.0/0 shipCombat=0.0/0 audioListener=0.0/0 combat+am=0.0/0 | draws=621 objects=6661 prims=146014 nodes=3257 gpu=282MB
sim-profile t=450.333s ticks=240 us/tick | Tick=295.30 AI=69.26 AICommand=0.61 AIThink=6.20 AIDrive=22.19 AIEngage=38.94 Gunnery=0.15 ShipStep=62.02 Collision=12.86 Projectiles=0.21 Missiles=40.81 PointDefense=68.24 Drones=34.30 Sensors=1.39 Post=5.25
perf t=454s fps=95.3 frame=10ms | hudDraw=2.4/5 fxSync=1.6/2 physics=1.3/6 sim=1.2/3 shipViews=0.6/1 ballistics=0.2/1 ordnance=0.1/1 fxObserve=0.1/0 audioObserve=0.1/1 contacts=0.0/0 shipCombat=0.0/0 audioListener=0.0/0 combat+am=0.0/0 | draws=663 objects=6812 prims=209004 nodes=3267 gpu=282MB
sim-profile t=454.333s ticks=240 us/tick | Tick=474.04 AI=115.42 AICommand=0.77 AIThink=19.33 AIDrive=30.61 AIEngage=62.91 Gunnery=0.20 ShipStep=92.48 Collision=16.26 Projectiles=0.31 Missiles=58.24 PointDefense=129.92 Drones=51.21 Sensors=1.70 Post=7.27
perf t=458s fps=102.3 frame=10ms | hudDraw=2.3/5 fxSync=1.3/3 physics=1.1/3 sim=1.0/1 shipViews=0.6/1 ordnance=0.1/0 ballistics=0.1/1 audioObserve=0.0/0 fxObserve=0.0/0 contacts=0.0/1 shipCombat=0.0/0 audioListener=0.0/0 combat+am=0.0/0 | draws=677 objects=6836 prims=199355 nodes=3290 gpu=282MB
sim-profile t=458.400s ticks=244 us/tick | Tick=428.50 AI=108.79 AICommand=0.79 AIThink=17.01 AIDrive=28.73 AIEngage=60.57 Gunnery=0.18 ShipStep=79.28 Collision=15.22 Projectiles=0.27 Missiles=54.20 PointDefense=117.83 Drones=43.56 Sensors=1.44 Post=6.77
perf t=462s fps=121.7 frame=8ms | hudDraw=2.0/3 fxSync=0.9/1 physics=0.7/3 sim=0.6/1 shipViews=0.6/1 ordnance=0.1/0 ballistics=0.1/1 audioObserve=0.0/0 fxObserve=0.0/0 contacts=0.0/0 shipCombat=0.0/0 audioListener=0.0/0 combat+am=0.0/0 | draws=687 objects=6824 prims=180959 nodes=3274 gpu=282MB
sim-profile t=462.400s ticks=240 us/tick | Tick=327.81 AI=88.19 AICommand=0.66 AIThink=12.79 AIDrive=24.72 AIEngage=48.50 Gunnery=0.17 ShipStep=68.13 Collision=13.21 Projectiles=0.23 Missiles=41.09 PointDefense=72.65 Drones=36.05 Sensors=1.36 Post=5.86
perf t=466s fps=134.0 frame=7ms | hudDraw=1.9/2 fxSync=0.9/2 shipViews=0.5/1 physics=0.5/1 sim=0.4/0 ordnance=0.1/0 fxObserve=0.0/0 audioObserve=0.0/0 contacts=0.0/0 ballistics=0.0/0 shipCombat=0.0/0 audioListener=0.0/0 combat+am=0.0/0 | draws=690 objects=6852 prims=186577 nodes=3274 gpu=282MB
sim-profile t=466.467s ticks=244 us/tick | Tick=248.45 AI=59.07 AICommand=0.57 AIThink=3.33 AIDrive=20.27 AIEngage=33.61 Gunnery=0.16 ShipStep=59.76 Collision=12.05 Projectiles=0.19 Missiles=36.66 PointDefense=43.00 Drones=30.58 Sensors=1.23 Post=4.86
perf t=470s fps=131.0 frame=8ms | hudDraw=1.9/2 fxSync=1.2/2 shipViews=0.5/1 physics=0.5/2 sim=0.4/1 ordnance=0.1/0 fxObserve=0.0/0 contacts=0.0/1 audioObserve=0.0/0 ballistics=0.0/0 shipCombat=0.0/0 audioListener=0.0/0 combat+am=0.0/0 | draws=740 objects=6882 prims=206813 nodes=3258 gpu=282MB
sim-profile t=470.400s ticks=236 us/tick | Tick=243.31 AI=60.65 AICommand=0.60 AIThink=3.33 AIDrive=22.46 AIEngage=33.00 Gunnery=0.14 ShipStep=59.07 Collision=11.94 Projectiles=0.20 Missiles=35.40 PointDefense=40.87 Drones=27.97 Sensors=1.25 Post=5.09
perf t=474s fps=126.8 frame=8ms | hudDraw=1.9/3 fxSync=1.4/2 physics=0.6/2 shipViews=0.5/1 sim=0.5/1 ordnance=0.1/0 fxObserve=0.0/0 ballistics=0.0/1 shipCombat=0.0/2 audioObserve=0.0/0 contacts=0.0/0 audioListener=0.0/0 combat+am=0.0/0 | draws=681 objects=6790 prims=185159 nodes=3238 gpu=282MB
sim-profile t=474.400s ticks=240 us/tick | Tick=257.19 AI=62.72 AICommand=0.59 AIThink=5.08 AIDrive=20.85 AIEngage=34.95 Gunnery=0.14 ShipStep=56.55 Collision=12.00 Projectiles=0.20 Missiles=35.24 PointDefense=55.02 Drones=28.35 Sensors=1.24 Post=4.99
perf t=478s fps=121.9 frame=8ms | hudDraw=1.9/2 fxSync=1.4/2 physics=0.7/2 sim=0.6/1 shipViews=0.5/1 ordnance=0.1/0 ballistics=0.1/1 fxObserve=0.0/0 audioObserve=0.0/0 shipCombat=0.0/1 contacts=0.0/0 audioListener=0.0/0 combat+am=0.0/0 | draws=690 objects=6831 prims=187927 nodes=3255 gpu=282MB
sim-profile t=478.400s ticks=240 us/tick | Tick=327.98 AI=84.08 AICommand=0.59 AIThink=13.50 AIDrive=23.09 AIEngage=45.59 Gunnery=0.15 ShipStep=62.66 Collision=12.47 Projectiles=0.22 Missiles=40.36 PointDefense=88.12 Drones=32.70 Sensors=1.25 Post=5.23
perf t=482s fps=118.6 frame=8ms | hudDraw=2.0/5 fxSync=1.2/2 physics=0.8/3 sim=0.7/1 shipViews=0.5/1 ballistics=0.1/1 ordnance=0.1/0 fxObserve=0.0/0 audioObserve=0.0/0 contacts=0.0/0 shipCombat=0.0/0 audioListener=0.0/0 combat+am=0.0/0 | draws=614 objects=6705 prims=156855 nodes=3283 gpu=282MB
sim-profile t=482.467s ticks=244 us/tick | Tick=359.34 AI=97.50 AICommand=0.57 AIThink=16.08 AIDrive=25.49 AIEngage=53.93 Gunnery=0.16 ShipStep=67.93 Collision=13.63 Projectiles=0.24 Missiles=45.06 PointDefense=93.54 Drones=33.18 Sensors=1.27 Post=6.02
perf t=486s fps=138.5 frame=7ms | hudDraw=1.8/3 fxSync=0.9/1 physics=0.6/2 sim=0.5/1 shipViews=0.5/1 ballistics=0.1/1 ordnance=0.1/0 audioObserve=0.0/0 fxObserve=0.0/0 contacts=0.0/0 shipCombat=0.0/0 audioListener=0.0/0 combat+am=0.0/0 | draws=625 objects=6698 prims=139637 nodes=3259 gpu=282MB
sim-profile t=486.467s ticks=240 us/tick | Tick=304.32 AI=81.32 AICommand=0.49 AIThink=15.38 AIDrive=21.83 AIEngage=42.36 Gunnery=0.14 ShipStep=58.25 Collision=12.09 Projectiles=0.20 Missiles=38.94 PointDefense=75.85 Drones=30.32 Sensors=1.25 Post=5.17
perf t=490s fps=141.1 frame=7ms | hudDraw=1.8/3 fxSync=0.8/1 shipViews=0.5/1 physics=0.5/2 sim=0.4/1 ordnance=0.1/0 ballistics=0.0/0 fxObserve=0.0/0 audioObserve=0.0/0 contacts=0.0/0 shipCombat=0.0/0 audioListener=0.0/0 combat+am=0.0/0 | draws=690 objects=7404 prims=175201 nodes=3277 gpu=282MB
sim-profile t=490.467s ticks=240 us/tick | Tick=247.17 AI=70.16 AICommand=0.51 AIThink=13.68 AIDrive=21.04 AIEngage=33.61 Gunnery=0.15 ShipStep=54.72 Collision=12.18 Projectiles=0.20 Missiles=34.93 PointDefense=40.13 Drones=27.65 Sensors=1.21 Post=5.06
perf t=494s fps=113.0 frame=9ms | hudDraw=2.9/6 fxSync=1.2/1 physics=0.6/2 sim=0.5/1 shipViews=0.5/1 ordnance=0.1/0 fxObserve=0.0/0 contacts=0.0/0 audioObserve=0.0/0 ballistics=0.0/0 shipCombat=0.0/0 audioListener=0.0/0 combat+am=0.0/0 | draws=706 objects=7495 prims=132070 nodes=3291 gpu=282MB
sim-profile t=494.467s ticks=240 us/tick | Tick=247.15 AI=59.16 AICommand=0.60 AIThink=3.28 AIDrive=20.25 AIEngage=33.82 Gunnery=0.13 ShipStep=54.50 Collision=11.83 Projectiles=0.20 Missiles=41.03 PointDefense=42.66 Drones=30.99 Sensors=1.32 Post=4.59
perf t=498s fps=103.4 frame=10ms | hudDraw=3.3/4 fxSync=1.4/2 physics=0.7/3 sim=0.7/1 shipViews=0.5/1 ordnance=0.1/0 fxObserve=0.1/0 ballistics=0.0/1 audioObserve=0.0/0 contacts=0.0/0 shipCombat=0.0/0 audioListener=0.0/0 combat+am=0.0/0 | draws=809 objects=7669 prims=177419 nodes=3299 gpu=282MB
sim-profile t=498.467s ticks=240 us/tick | Tick=281.58 AI=62.78 AICommand=0.57 AIThink=4.18 AIDrive=21.69 AIEngage=35.10 Gunnery=0.15 ShipStep=55.58 Collision=12.18 Projectiles=0.19 Missiles=46.59 PointDefense=61.23 Drones=36.05 Sensors=1.19 Post=4.91
perf t=502s fps=104.7 frame=10ms | hudDraw=2.9/4 fxSync=1.4/2 physics=0.8/2 sim=0.7/1 shipViews=0.5/1 ordnance=0.1/0 ballistics=0.1/1 fxObserve=0.1/0 audioObserve=0.0/0 contacts=0.0/0 shipCombat=0.0/0 audioListener=0.0/0 combat+am=0.0/0 | draws=834 objects=7671 prims=178211 nodes=3279 gpu=282MB
sim-profile t=502.467s ticks=240 us/tick | Tick=323.50 AI=67.53 AICommand=0.64 AIThink=7.92 AIDrive=20.97 AIEngage=36.70 Gunnery=0.15 ShipStep=55.59 Collision=12.37 Projectiles=0.22 Missiles=47.65 PointDefense=96.40 Drones=36.37 Sensors=1.25 Post=5.24
perf t=507s fps=101.6 frame=10ms | hudDraw=3.3/5 fxSync=1.3/2 physics=0.8/2 sim=0.7/1 shipViews=0.5/1 ballistics=0.1/1 ordnance=0.1/0 fxObserve=0.0/0 audioObserve=0.0/0 contacts=0.0/0 shipCombat=0.0/0 audioListener=0.0/0 combat+am=0.0/0 | draws=738 objects=7676 prims=172707 nodes=3243 gpu=282MB
sim-profile t=506.533s ticks=244 us/tick | Tick=312.50 AI=70.19 AICommand=0.63 AIThink=9.09 AIDrive=21.41 AIEngage=37.77 Gunnery=0.14 ShipStep=56.52 Collision=12.18 Projectiles=0.20 Missiles=42.20 PointDefense=90.57 Drones=33.34 Sensors=1.24 Post=5.18
perf t=511s fps=99.0 frame=10ms | hudDraw=3.4/4 fxSync=1.2/1 physics=0.9/2 sim=0.9/1 shipViews=0.5/1 ballistics=0.2/8 ordnance=0.1/0 fxObserve=0.0/0 audioObserve=0.0/0 contacts=0.0/0 shipCombat=0.0/0 audioListener=0.0/0 combat+am=0.0/0 | draws=806 objects=7679 prims=173725 nodes=3243 gpu=282MB
sim-profile t=510.600s ticks=244 us/tick | Tick=348.95 AI=77.46 AICommand=0.76 AIThink=8.23 AIDrive=22.64 AIEngage=44.50 Gunnery=0.15 ShipStep=62.29 Collision=12.62 Projectiles=0.23 Missiles=43.37 PointDefense=115.73 Drones=29.59 Sensors=1.28 Post=5.45
perf t=515s fps=102.1 frame=10ms | hudDraw=3.4/5 fxSync=1.1/2 physics=0.8/4 sim=0.8/3 shipViews=0.5/1 ballistics=0.1/9 ordnance=0.1/0 fxObserve=0.0/0 audioObserve=0.0/0 contacts=0.0/0 shipCombat=0.0/0 audioListener=0.0/0 combat+am=0.0/0 | draws=810 objects=7719 prims=187842 nodes=3241 gpu=282MB
sim-profile t=514.600s ticks=240 us/tick | Tick=326.09 AI=86.90 AICommand=0.63 AIThink=8.21 AIDrive=22.28 AIEngage=54.49 Gunnery=0.15 ShipStep=60.80 Collision=12.52 Projectiles=13.81 Missiles=36.68 PointDefense=84.49 Drones=23.59 Sensors=1.20 Post=5.20
perf t=519s fps=106.6 frame=9ms | hudDraw=3.4/7 fxSync=1.0/1 physics=0.7/1 sim=0.6/0 shipViews=0.5/1 ballistics=0.1/8 ordnance=0.1/0 fxObserve=0.0/0 audioObserve=0.0/0 contacts=0.0/0 shipCombat=0.0/0 audioListener=0.0/0 combat+am=0.0/0 | draws=765 objects=7609 prims=126682 nodes=3243 gpu=282MB
sim-profile t=518.600s ticks=240 us/tick | Tick=265.52 AI=72.64 AICommand=0.57 AIThink=2.92 AIDrive=21.15 AIEngage=46.78 Gunnery=0.14 ShipStep=58.53 Collision=12.21 Projectiles=13.68 Missiles=32.34 PointDefense=45.88 Drones=23.15 Sensors=1.20 Post=4.95
perf t=523s fps=100.2 frame=10ms | hudDraw=3.4/4 fxSync=1.0/1 physics=0.7/2 sim=0.7/1 shipViews=0.5/1 ballistics=0.2/2 ordnance=0.1/0 fxObserve=0.0/0 audioObserve=0.0/0 contacts=0.0/0 shipCombat=0.0/0 audioListener=0.0/0 combat+am=0.0/0 | draws=712 objects=7527 prims=125433 nodes=3310 gpu=282MB
sim-profile t=522.667s ticks=244 us/tick | Tick=271.98 AI=81.35 AICommand=0.64 AIThink=5.97 AIDrive=21.85 AIEngage=51.53 Gunnery=0.14 ShipStep=58.46 Collision=12.59 Projectiles=17.57 Missiles=32.50 PointDefense=38.28 Drones=24.04 Sensors=1.22 Post=5.14
perf t=527s fps=101.0 frame=10ms | hudDraw=3.4/4 fxSync=1.1/2 physics=0.8/2 sim=0.7/1 shipViews=0.5/1 ballistics=0.2/8 ordnance=0.1/0 contacts=0.0/1 fxObserve=0.0/0 audioObserve=0.0/0 shipCombat=0.0/0 audioListener=0.0/0 combat+am=0.0/0 | draws=719 objects=7463 prims=142347 nodes=3302 gpu=282MB
sim-profile t=526.667s ticks=240 us/tick | Tick=308.80 AI=92.24 AICommand=0.64 AIThink=8.56 AIDrive=23.19 AIEngage=58.26 Gunnery=0.14 ShipStep=60.46 Collision=12.61 Projectiles=16.71 Missiles=35.37 PointDefense=59.78 Drones=24.06 Sensors=1.28 Post=5.39
perf t=531s fps=95.0 frame=11ms | hudDraw=3.5/5 fxSync=0.9/1 physics=0.9/2 sim=0.8/1 shipViews=0.5/1 ballistics=0.3/3 ordnance=0.1/0 audioObserve=0.0/0 contacts=0.0/1 fxObserve=0.0/0 shipCombat=0.0/0 audioListener=0.0/0 combat+am=0.0/0 | draws=665 objects=7473 prims=119685 nodes=3343 gpu=282MB
sim-profile t=530.667s ticks=240 us/tick | Tick=314.66 AI=87.29 AICommand=0.64 AIThink=9.79 AIDrive=23.92 AIEngage=51.48 Gunnery=0.16 ShipStep=63.54 Collision=13.33 Projectiles=19.32 Missiles=34.17 PointDefense=63.97 Drones=25.00 Sensors=1.28 Post=5.81
perf t=535s fps=106.5 frame=9ms | hudDraw=3.4/6 physics=0.8/3 sim=0.7/1 fxSync=0.6/1 shipViews=0.5/1 ballistics=0.2/3 ordnance=0.1/0 audioObserve=0.0/0 contacts=0.0/0 fxObserve=0.0/0 shipCombat=0.0/0 audioListener=0.0/0 combat+am=0.0/0 | draws=701 objects=7528 prims=117179 nodes=3309 gpu=282MB
sim-profile t=534.667s ticks=240 us/tick | Tick=303.12 AI=71.37 AICommand=0.62 AIThink=9.88 AIDrive=24.16 AIEngage=35.33 Gunnery=0.15 ShipStep=57.36 Collision=13.13 Projectiles=16.92 Missiles=33.40 PointDefense=81.51 Drones=21.48 Sensors=1.31 Post=5.65
perf t=539s fps=105.2 frame=10ms | hudDraw=3.5/6 physics=0.6/2 sim=0.6/0 shipViews=0.5/1 fxSync=0.5/1 ballistics=0.3/1 ordnance=0.0/0 audioObserve=0.0/0 contacts=0.0/0 fxObserve=0.0/0 shipCombat=0.0/0 audioListener=0.0/0 combat+am=0.0/0 | draws=731 objects=7576 prims=134028 nodes=3315 gpu=282MB
sim-profile t=538.667s ticks=240 us/tick | Tick=242.71 AI=66.17 AICommand=0.63 AIThink=10.21 AIDrive=22.33 AIEngage=31.64 Gunnery=0.15 ShipStep=58.06 Collision=13.22 Projectiles=14.64 Missiles=28.79 PointDefense=35.56 Drones=18.65 Sensors=1.28 Post=5.38
perf t=543s fps=111.1 frame=9ms | hudDraw=3.5/4 physics=0.6/2 fxSync=0.6/1 shipViews=0.5/1 sim=0.5/1 ballistics=0.1/1 ordnance=0.0/0 audioObserve=0.0/0 contacts=0.0/0 fxObserve=0.0/0 shipCombat=0.0/0 audioListener=0.0/0 combat+am=0.0/0 | draws=781 objects=7659 prims=152508 nodes=3319 gpu=282MB
sim-profile t=542.667s ticks=240 us/tick | Tick=239.61 AI=68.04 AICommand=0.66 AIThink=6.66 AIDrive=21.66 AIEngage=37.77 Gunnery=0.15 ShipStep=55.51 Collision=12.76 Projectiles=15.59 Missiles=26.92 PointDefense=33.59 Drones=17.70 Sensors=1.25 Post=7.37
perf t=547s fps=102.9 frame=10ms | hudDraw=3.5/5 physics=0.7/2 sim=0.6/1 fxSync=0.6/1 shipViews=0.5/1 ballistics=0.3/1 ordnance=0.0/1 audioObserve=0.0/0 contacts=0.0/0 fxObserve=0.0/0 shipCombat=0.0/0 audioListener=0.0/0 combat+am=0.0/0 | draws=752 objects=7570 prims=127944 nodes=3351 gpu=282MB
sim-profile t=546.733s ticks=244 us/tick | Tick=268.61 AI=79.44 AICommand=0.56 AIThink=7.53 AIDrive=21.65 AIEngage=48.30 Gunnery=0.14 ShipStep=55.31 Collision=12.54 Projectiles=36.11 Missiles=27.01 PointDefense=33.39 Drones=17.54 Sensors=1.18 Post=5.23
perf t=551s fps=98.1 frame=10ms | hudDraw=3.8/6 physics=0.8/2 fxSync=0.8/1 sim=0.7/1 shipViews=0.5/1 ballistics=0.2/1 ordnance=0.0/0 audioObserve=0.0/0 contacts=0.0/0 fxObserve=0.0/0 shipCombat=0.0/0 audioListener=0.0/0 combat+am=0.0/0 | draws=767 objects=7610 prims=124383 nodes=3354 gpu=282MB
sim-profile t=550.733s ticks=240 us/tick | Tick=304.47 AI=91.92 AICommand=0.63 AIThink=10.36 AIDrive=25.84 AIEngage=53.67 Gunnery=0.15 ShipStep=58.67 Collision=12.87 Projectiles=50.82 Missiles=28.72 PointDefense=35.16 Drones=18.50 Sensors=1.30 Post=5.56
perf t=555s fps=92.8 frame=11ms | hudDraw=3.7/6 physics=1.0/2 sim=0.9/1 fxSync=0.8/1 shipViews=0.5/1 ballistics=0.4/2 ordnance=0.0/0 audioObserve=0.0/0 contacts=0.0/0 shipCombat=0.0/1 fxObserve=0.0/0 audioListener=0.0/0 combat+am=0.0/0 | draws=742 objects=7583 prims=119358 nodes=3371 gpu=282MB
sim-profile t=554.800s ticks=244 us/tick | Tick=347.12 AI=93.48 AICommand=3.49 AIThink=8.13 AIDrive=23.02 AIEngage=57.47 Gunnery=0.16 ShipStep=60.67 Collision=13.23 Projectiles=61.32 Missiles=27.48 PointDefense=63.55 Drones=19.45 Sensors=1.37 Post=5.65
perf t=559s fps=102.7 frame=10ms | hudDraw=3.4/5 physics=0.9/3 sim=0.8/1 fxSync=0.5/1 shipViews=0.5/1 ballistics=0.4/2 ordnance=0.0/0 audioObserve=0.0/1 contacts=0.0/0 fxObserve=0.0/0 shipCombat=0.0/0 audioListener=0.0/0 combat+am=0.0/0 | draws=714 objects=7833 prims=114060 nodes=3365 gpu=282MB
sim-profile t=558.800s ticks=240 us/tick | Tick=337.90 AI=108.81 AICommand=1.10 AIThink=15.40 AIDrive=24.48 AIEngage=66.47 Gunnery=0.14 ShipStep=57.92 Collision=12.68 Projectiles=54.82 Missiles=20.67 PointDefense=56.18 Drones=19.22 Sensors=1.23 Post=5.49
perf t=563s fps=115.3 frame=9ms | hudDraw=2.3/4 physics=0.7/5 shipCombat=0.7/76 sim=0.6/3 shipViews=0.5/1 fxSync=0.4/1 ballistics=0.2/1 fxObserve=0.0/2 ordnance=0.0/0 audioObserve=0.0/0 contacts=0.0/0 audioListener=0.0/0 combat+am=0.0/0 | draws=677 objects=6766 prims=158308 nodes=3391 gpu=284MB
sim-profile t=562.800s ticks=240 us/tick | Tick=284.31 AI=79.27 AICommand=0.61 AIThink=5.03 AIDrive=22.00 AIEngage=50.31 Gunnery=0.14 ShipStep=57.41 Collision=17.28 Projectiles=56.66 Missiles=18.57 PointDefense=31.25 Drones=16.18 Sensors=1.39 Post=5.45
perf t=567s fps=124.0 frame=8ms | hudDraw=2.8/4 shipViews=0.5/1 physics=0.5/2 sim=0.5/1 fxSync=0.4/1 ballistics=0.1/1 ordnance=0.0/0 audioObserve=0.0/0 contacts=0.0/0 shipCombat=0.0/0 fxObserve=0.0/0 audioListener=0.0/0 combat+am=0.0/0 | draws=734 objects=6854 prims=181036 nodes=3390 gpu=284MB
sim-profile t=566.800s ticks=240 us/tick | Tick=235.11 AI=63.50 AICommand=0.56 AIThink=10.51 AIDrive=21.85 AIEngage=29.25 Gunnery=0.16 ShipStep=56.15 Collision=18.46 Projectiles=23.06 Missiles=18.40 PointDefense=31.51 Drones=16.53 Sensors=1.36 Post=5.26
perf t=571s fps=131.7 frame=8ms | hudDraw=2.7/3 shipViews=0.5/1 physics=0.4/2 sim=0.4/1 fxSync=0.4/1 ballistics=0.1/1 ordnance=0.0/0 audioObserve=0.0/0 contacts=0.0/0 shipCombat=0.0/0 fxObserve=0.0/0 audioListener=0.0/0 combat+am=0.0/0 | draws=830 objects=7806 prims=181846 nodes=3390 gpu=284MB
sim-profile t=570.800s ticks=240 us/tick | Tick=207.50 AI=57.08 AICommand=0.51 AIThink=5.76 AIDrive=19.90 AIEngage=29.72 Gunnery=0.13 ShipStep=52.31 Collision=16.54 Projectiles=11.88 Missiles=17.49 PointDefense=29.75 Drones=15.76 Sensors=1.19 Post=4.63
perf t=575s fps=118.6 frame=8ms | hudDraw=3.4/4 physics=0.5/1 shipViews=0.5/1 sim=0.5/0 fxSync=0.5/1 ballistics=0.1/0 ordnance=0.0/0 audioObserve=0.0/0 contacts=0.0/0 shipCombat=0.0/0 fxObserve=0.0/0 audioListener=0.0/0 combat+am=0.0/0 | draws=677 objects=7706 prims=143619 nodes=3391 gpu=284MB
sim-profile t=574.867s ticks=244 us/tick | Tick=222.45 AI=77.30 AICommand=0.59 AIThink=7.90 AIDrive=21.12 AIEngage=46.31 Gunnery=0.13 ShipStep=54.05 Collision=14.40 Projectiles=7.48 Missiles=17.41 PointDefense=29.38 Drones=15.57 Sensors=1.20 Post=4.88
perf t=579s fps=110.0 frame=9ms | hudDraw=3.5/5 physics=0.7/3 sim=0.6/1 shipViews=0.5/1 fxSync=0.5/1 ballistics=0.2/4 ordnance=0.0/0 audioObserve=0.0/0 contacts=0.0/0 shipCombat=0.0/0 fxObserve=0.0/0 audioListener=0.0/0 combat+am=0.0/0 | draws=682 objects=7810 prims=142216 nodes=3385 gpu=284MB
sim-profile t=578.867s ticks=240 us/tick | Tick=283.99 AI=91.30 AICommand=0.65 AIThink=5.83 AIDrive=22.17 AIEngage=61.39 Gunnery=0.14 ShipStep=57.58 Collision=15.21 Projectiles=36.79 Missiles=20.08 PointDefense=39.30 Drones=16.44 Sensors=1.26 Post=5.19
perf t=583s fps=115.8 frame=9ms | hudDraw=3.4/4 physics=0.6/2 sim=0.5/1 shipViews=0.5/1 fxSync=0.4/1 ballistics=0.2/4 ordnance=0.0/0 audioObserve=0.0/0 shipCombat=0.0/0 contacts=0.0/0 fxObserve=0.0/0 audioListener=0.0/0 combat+am=0.0/0 | draws=663 objects=7904 prims=147386 nodes=3376 gpu=284MB
sim-profile t=582.867s ticks=240 us/tick | Tick=249.65 AI=93.06 AICommand=0.58 AIThink=9.75 AIDrive=21.40 AIEngage=60.00 Gunnery=0.14 ShipStep=53.53 Collision=14.56 Projectiles=18.33 Missiles=13.55 PointDefense=34.41 Drones=15.15 Sensors=1.20 Post=5.02
perf t=587s fps=124.4 frame=8ms | hudDraw=3.3/4 shipViews=0.5/1 physics=0.5/2 sim=0.4/1 fxSync=0.2/0 ballistics=0.1/1 ordnance=0.0/0 audioObserve=0.0/0 contacts=0.0/0 shipCombat=0.0/0 fxObserve=0.0/0 audioListener=0.0/0 combat+am=0.0/0 | draws=748 objects=8258 prims=151372 nodes=3373 gpu=284MB
sim-profile t=586.867s ticks=240 us/tick | Tick=228.13 AI=88.62 AICommand=0.66 AIThink=9.24 AIDrive=21.49 AIEngage=55.98 Gunnery=0.13 ShipStep=53.82 Collision=14.37 Projectiles=11.64 Missiles=11.82 PointDefense=27.80 Drones=13.21 Sensors=1.19 Post=4.82
perf t=591s fps=119.4 frame=8ms | hudDraw=3.4/4 physics=0.5/2 shipViews=0.5/1 sim=0.5/0 fxSync=0.2/0 ballistics=0.1/1 ordnance=0.0/0 audioObserve=0.0/0 contacts=0.0/0 shipCombat=0.0/0 fxObserve=0.0/0 audioListener=0.0/0 combat+am=0.0/0 | draws=730 objects=10107 prims=144172 nodes=3372 gpu=284MB
sim-profile t=590.867s ticks=240 us/tick | Tick=239.00 AI=89.21 AICommand=0.63 AIThink=9.29 AIDrive=22.25 AIEngage=55.76 Gunnery=0.14 ShipStep=55.86 Collision=14.97 Projectiles=19.25 Missiles=11.64 PointDefense=27.88 Drones=13.14 Sensors=1.17 Post=5.06
perf t=595s fps=117.3 frame=9ms | hudDraw=3.3/4 physics=0.6/1 sim=0.5/1 shipViews=0.5/1 fxSync=0.2/1 ballistics=0.2/1 ordnance=0.0/0 audioObserve=0.0/0 shipCombat=0.0/0 contacts=0.0/0 fxObserve=0.0/0 audioListener=0.0/0 combat+am=0.0/0 | draws=734 objects=10912 prims=146396 nodes=3373 gpu=284MB
sim-profile t=594.933s ticks=244 us/tick | Tick=245.74 AI=84.63 AICommand=0.57 AIThink=5.98 AIDrive=21.60 AIEngage=55.10 Gunnery=0.13 ShipStep=54.31 Collision=14.68 Projectiles=32.56 Missiles=10.74 PointDefense=27.64 Drones=12.93 Sensors=1.21 Post=6.24
perf t=599s fps=110.8 frame=9ms | hudDraw=3.5/5 physics=0.6/1 sim=0.5/1 shipViews=0.5/1 fxSync=0.2/0 ballistics=0.2/9 ordnance=0.0/0 audioObserve=0.0/0 contacts=0.0/0 shipCombat=0.0/0 fxObserve=0.0/0 audioListener=0.0/0 combat+am=0.0/0 | draws=739 objects=47484 prims=184178 nodes=3372 gpu=292MB
sim-profile t=598.933s ticks=240 us/tick | Tick=250.52 AI=94.19 AICommand=0.69 AIThink=11.70 AIDrive=22.34 AIEngage=58.12 Gunnery=0.14 ShipStep=55.76 Collision=14.71 Projectiles=28.22 Missiles=10.08 PointDefense=27.38 Drones=12.92 Sensors=1.22 Post=5.12
autoplay 10min: sim=600.00s FPS min=10.28 mean=132.48 engine=116.0
perf t=603s fps=92.7 frame=11ms | hudDraw=4.1/12 physics=0.8/2 sim=0.7/1 shipViews=0.6/1 ballistics=0.2/1 fxSync=0.2/0 audioObserve=0.0/0 ordnance=0.0/0 contacts=0.0/0 shipCombat=0.0/0 fxObserve=0.0/0 audioListener=0.0/0 combat+am=0.0/0 | draws=720 objects=14902 prims=157082 nodes=3368 gpu=316MB
sim-profile t=602.933s ticks=240 us/tick | Tick=287.07 AI=92.65 AICommand=0.84 AIThink=7.96 AIDrive=25.11 AIEngage=57.22 Gunnery=0.16 ShipStep=64.13 Collision=16.74 Projectiles=47.40 Missiles=11.14 PointDefense=31.91 Drones=14.69 Sensors=1.41 Post=6.01
perf t=607s fps=109.4 frame=9ms | hudDraw=3.2/15 physics=0.6/3 sim=0.6/1 shipViews=0.5/1 ballistics=0.2/2 fxSync=0.1/0 audioObserve=0.0/0 ordnance=0.0/0 shipCombat=0.0/0 contacts=0.0/0 fxObserve=0.0/0 audioListener=0.0/0 combat+am=0.0/0 | draws=662 objects=8819 prims=153230 nodes=3369 gpu=364MB
sim-profile t=606.933s ticks=240 us/tick | Tick=254.33 AI=77.54 AICommand=4.06 AIThink=6.09 AIDrive=22.79 AIEngage=43.25 Gunnery=0.14 ShipStep=56.60 Collision=17.83 Projectiles=43.48 Missiles=9.66 PointDefense=28.53 Drones=13.21 Sensors=1.26 Post=5.33
perf t=611s fps=123.7 frame=8ms | hudDraw=3.1/5 physics=0.5/2 shipViews=0.5/1 sim=0.5/0 ballistics=0.2/1 fxSync=0.1/0 ordnance=0.0/1 audioObserve=0.0/0 contacts=0.0/0 shipCombat=0.0/0 fxObserve=0.0/0 audioListener=0.0/0 combat+am=0.0/0 | draws=688 objects=8923 prims=175098 nodes=3370 gpu=364MB
sim-profile t=611.000s ticks=244 us/tick | Tick=242.65 AI=76.02 AICommand=0.73 AIThink=7.27 AIDrive=22.44 AIEngage=44.28 Gunnery=0.13 ShipStep=54.60 Collision=14.87 Projectiles=40.07 Missiles=9.39 PointDefense=27.45 Drones=13.02 Sensors=1.34 Post=5.02
perf t=615s fps=118.7 frame=8ms | hudDraw=3.0/4 physics=0.6/3 shipViews=0.5/1 sim=0.5/1 fxSync=0.2/0 ballistics=0.2/1 audioObserve=0.0/1 ordnance=0.0/0 shipCombat=0.0/0 contacts=0.0/0 fxObserve=0.0/0 audioListener=0.0/0 combat+am=0.0/0 | draws=699 objects=6758 prims=164775 nodes=3368 gpu=364MB
sim-profile t=615.000s ticks=240 us/tick | Tick=253.75 AI=88.22 AICommand=0.75 AIThink=10.16 AIDrive=25.96 AIEngage=49.97 Gunnery=0.13 ShipStep=55.55 Collision=17.10 Projectiles=34.19 Missiles=9.62 PointDefense=28.54 Drones=13.11 Sensors=1.29 Post=5.27
perf t=619s fps=125.9 frame=8ms | hudDraw=2.9/4 physics=0.5/2 shipViews=0.5/1 sim=0.5/0 ballistics=0.2/1 fxSync=0.2/0 audioObserve=0.0/0 ordnance=0.0/0 shipCombat=0.0/0 contacts=0.0/0 fxObserve=0.0/0 audioListener=0.0/0 combat+am=0.0/0 | draws=655 objects=6763 prims=145967 nodes=3369 gpu=364MB
sim-profile t=619.000s ticks=240 us/tick | Tick=250.25 AI=77.05 AICommand=0.72 AIThink=9.80 AIDrive=23.21 AIEngage=41.97 Gunnery=0.14 ShipStep=56.11 Collision=15.07 Projectiles=44.20 Missiles=9.57 PointDefense=27.88 Drones=12.99 Sensors=1.25 Post=5.26
perf t=623s fps=124.9 frame=8ms | hudDraw=3.1/4 shipViews=0.5/1 physics=0.5/2 sim=0.5/1 fxSync=0.3/1 ballistics=0.1/2 ordnance=0.0/0 audioObserve=0.0/0 shipCombat=0.0/0 contacts=0.0/0 fxObserve=0.0/0 audioListener=0.0/0 combat+am=0.0/0 | draws=625 objects=6761 prims=148229 nodes=3409 gpu=364MB
sim-profile t=623.000s ticks=240 us/tick | Tick=243.69 AI=79.09 AICommand=0.73 AIThink=8.60 AIDrive=23.54 AIEngage=44.93 Gunnery=0.14 ShipStep=54.15 Collision=17.53 Projectiles=23.65 Missiles=16.22 PointDefense=29.57 Drones=15.96 Sensors=1.27 Post=5.41
perf t=627s fps=117.7 frame=8ms | hudDraw=3.2/5 physics=0.6/2 sim=0.5/1 shipViews=0.5/1 fxSync=0.4/1 ballistics=0.2/1 ordnance=0.0/0 audioObserve=0.0/0 contacts=0.0/0 shipCombat=0.0/0 fxObserve=0.0/0 audioListener=0.0/0 combat+am=0.0/0 | draws=701 objects=6853 prims=157585 nodes=3410 gpu=364MB
sim-profile t=627.000s ticks=240 us/tick | Tick=268.55 AI=85.87 AICommand=0.77 AIThink=7.44 AIDrive=24.00 AIEngage=52.33 Gunnery=0.15 ShipStep=53.69 Collision=15.46 Projectiles=32.81 Missiles=20.02 PointDefense=34.50 Drones=18.64 Sensors=1.27 Post=5.41
perf t=631s fps=124.8 frame=8ms | hudDraw=2.6/4 physics=0.6/2 sim=0.5/1 shipViews=0.5/1 fxSync=0.4/1 ballistics=0.3/1 ordnance=0.0/0 audioObserve=0.0/0 shipCombat=0.0/0 contacts=0.0/0 fxObserve=0.0/0 audioListener=0.0/0 combat+am=0.0/0 | draws=661 objects=6759 prims=153681 nodes=3385 gpu=364MB
sim-profile t=631.067s ticks=244 us/tick | Tick=277.47 AI=91.12 AICommand=0.73 AIThink=8.08 AIDrive=24.85 AIEngage=55.81 Gunnery=0.15 ShipStep=57.93 Collision=16.02 Projectiles=38.95 Missiles=15.16 PointDefense=35.29 Drones=14.87 Sensors=1.24 Post=5.97
perf t=635s fps=122.8 frame=8ms | hudDraw=2.0/4 physics=0.7/3 sim=0.6/1 ballistics=0.6/8 shipViews=0.5/1 fxSync=0.4/1 audioObserve=0.0/1 ordnance=0.0/0 shipCombat=0.0/0 contacts=0.0/0 fxObserve=0.0/0 audioListener=0.0/0 combat+am=0.0/0 | draws=674 objects=6843 prims=175084 nodes=3479 gpu=364MB
sim-profile t=635.067s ticks=240 us/tick | Tick=334.69 AI=92.22 AICommand=0.71 AIThink=7.13 AIDrive=25.42 AIEngage=57.62 Gunnery=0.15 ShipStep=57.55 Collision=16.06 Projectiles=88.57 Missiles=20.59 PointDefense=33.98 Drones=17.67 Sensors=1.31 Post=5.85
perf t=639s fps=103.6 frame=10ms | hudDraw=2.8/5 physics=1.0/3 sim=0.9/1 ballistics=0.6/2 shipViews=0.6/1 fxSync=0.5/1 ordnance=0.1/0 audioObserve=0.1/0 contacts=0.0/1 shipCombat=0.0/0 fxObserve=0.0/0 audioListener=0.0/0 combat+am=0.0/0 | draws=732 objects=6865 prims=184086 nodes=3464 gpu=364MB
sim-profile t=639.067s ticks=240 us/tick | Tick=378.04 AI=96.43 AICommand=0.94 AIThink=12.01 AIDrive=27.01 AIEngage=54.94 Gunnery=0.16 ShipStep=61.74 Collision=17.71 Projectiles=90.55 Missiles=24.95 PointDefense=59.72 Drones=17.94 Sensors=1.36 Post=6.62
perf t=643s fps=127.5 frame=8ms | hudDraw=2.0/4 physics=0.6/3 sim=0.6/1 shipViews=0.5/1 fxSync=0.4/1 ballistics=0.3/1 ordnance=0.0/0 audioObserve=0.0/0 shipCombat=0.0/0 contacts=0.0/0 fxObserve=0.0/0 audioListener=0.0/0 combat+am=0.0/0 | draws=712 objects=6826 prims=189118 nodes=3450 gpu=364MB
sim-profile t=643.133s ticks=244 us/tick | Tick=302.35 AI=73.71 AICommand=0.56 AIThink=8.79 AIDrive=23.13 AIEngage=39.85 Gunnery=0.23 ShipStep=58.35 Collision=16.27 Projectiles=70.94 Missiles=20.23 PointDefense=39.72 Drones=14.79 Sensors=1.36 Post=5.96
perf t=647s fps=131.8 frame=8ms | hudDraw=1.9/3 physics=0.6/2 shipViews=0.5/1 sim=0.5/1 fxSync=0.4/1 ballistics=0.3/2 ordnance=0.0/0 audioObserve=0.0/0 shipCombat=0.0/0 contacts=0.0/0 fxObserve=0.0/0 audioListener=0.0/0 combat+am=0.0/0 | draws=682 objects=6970 prims=153226 nodes=3435 gpu=364MB
sim-profile t=647.133s ticks=240 us/tick | Tick=282.17 AI=73.94 AICommand=0.46 AIThink=9.55 AIDrive=24.64 AIEngage=37.97 Gunnery=0.14 ShipStep=56.20 Collision=15.67 Projectiles=73.89 Missiles=15.63 PointDefense=26.31 Drones=12.68 Sensors=1.21 Post=5.76
perf t=651s fps=129.3 frame=8ms | hudDraw=2.0/3 physics=0.6/2 sim=0.6/1 shipViews=0.5/1 fxSync=0.4/1 ballistics=0.2/1 ordnance=0.0/0 audioObserve=0.0/0 shipCombat=0.0/0 contacts=0.0/0 fxObserve=0.0/0 audioListener=0.0/0 combat+am=0.0/0 | draws=744 objects=6854 prims=175287 nodes=3434 gpu=364MB
sim-profile t=651.133s ticks=240 us/tick | Tick=304.81 AI=76.97 AICommand=0.54 AIThink=9.00 AIDrive=22.71 AIEngage=43.34 Gunnery=0.14 ShipStep=57.00 Collision=15.92 Projectiles=58.38 Missiles=15.19 PointDefense=61.72 Drones=11.93 Sensors=1.28 Post=5.53
perf t=655s fps=135.6 frame=7ms | hudDraw=1.9/3 shipViews=0.5/1 physics=0.5/1 sim=0.4/1 fxSync=0.4/1 ballistics=0.3/2 ordnance=0.0/0 audioObserve=0.0/0 shipCombat=0.0/0 contacts=0.0/0 fxObserve=0.0/0 audioListener=0.0/0 combat+am=0.0/0 | draws=743 objects=6914 prims=180946 nodes=3434 gpu=364MB
sim-profile t=655.133s ticks=240 us/tick | Tick=250.86 AI=75.93 AICommand=0.52 AIThink=8.72 AIDrive=21.48 AIEngage=43.88 Gunnery=0.14 ShipStep=51.18 Collision=15.03 Projectiles=43.87 Missiles=13.82 PointDefense=30.76 Drones=11.21 Sensors=1.26 Post=6.98
perf t=659s fps=140.7 frame=7ms | hudDraw=1.8/3 shipViews=0.5/1 physics=0.4/2 sim=0.4/0 ballistics=0.3/2 fxSync=0.3/1 ordnance=0.0/0 contacts=0.0/1 audioObserve=0.0/0 shipCombat=0.0/0 fxObserve=0.0/0 audioListener=0.0/0 combat+am=0.0/0 | draws=711 objects=6907 prims=206888 nodes=3463 gpu=364MB
sim-profile t=659.133s ticks=240 us/tick | Tick=232.81 AI=76.45 AICommand=0.48 AIThink=8.98 AIDrive=20.85 AIEngage=44.93 Gunnery=0.14 ShipStep=50.09 Collision=14.68 Projectiles=37.96 Missiles=9.59 PointDefense=25.71 Drones=11.03 Sensors=1.23 Post=5.23
perf t=663s fps=145.0 frame=7ms | hudDraw=1.8/2 shipViews=0.5/1 physics=0.4/2 sim=0.4/0 ballistics=0.3/2 fxSync=0.2/0 ordnance=0.0/0 contacts=0.0/1 audioObserve=0.0/0 shipCombat=0.0/0 fxObserve=0.0/0 audioListener=0.0/0 combat+am=0.0/0 | draws=682 objects=6750 prims=175891 nodes=3463 gpu=364MB
sim-profile t=663.267s ticks=248 us/tick | Tick=206.43 AI=72.81 AICommand=0.44 AIThink=7.39 AIDrive=20.82 AIEngage=42.92 Gunnery=0.13 ShipStep=47.52 Collision=14.39 Projectiles=23.24 Missiles=8.27 PointDefense=21.88 Drones=11.10 Sensors=1.33 Post=5.07
perf t=667s fps=144.2 frame=7ms | hudDraw=1.9/4 shipViews=0.5/1 physics=0.4/2 sim=0.3/1 ballistics=0.1/1 fxSync=0.1/0 ordnance=0.0/0 contacts=0.0/0 audioObserve=0.0/0 shipCombat=0.0/0 fxObserve=0.0/0 audioListener=0.0/0 combat+am=0.0/0 | draws=615 objects=6754 prims=113255 nodes=3456 gpu=364MB
sim-profile t=667.267s ticks=240 us/tick | Tick=195.95 AI=69.12 AICommand=0.48 AIThink=7.79 AIDrive=21.37 AIEngage=38.27 Gunnery=0.14 ShipStep=47.94 Collision=15.10 Projectiles=15.79 Missiles=8.07 PointDefense=22.17 Drones=10.93 Sensors=1.24 Post=4.71
ERROR: Invalid polygon data, triangulation failed.
   at: canvas_item_add_polygon (servers/rendering/renderer_canvas_cull.cpp:1770)
   C# backtrace (most recent call first):
       [0] void Godot.CanvasItem.DrawColoredPolygon(Godot.Vector2[], Godot.Color, Godot.Vector2[], Godot.Texture2D)
       [1] void SpaceFleet.Game.Hud.DrawSquadOrders(Godot.Camera3D, SpaceFleet.View.ShipView)
       [2] void SpaceFleet.Game.Hud.DrawHudFrame()
       [3] void SpaceFleet.Game.Hud._Draw()
       [4] bool Godot.Control.InvokeGodotClassMethod(Godot.NativeInterop.godot_string_name&, Godot.NativeInterop.NativeVariantPtrArgs, Godot.NativeInterop.godot_variant&)
       [5] bool SpaceFleet.Game.Hud.InvokeGodotClassMethod(Godot.NativeInterop.godot_string_name&, Godot.NativeInterop.NativeVariantPtrArgs, Godot.NativeInterop.godot_variant&)
       [6] Godot.NativeInterop.godot_bool Godot.Bridge.CSharpInstanceBridge.Call(nint, Godot.NativeInterop.godot_string_name*, Godot.NativeInterop.godot_variant**, int, Godot.NativeInterop.godot_variant_call_error*, Godot.NativeInterop.godot_variant*)
perf t=671s fps=140.6 frame=7ms | hudDraw=2.0/23 shipViews=0.5/1 physics=0.4/1 sim=0.3/0 ballistics=0.1/1 fxSync=0.1/0 audioObserve=0.0/0 contacts=0.0/1 ordnance=0.0/0 shipCombat=0.0/0 fxObserve=0.0/0 audioListener=0.0/0 combat+am=0.0/0 | draws=574 objects=6516 prims=103299 nodes=3455 gpu=364MB
sim-profile t=671.267s ticks=240 us/tick | Tick=187.19 AI=65.49 AICommand=0.55 AIThink=7.19 AIDrive=21.17 AIEngage=35.31 Gunnery=0.14 ShipStep=47.82 Collision=14.73 Projectiles=13.45 Missiles=7.47 PointDefense=21.09 Drones=10.39 Sensors=1.22 Post=4.66
perf t=675s fps=144.3 frame=7ms | hudDraw=1.8/4 shipViews=0.5/1 physics=0.4/2 sim=0.3/1 fxSync=0.1/0 ballistics=0.1/1 shipCombat=0.0/1 ordnance=0.0/0 audioObserve=0.0/0 contacts=0.0/0 fxObserve=0.0/0 audioListener=0.0/0 combat+am=0.0/0 | draws=545 objects=6427 prims=99675 nodes=3455 gpu=364MB
sim-profile t=675.267s ticks=240 us/tick | Tick=194.42 AI=71.50 AICommand=0.53 AIThink=5.56 AIDrive=25.37 AIEngage=38.79 Gunnery=0.14 ShipStep=49.69 Collision=15.10 Projectiles=10.13 Missiles=7.82 PointDefense=22.33 Drones=10.64 Sensors=1.30 Post=5.02
perf t=679s fps=143.9 frame=7ms | hudDraw=1.7/4 shipViews=0.5/1 physics=0.3/2 sim=0.3/0 fxSync=0.1/0 ballistics=0.1/0 ordnance=0.0/0 contacts=0.0/0 audioObserve=0.0/0 shipCombat=0.0/0 fxObserve=0.0/0 audioListener=0.0/0 combat+am=0.0/0 | draws=536 objects=6402 prims=99723 nodes=3456 gpu=364MB
sim-profile t=679.333s ticks=244 us/tick | Tick=183.00 AI=66.10 AICommand=0.46 AIThink=8.31 AIDrive=20.54 AIEngage=35.60 Gunnery=0.13 ShipStep=49.76 Collision=14.30 Projectiles=7.96 Missiles=7.34 PointDefense=20.77 Drones=9.93 Sensors=1.23 Post=4.76
perf t=683s fps=143.9 frame=7ms | hudDraw=1.7/4 shipViews=0.5/1 physics=0.3/2 sim=0.3/1 ballistics=0.1/0 fxSync=0.0/0 ordnance=0.0/0 contacts=0.0/0 audioObserve=0.0/0 shipCombat=0.0/0 fxObserve=0.0/0 audioListener=0.0/0 combat+am=0.0/0 | draws=544 objects=6410 prims=103573 nodes=3451 gpu=364MB
sim-profile t=683.333s ticks=240 us/tick | Tick=183.71 AI=65.64 AICommand=0.45 AIThink=8.27 AIDrive=20.99 AIEngage=34.76 Gunnery=0.13 ShipStep=51.66 Collision=15.27 Projectiles=7.95 Missiles=6.94 PointDefense=20.16 Drones=9.40 Sensors=1.16 Post=4.72
perf t=687s fps=144.1 frame=7ms | hudDraw=1.9/4 shipViews=0.5/1 physics=0.4/2 sim=0.3/1 ballistics=0.1/1 fxSync=0.1/0 ordnance=0.0/0 contacts=0.0/0 audioObserve=0.0/0 shipCombat=0.0/0 fxObserve=0.0/0 audioListener=0.0/0 combat+am=0.0/0 | draws=567 objects=6483 prims=105989 nodes=3448 gpu=364MB
sim-profile t=687.333s ticks=240 us/tick | Tick=210.33 AI=80.04 AICommand=0.57 AIThink=8.25 AIDrive=28.27 AIEngage=41.61 Gunnery=0.15 ShipStep=55.17 Collision=16.52 Projectiles=10.85 Missiles=7.25 PointDefense=22.58 Drones=10.36 Sensors=1.56 Post=5.11
perf t=691s fps=144.0 frame=7ms | hudDraw=1.8/4 shipViews=0.5/1 physics=0.4/1 sim=0.3/1 fxSync=0.2/0 ballistics=0.1/0 ordnance=0.0/0 audioObserve=0.0/0 contacts=0.0/0 shipCombat=0.0/0 fxObserve=0.0/0 audioListener=0.0/0 combat+am=0.0/0 | draws=541 objects=6460 prims=105621 nodes=3459 gpu=365MB
sim-profile t=691.333s ticks=240 us/tick | Tick=201.69 AI=69.21 AICommand=0.47 AIThink=8.74 AIDrive=22.39 AIEngage=36.33 Gunnery=0.14 ShipStep=52.56 Collision=16.70 Projectiles=15.40 Missiles=8.46 PointDefense=21.96 Drones=10.01 Sensors=1.15 Post=5.35
perf t=695s fps=144.0 frame=7ms | hudDraw=1.8/3 shipViews=0.5/1 physics=0.5/2 sim=0.4/1 fxSync=0.4/1 ballistics=0.2/1 ordnance=0.0/0 shipCombat=0.0/0 audioObserve=0.0/0 contacts=0.0/0 fxObserve=0.0/0 audioListener=0.0/0 combat+am=0.0/0 | draws=528 objects=6435 prims=110687 nodes=3485 gpu=364MB
sim-profile t=695.333s ticks=240 us/tick | Tick=248.30 AI=80.47 AICommand=0.46 AIThink=7.20 AIDrive=21.24 AIEngage=50.27 Gunnery=0.20 ShipStep=52.61 Collision=14.49 Projectiles=24.09 Missiles=16.50 PointDefense=35.92 Drones=12.07 Sensors=1.27 Post=9.97
perf t=699s fps=137.9 frame=7ms | hudDraw=1.9/3 fxSync=0.6/1 physics=0.6/2 sim=0.5/1 shipViews=0.5/1 ballistics=0.3/13 ordnance=0.1/0 shipCombat=0.0/0 audioObserve=0.0/0 contacts=0.0/0 fxObserve=0.0/0 audioListener=0.0/0 combat+am=0.0/0 | draws=515 objects=6844 prims=113936 nodes=3493 gpu=364MB
sim-profile t=699.267s ticks=236 us/tick | Tick=301.28 AI=71.80 AICommand=0.61 AIThink=5.91 AIDrive=20.41 AIEngage=43.57 Gunnery=0.15 ShipStep=55.97 Collision=15.78 Projectiles=19.19 Missiles=32.16 PointDefense=82.65 Drones=15.69 Sensors=1.33 Post=5.81
perf t=703s fps=142.9 frame=7ms | hudDraw=1.8/3 fxSync=0.6/1 physics=0.6/2 sim=0.5/1 shipViews=0.5/1 ballistics=0.2/17 ordnance=0.1/1 shipCombat=0.0/0 audioObserve=0.0/0 contacts=0.0/0 fxObserve=0.0/0 audioListener=0.0/0 combat+am=0.0/0 | draws=530 objects=6420 prims=119307 nodes=3473 gpu=364MB
sim-profile t=703.400s ticks=248 us/tick | Tick=291.16 AI=79.21 AICommand=0.43 AIThink=5.27 AIDrive=19.91 AIEngage=52.34 Gunnery=0.14 ShipStep=52.29 Collision=15.02 Projectiles=13.60 Missiles=27.33 PointDefense=83.02 Drones=13.19 Sensors=1.15 Post=5.51
perf t=707s fps=144.2 frame=7ms | hudDraw=1.8/3 physics=0.5/2 shipViews=0.5/1 fxSync=0.5/1 sim=0.4/1 ballistics=0.1/1 ordnance=0.0/0 audioObserve=0.0/1 shipCombat=0.0/0 contacts=0.0/0 fxObserve=0.0/0 audioListener=0.0/0 combat+am=0.0/0 | draws=501 objects=6408 prims=117327 nodes=3469 gpu=364MB
sim-profile t=707.400s ticks=240 us/tick | Tick=258.60 AI=83.96 AICommand=0.52 AIThink=8.35 AIDrive=19.62 AIEngage=54.21 Gunnery=0.14 ShipStep=51.76 Collision=14.87 Projectiles=15.22 Missiles=18.50 PointDefense=55.42 Drones=11.51 Sensors=1.24 Post=5.27
perf t=711s fps=134.8 frame=7ms | hudDraw=2.0/4 physics=0.6/2 shipViews=0.5/1 sim=0.5/1 fxSync=0.5/1 ballistics=0.2/1 ordnance=0.0/0 shipCombat=0.0/0 audioObserve=0.0/0 contacts=0.0/0 fxObserve=0.0/0 audioListener=0.0/0 combat+am=0.0/0 | draws=509 objects=6427 prims=116751 nodes=3468 gpu=365MB
sim-profile t=711.333s ticks=236 us/tick | Tick=290.96 AI=89.81 AICommand=0.55 AIThink=8.69 AIDrive=23.03 AIEngage=56.03 Gunnery=0.16 ShipStep=58.58 Collision=17.15 Projectiles=26.53 Missiles=20.47 PointDefense=56.29 Drones=13.28 Sensors=1.48 Post=6.37
perf t=715s fps=131.8 frame=8ms | hudDraw=2.1/3 physics=0.8/5 sim=0.7/3 shipViews=0.5/1 fxSync=0.5/1 ballistics=0.3/7 ordnance=0.0/0 audioObserve=0.0/0 shipCombat=0.0/0 contacts=0.0/0 fxObserve=0.0/0 audioListener=0.0/0 combat+am=0.0/0 | draws=486 objects=6418 prims=115798 nodes=3473 gpu=365MB
sim-profile t=715.333s ticks=240 us/tick | Tick=391.35 AI=91.74 AICommand=0.55 AIThink=9.28 AIDrive=24.19 AIEngage=56.23 Gunnery=0.17 ShipStep=60.32 Collision=114.63 Projectiles=23.35 Missiles=24.61 PointDefense=53.85 Drones=13.74 Sensors=1.53 Post=6.60
perf t=719s fps=145.5 frame=7ms | hudDraw=1.8/4 shipViews=0.5/1 physics=0.5/2 fxSync=0.4/1 sim=0.4/1 ballistics=0.2/1 ordnance=0.0/1 shipCombat=0.0/0 audioObserve=0.0/0 contacts=0.0/0 fxObserve=0.0/0 audioListener=0.0/0 combat+am=0.0/0 | draws=488 objects=6399 prims=120458 nodes=3480 gpu=364MB
sim-profile t=719.400s ticks=244 us/tick | Tick=245.45 AI=81.63 AICommand=0.48 AIThink=7.16 AIDrive=24.67 AIEngage=48.02 Gunnery=0.13 ShipStep=50.66 Collision=14.76 Projectiles=16.77 Missiles=21.80 PointDefense=39.96 Drones=12.19 Sensors=1.14 Post=5.63
perf t=723s fps=143.4 frame=7ms | hudDraw=1.8/3 physics=0.5/3 shipViews=0.5/1 sim=0.5/2 fxSync=0.3/0 ballistics=0.2/1 ordnance=0.0/0 audioObserve=0.0/0 shipCombat=0.0/0 contacts=0.0/0 fxObserve=0.0/0 audioListener=0.0/0 combat+am=0.0/0 | draws=499 objects=6410 prims=120224 nodes=3488 gpu=364MB
sim-profile t=723.400s ticks=240 us/tick | Tick=269.80 AI=93.06 AICommand=0.48 AIThink=8.76 AIDrive=21.05 AIEngage=61.40 Gunnery=0.14 ShipStep=53.59 Collision=15.37 Projectiles=26.76 Missiles=16.79 PointDefense=42.96 Drones=13.24 Sensors=1.24 Post=5.88
perf t=727s fps=134.3 frame=7ms | hudDraw=1.8/3 physics=0.5/2 shipCombat=0.5/66 shipViews=0.5/1 sim=0.5/1 fxSync=0.3/0 ballistics=0.2/1 ordnance=0.0/0 audioObserve=0.0/0 contacts=0.0/0 fxObserve=0.0/0 audioListener=0.0/0 combat+am=0.0/0 | draws=516 objects=6439 prims=115240 nodes=3509 gpu=367MB
sim-profile t=727.400s ticks=240 us/tick | Tick=266.23 AI=81.34 AICommand=0.50 AIThink=7.21 AIDrive=20.92 AIEngage=51.32 Gunnery=0.15 ShipStep=54.41 Collision=16.61 Projectiles=28.52 Missiles=18.79 PointDefense=44.44 Drones=13.93 Sensors=1.31 Post=5.96
perf t=731s fps=145.3 frame=7ms | hudDraw=1.8/3 physics=0.5/3 shipViews=0.5/1 sim=0.4/1 fxSync=0.3/1 ballistics=0.2/1 ordnance=0.0/0 shipCombat=0.0/0 audioObserve=0.0/0 contacts=0.0/0 fxObserve=0.0/0 audioListener=0.0/0 combat+am=0.0/0 | draws=514 objects=6431 prims=114988 nodes=3504 gpu=367MB
sim-profile t=731.467s ticks=244 us/tick | Tick=266.62 AI=87.03 AICommand=0.47 AIThink=7.82 AIDrive=19.88 AIEngage=57.46 Gunnery=0.15 ShipStep=55.20 Collision=21.38 Projectiles=19.23 Missiles=16.48 PointDefense=45.68 Drones=13.46 Sensors=1.29 Post=5.96
autoplay outcome: sim=735.27s FPS min=10.28 mean=132.66 engine=144.0
autoplay summary: Blue:0.000/0.000/130.750/142.000/179.517/515.683/523.607/432.167/693.713/726.395/-;M=140/99;R=364/311;AM=4/4|Red:0.000/0.000/130.750/142.000/247.517/511.617/519.569/428.763/619.778/559.554/-;M=140/86;R=306/269;AM=4/2|Approach:120.000,Missile:360.000,Gunnery:0.000,Sniping:120.000,Brawl:135.217|collisions=0|events=126|winner=Red;time=735.217
perf t=735s fps=141.8 frame=7ms | hudDraw=1.9/5 shipViews=0.5/1 physics=0.5/3 sim=0.4/1 fxSync=0.2/1 ballistics=0.2/1 ordnance=0.0/0 shipCombat=0.0/0 audioObserve=0.0/0 contacts=0.0/0 fxObserve=0.0/0 audioListener=0.0/0 combat+am=0.0/0 | draws=951 objects=7517 prims=264516 nodes=3505 gpu=367MB
sim-profile t=735.300s ticks=230 us/tick | Tick=247.08 AI=85.31 AICommand=0.59 AIThink=8.89 AIDrive=19.80 AIEngage=54.68 Gunnery=0.14 ShipStep=53.22 Collision=17.53 Projectiles=21.61 Missiles=8.81 PointDefense=38.70 Drones=11.98 Sensors=1.29 Post=7.75
perf t=736s fps=126.2 frame=8ms | hudDraw=3.4/5 shipViews=0.5/1 fxSync=0.2/0 physics=0.1/0 sim=0.1/0 ballistics=0.1/1 shipCombat=0.0/1 ordnance=0.0/0 contacts=0.0/0 fxObserve=0.0/0 audioListener=0.0/0 combat+am=0.0/0 audioObserve=0.0/0 | draws=934 objects=7578 prims=247452 nodes=3504 gpu=367MB
sim-profile t=736.300s ticks=60 us/tick | Tick=213.73 AI=58.16 AICommand=0.98 AIThink=8.87 AIDrive=21.44 AIEngage=24.85 Gunnery=0.22 ShipStep=60.02 Collision=21.44 Projectiles=15.07 Missiles=10.26 PointDefense=23.85 Drones=11.95 Sensors=1.63 Post=10.24
autoplay after outcome: sim=737.30s projectiles=3 missiles=11 impacts=17 ordnanceEvents=0 battleEvents=126 intervals=25
perf t=737s fps=122.7 frame=8ms | hudDraw=3.5/5 shipViews=0.5/1 fxSync=0.2/0 physics=0.1/0 sim=0.1/0 ballistics=0.1/0 ordnance=0.0/0 shipCombat=0.0/0 contacts=0.0/0 fxObserve=0.0/0 audioListener=0.0/0 combat+am=0.0/0 audioObserve=0.0/0 | draws=995 objects=7723 prims=248037 nodes=3507 gpu=368MB
sim-profile t=737.300s ticks=60 us/tick | Tick=262.89 AI=109.10 AICommand=0.14 AIThink=13.84 AIDrive=31.43 AIEngage=61.46 Gunnery=0.17 ShipStep=62.39 Collision=20.74 Projectiles=11.27 Missiles=10.35 PointDefense=23.87 Drones=12.71 Sensors=1.62 Post=9.82
