seed,mirror,scope,section,ticks,calls,totalMs,usPerTick
1,0,All,Tick,44113,44113,8725.741400,197.804
1,0,All,AI,44113,44113,2018.659300,45.761
1,0,All,AICommand,44113,44113,48.052900,1.089
1,0,All,AIThink,44113,68419,139.776100,3.169
1,0,All,AIDrive,44113,1026330,717.901000,16.274
1,0,All,AIEngage,44113,44113,1064.933100,24.141
1,0,All,Gunnery,44113,44113,5.425300,0.123
1,0,All,ShipStep,44113,176452,2265.256100,51.351
1,0,All,Collision,44113,176452,536.176900,12.155
1,0,All,Projectiles,44113,176452,381.154400,8.640
1,0,All,Missiles,44113,176452,801.143600,18.161
1,0,All,PointDefense,44113,176452,1795.658100,40.706
1,0,All,Drones,44113,176452,694.694600,15.748
1,0,All,Sensors,44113,44113,54.687300,1.240
1,0,All,Post,44113,176452,139.899300,3.171
1,0,phase:Approach,Tick,7200,7200,1533.064700,212.926
1,0,phase:Approach,AI,7200,7200,295.461600,41.036
1,0,phase:Approach,AICommand,7200,7200,26.534800,3.685
1,0,phase:Approach,AIThink,7200,11520,25.972000,3.607
1,0,phase:Approach,AIDrive,7200,172800,192.068400,26.676
1,0,phase:Approach,AIEngage,7200,7200,36.323100,5.045
1,0,phase:Approach,Gunnery,7200,7200,2.280100,0.317
1,0,phase:Approach,ShipStep,7200,28800,497.175600,69.052
1,0,phase:Approach,Collision,7200,28800,102.209900,14.196
1,0,phase:Approach,Projectiles,7200,28800,2.741600,0.381
1,0,phase:Approach,Missiles,7200,28800,50.417500,7.002
1,0,phase:Approach,PointDefense,7200,28800,378.060100,52.508
1,0,phase:Approach,Drones,7200,28800,124.317600,17.266
1,0,phase:Approach,Sensors,7200,7200,20.876200,2.899
1,0,phase:Approach,Post,7200,28800,48.524400,6.740
1,0,phase:Missile,Tick,21600,21600,3893.221300,180.242
1,0,phase:Missile,AI,21600,21600,871.440000,40.344
1,0,phase:Missile,AICommand,21600,21600,14.524300,0.672
1,0,phase:Missile,AIThink,21600,34556,61.892600,2.865
1,0,phase:Missile,AIDrive,21600,518400,300.577000,13.916
1,0,phase:Missile,AIEngage,21600,21600,475.085800,21.995
1,0,phase:Missile,Gunnery,21600,21600,1.847800,0.086
1,0,phase:Missile,ShipStep,21600,86400,1059.758900,49.063
1,0,phase:Missile,Collision,21600,86400,215.380000,9.971
1,0,phase:Missile,Projectiles,21600,86400,2.574500,0.119
1,0,phase:Missile,Missiles,21600,86400,454.167000,21.026
1,0,phase:Missile,PointDefense,21600,86400,862.484100,39.930
1,0,phase:Missile,Drones,21600,86400,343.713100,15.913
1,0,phase:Missile,Sensors,21600,21600,19.433200,0.900
1,0,phase:Missile,Post,21600,86400,49.575200,2.295
1,0,phase:Sniping,Tick,7200,7200,1670.737500,232.047
1,0,phase:Sniping,AI,7200,7200,417.498100,57.986
1,0,phase:Sniping,AICommand,7200,7200,3.513000,0.488
1,0,phase:Sniping,AIThink,7200,11358,27.078000,3.761
1,0,phase:Sniping,AIDrive,7200,170374,105.470500,14.649
1,0,phase:Sniping,AIEngage,7200,7200,274.704100,38.153
1,0,phase:Sniping,Gunnery,7200,7200,0.615400,0.085
1,0,phase:Sniping,ShipStep,7200,28800,349.704900,48.570
1,0,phase:Sniping,Collision,7200,28800,95.297000,13.236
1,0,phase:Sniping,Projectiles,7200,28800,154.600200,21.472
1,0,phase:Sniping,Missiles,7200,28800,183.946900,25.548
1,0,phase:Sniping,PointDefense,7200,28800,302.046300,41.951
1,0,phase:Sniping,Drones,7200,28800,136.925000,19.017
1,0,phase:Sniping,Sensors,7200,7200,6.803000,0.945
1,0,phase:Sniping,Post,7200,28800,19.028200,2.643
1,0,phase:Brawl,Tick,8113,8113,1628.717900,200.754
1,0,phase:Brawl,AI,8113,8113,434.259600,53.526
1,0,phase:Brawl,AICommand,8113,8113,3.480800,0.429
1,0,phase:Brawl,AIThink,8113,10985,24.833500,3.061
1,0,phase:Brawl,AIDrive,8113,164756,119.785100,14.765
1,0,phase:Brawl,AIEngage,8113,8113,278.820100,34.367
1,0,phase:Brawl,Gunnery,8113,8113,0.682000,0.084
1,0,phase:Brawl,ShipStep,8113,32452,358.616700,44.203
1,0,phase:Brawl,Collision,8113,32452,123.290000,15.197
1,0,phase:Brawl,Projectiles,8113,32452,221.238100,27.270
1,0,phase:Brawl,Missiles,8113,32452,112.612200,13.880
1,0,phase:Brawl,PointDefense,8113,32452,253.067600,31.193
1,0,phase:Brawl,Drones,8113,32452,89.738900,11.061
1,0,phase:Brawl,Sensors,8113,8113,7.574900,0.934
1,0,phase:Brawl,Post,8113,32452,22.771500,2.807
1,0,time:0-300,Tick,18000,18000,3049.021200,169.390
1,0,time:0-300,AI,18000,18000,638.103800,35.450
1,0,time:0-300,AICommand,18000,18000,36.506400,2.028
1,0,time:0-300,AIThink,18000,28796,39.601300,2.200
1,0,time:0-300,AIDrive,18000,432000,337.183600,18.732
1,0,time:0-300,AIEngage,18000,18000,200.802900,11.156
1,0,time:0-300,Gunnery,18000,18000,3.127400,0.174
1,0,time:0-300,ShipStep,18000,72000,1023.145900,56.841
1,0,time:0-300,Collision,18000,72000,207.163300,11.509
1,0,time:0-300,Projectiles,18000,72000,4.015100,0.223
1,0,time:0-300,Missiles,18000,72000,179.707200,9.984
1,0,time:0-300,PointDefense,18000,72000,650.916400,36.162
1,0,time:0-300,Drones,18000,72000,223.449900,12.414
1,0,time:0-300,Sensors,18000,18000,30.355500,1.686
1,0,time:0-300,Post,18000,72000,72.001900,4.000
1,0,time:300-540,Tick,14400,14400,3256.753000,226.163
1,0,time:300-540,AI,14400,14400,724.646200,50.323
1,0,time:300-540,AICommand,14400,14400,5.796800,0.403
1,0,time:300-540,AIThink,14400,23040,60.724700,4.217
1,0,time:300-540,AIDrive,14400,345600,207.766700,14.428
1,0,time:300-540,AIEngage,14400,14400,437.242700,30.364
1,0,time:300-540,Gunnery,14400,14400,1.312200,0.091
1,0,time:300-540,ShipStep,14400,57600,708.903500,49.229
1,0,time:300-540,Collision,14400,57600,147.593200,10.250
1,0,time:300-540,Projectiles,14400,57600,53.518300,3.717
1,0,time:300-540,Missiles,14400,57600,450.381900,31.277
1,0,time:300-540,PointDefense,14400,57600,782.099400,54.312
1,0,time:300-540,Drones,14400,57600,331.126200,22.995
1,0,time:300-540,Sensors,14400,14400,13.270500,0.922
1,0,time:300-540,Post,14400,57600,35.064800,2.435
1,0,time:540+,Tick,11713,11713,2419.967200,206.605
1,0,time:540+,AI,11713,11713,655.909300,55.998
1,0,time:540+,AICommand,11713,11713,5.749700,0.491
1,0,time:540+,AIThink,11713,16583,39.450100,3.368
1,0,time:540+,AIDrive,11713,248730,172.950700,14.766
1,0,time:540+,AIEngage,11713,11713,426.887500,36.446
1,0,time:540+,Gunnery,11713,11713,0.985700,0.084
1,0,time:540+,ShipStep,11713,46852,533.206700,45.523
1,0,time:540+,Collision,11713,46852,181.420400,15.489
1,0,time:540+,Projectiles,11713,46852,323.621000,27.629
1,0,time:540+,Missiles,11713,46852,171.054500,14.604
1,0,time:540+,PointDefense,11713,46852,362.642300,30.961
1,0,time:540+,Drones,11713,46852,140.118500,11.963
1,0,time:540+,Sensors,11713,11713,11.061300,0.944
1,0,time:540+,Post,11713,46852,32.832600,2.803
1,1,All,Tick,38488,38488,6381.869700,165.815
1,1,All,AI,38488,38488,1328.747000,34.524
1,1,All,AICommand,38488,38488,13.834900,0.359
1,1,All,AIThink,38488,61017,92.644500,2.407
1,1,All,AIDrive,38488,915291,508.067200,13.201
1,1,All,AIEngage,38488,38488,680.218600,17.674
1,1,All,Gunnery,38488,38488,3.420900,0.089
1,1,All,ShipStep,38488,153952,1699.971000,44.169
1,1,All,Collision,38488,153952,474.117600,12.319
1,1,All,Projectiles,38488,153952,187.240500,4.865
1,1,All,Missiles,38488,153952,685.306300,17.806
1,1,All,PointDefense,38488,153952,1317.872500,34.241
1,1,All,Drones,38488,153952,533.766400,13.868
1,1,All,Sensors,38488,38488,35.088500,0.912
1,1,All,Post,38488,153952,92.461600,2.402
1,1,phase:Approach,Tick,7200,7200,747.803800,103.862
1,1,phase:Approach,AI,7200,7200,109.853200,15.257
1,1,phase:Approach,AICommand,7200,7200,2.344600,0.326
1,1,phase:Approach,AIThink,7200,11520,8.474200,1.177
1,1,phase:Approach,AIDrive,7200,172800,77.972800,10.830
1,1,phase:Approach,AIEngage,7200,7200,14.998600,2.083
1,1,phase:Approach,Gunnery,7200,7200,0.543400,0.075
1,1,phase:Approach,ShipStep,7200,28800,290.716100,40.377
1,1,phase:Approach,Collision,7200,28800,128.590200,17.860
1,1,phase:Approach,Projectiles,7200,28800,0.820300,0.114
1,1,phase:Approach,Missiles,7200,28800,23.640000,3.283
1,1,phase:Approach,PointDefense,7200,28800,130.087200,18.068
1,1,phase:Approach,Drones,7200,28800,37.151800,5.160
1,1,phase:Approach,Sensors,7200,7200,6.178400,0.858
1,1,phase:Approach,Post,7200,28800,15.929900,2.212
1,1,phase:Missile,Tick,23400,23400,3988.002400,170.427
1,1,phase:Missile,AI,23400,23400,805.354500,34.417
1,1,phase:Missile,AICommand,23400,23400,8.160400,0.349
1,1,phase:Missile,AIThink,23400,37436,58.051300,2.481
1,1,phase:Missile,AIDrive,23400,561600,319.597600,13.658
1,1,phase:Missile,AIEngage,23400,23400,398.867600,17.046
1,1,phase:Missile,Gunnery,23400,23400,2.130700,0.091
1,1,phase:Missile,ShipStep,23400,93600,1051.979100,44.956
1,1,phase:Missile,Collision,23400,93600,267.220500,11.420
1,1,phase:Missile,Projectiles,23400,93600,2.786800,0.119
1,1,phase:Missile,Missiles,23400,93600,489.913900,20.936
1,1,phase:Missile,PointDefense,23400,93600,884.978600,37.820
1,1,phase:Missile,Drones,23400,93600,391.719900,16.740
1,1,phase:Missile,Sensors,23400,23400,21.429400,0.916
1,1,phase:Missile,Post,23400,93600,55.729400,2.382
1,1,phase:Sniping,Tick,5400,5400,1089.680100,201.793
1,1,phase:Sniping,AI,5400,5400,263.721900,48.837
1,1,phase:Sniping,AICommand,5400,5400,2.244000,0.416
1,1,phase:Sniping,AIThink,5400,8439,18.352600,3.399
1,1,phase:Sniping,AIDrive,5400,126577,73.779800,13.663
1,1,phase:Sniping,AIEngage,5400,5400,164.420000,30.448
1,1,phase:Sniping,Gunnery,5400,5400,0.455500,0.084
1,1,phase:Sniping,ShipStep,5400,21600,246.601100,45.667
1,1,phase:Sniping,Collision,5400,21600,52.109700,9.650
1,1,phase:Sniping,Projectiles,5400,21600,68.215200,12.632
1,1,phase:Sniping,Missiles,5400,21600,132.737800,24.581
1,1,phase:Sniping,PointDefense,5400,21600,216.899600,40.167
1,1,phase:Sniping,Drones,5400,21600,86.984500,16.108
1,1,phase:Sniping,Sensors,5400,5400,4.983500,0.923
1,1,phase:Sniping,Post,5400,21600,13.723600,2.541
1,1,phase:Brawl,Tick,2488,2488,556.383400,223.627
1,1,phase:Brawl,AI,2488,2488,149.817400,60.216
1,1,phase:Brawl,AICommand,2488,2488,1.085900,0.436
1,1,phase:Brawl,AIThink,2488,3622,7.766400,3.122
1,1,phase:Brawl,AIDrive,2488,54314,36.717000,14.758
1,1,phase:Brawl,AIEngage,2488,2488,101.932400,40.970
1,1,phase:Brawl,Gunnery,2488,2488,0.291300,0.117
1,1,phase:Brawl,ShipStep,2488,9952,110.674700,44.483
1,1,phase:Brawl,Collision,2488,9952,26.197200,10.529
1,1,phase:Brawl,Projectiles,2488,9952,115.418200,46.390
1,1,phase:Brawl,Missiles,2488,9952,39.014600,15.681
1,1,phase:Brawl,PointDefense,2488,9952,85.907100,34.529
1,1,phase:Brawl,Drones,2488,9952,17.910200,7.199
1,1,phase:Brawl,Sensors,2488,2488,2.497200,1.004
1,1,phase:Brawl,Post,2488,9952,7.078700,2.845
1,1,time:0-300,Tick,18000,18000,2178.257400,121.014
1,1,time:0-300,AI,18000,18000,375.602200,20.867
1,1,time:0-300,AICommand,18000,18000,5.816400,0.323
1,1,time:0-300,AIThink,18000,28796,23.246500,1.291
1,1,time:0-300,AIDrive,18000,432000,224.078200,12.449
1,1,time:0-300,AIEngage,18000,18000,106.745900,5.930
1,1,time:0-300,Gunnery,18000,18000,1.601300,0.089
1,1,time:0-300,ShipStep,18000,72000,769.185500,42.733
1,1,time:0-300,Collision,18000,72000,274.679200,15.260
1,1,time:0-300,Projectiles,18000,72000,2.178400,0.121
1,1,time:0-300,Missiles,18000,72000,134.475900,7.471
1,1,time:0-300,PointDefense,18000,72000,411.994200,22.889
1,1,time:0-300,Drones,18000,72000,139.867900,7.770
1,1,time:0-300,Sensors,18000,18000,16.284400,0.905
1,1,time:0-300,Post,18000,72000,41.099100,2.283
1,1,time:300-540,Tick,14400,14400,2983.232200,207.169
1,1,time:300-540,AI,14400,14400,639.341100,44.399
1,1,time:300-540,AICommand,14400,14400,5.351900,0.372
1,1,time:300-540,AIThink,14400,23040,52.637200,3.655
1,1,time:300-540,AIDrive,14400,345600,200.069300,13.894
1,1,time:300-540,AIEngage,14400,14400,368.644600,25.600
1,1,time:300-540,Gunnery,14400,14400,1.214800,0.084
1,1,time:300-540,ShipStep,14400,57600,662.427200,46.002
1,1,time:300-540,Collision,14400,57600,137.969800,9.581
1,1,time:300-540,Projectiles,14400,57600,1.668900,0.116
1,1,time:300-540,Missiles,14400,57600,442.220900,30.710
1,1,time:300-540,PointDefense,14400,57600,702.401700,48.778
1,1,time:300-540,Drones,14400,57600,339.336200,23.565
1,1,time:300-540,Sensors,14400,14400,12.920900,0.897
1,1,time:300-540,Post,14400,57600,34.894100,2.423
1,1,time:540+,Tick,6088,6088,1220.380100,200.457
1,1,time:540+,AI,6088,6088,313.803700,51.545
1,1,time:540+,AICommand,6088,6088,2.666600,0.438
1,1,time:540+,AIThink,6088,9181,16.760800,2.753
1,1,time:540+,AIDrive,6088,137691,83.919700,13.784
1,1,time:540+,AIEngage,6088,6088,204.828100,33.645
1,1,time:540+,Gunnery,6088,6088,0.604800,0.099
1,1,time:540+,ShipStep,6088,24352,268.358300,44.080
1,1,time:540+,Collision,6088,24352,61.468600,10.097
1,1,time:540+,Projectiles,6088,24352,183.393200,30.124
1,1,time:540+,Missiles,6088,24352,108.609500,17.840
1,1,time:540+,PointDefense,6088,24352,203.476600,33.423
1,1,time:540+,Drones,6088,24352,54.562300,8.962
1,1,time:540+,Sensors,6088,6088,5.883200,0.966
1,1,time:540+,Post,6088,24352,16.468400,2.705
2,0,All,Tick,73049,73049,10843.886300,148.447
2,0,All,AI,73049,73049,2581.407300,35.338
2,0,All,AICommand,73049,73049,25.451100,0.348
2,0,All,AIThink,73049,99017,167.028700,2.287
2,0,All,AIDrive,73049,1485319,926.230700,12.680
2,0,All,AIEngage,73049,73049,1403.393400,19.212
2,0,All,Gunnery,73049,73049,5.816100,0.080
2,0,All,ShipStep,73049,292196,3045.219400,41.687
2,0,All,Collision,73049,292196,933.726500,12.782
2,0,All,Projectiles,73049,292196,617.671500,8.456
2,0,All,Missiles,73049,292196,740.793900,10.141
2,0,All,PointDefense,73049,292196,1969.378300,26.960
2,0,All,Drones,73049,292196,662.669200,9.072
2,0,All,Sensors,73049,73049,66.015300,0.904
2,0,All,Post,73049,292196,177.619400,2.432
2,0,phase:Approach,Tick,9000,9000,937.537400,104.171
2,0,phase:Approach,AI,9000,9000,147.393600,16.377
2,0,phase:Approach,AICommand,9000,9000,3.799200,0.422
2,0,phase:Approach,AIThink,9000,13200,9.654800,1.073
2,0,phase:Approach,AIDrive,9000,198000,97.288600,10.810
2,0,phase:Approach,AIEngage,9000,9000,29.403500,3.267
2,0,phase:Approach,Gunnery,9000,9000,0.661900,0.074
2,0,phase:Approach,ShipStep,9000,36000,352.993200,39.221
2,0,phase:Approach,Collision,9000,36000,180.004400,20.000
2,0,phase:Approach,Projectiles,9000,36000,1.081600,0.120
2,0,phase:Approach,Missiles,9000,36000,28.489500,3.165
2,0,phase:Approach,PointDefense,9000,36000,150.420800,16.713
2,0,phase:Approach,Drones,9000,36000,43.566000,4.841
2,0,phase:Approach,Sensors,9000,9000,8.410800,0.935
2,0,phase:Approach,Post,9000,36000,19.307800,2.145
2,0,phase:Missile,Tick,25200,25200,4218.471500,167.400
2,0,phase:Missile,AI,25200,25200,924.211300,36.675
2,0,phase:Missile,AICommand,25200,25200,9.039800,0.359
2,0,phase:Missile,AIThink,25200,40316,65.636500,2.605
2,0,phase:Missile,AIDrive,25200,604800,344.218400,13.659
2,0,phase:Missile,AIEngage,25200,25200,483.228400,19.176
2,0,phase:Missile,Gunnery,25200,25200,1.964000,0.078
2,0,phase:Missile,ShipStep,25200,100800,1172.219100,46.517
2,0,phase:Missile,Collision,25200,100800,254.883300,10.114
2,0,phase:Missile,Projectiles,25200,100800,2.987900,0.119
2,0,phase:Missile,Missiles,25200,100800,476.707800,18.917
2,0,phase:Missile,PointDefense,25200,100800,906.657700,35.978
2,0,phase:Missile,Drones,25200,100800,383.709700,15.227
2,0,phase:Missile,Sensors,25200,25200,22.117500,0.878
2,0,phase:Missile,Post,25200,100800,57.821500,2.295
2,0,phase:Sniping,Tick,9000,9000,1599.527200,177.725
2,0,phase:Sniping,AI,9000,9000,427.079800,47.453
2,0,phase:Sniping,AICommand,9000,9000,3.783900,0.420
2,0,phase:Sniping,AIThink,9000,13299,26.698400,2.966
2,0,phase:Sniping,AIDrive,9000,199490,127.680200,14.187
2,0,phase:Sniping,AIEngage,9000,9000,261.029900,29.003
2,0,phase:Sniping,Gunnery,9000,9000,0.733500,0.081
2,0,phase:Sniping,ShipStep,9000,36000,404.482700,44.943
2,0,phase:Sniping,Collision,9000,36000,91.502500,10.167
2,0,phase:Sniping,Projectiles,9000,36000,250.839100,27.871
2,0,phase:Sniping,Missiles,9000,36000,78.261000,8.696
2,0,phase:Sniping,PointDefense,9000,36000,227.985000,25.332
2,0,phase:Sniping,Drones,9000,36000,82.162500,9.129
2,0,phase:Sniping,Sensors,9000,9000,8.322200,0.925
2,0,phase:Sniping,Post,9000,36000,22.683300,2.520
2,0,phase:Brawl,Tick,29849,29849,4088.350200,136.968
2,0,phase:Brawl,AI,29849,29849,1082.722600,36.273
2,0,phase:Brawl,AICommand,29849,29849,8.828200,0.296
2,0,phase:Brawl,AIThink,29849,32202,65.039000,2.179
2,0,phase:Brawl,AIDrive,29849,483029,357.043500,11.962
2,0,phase:Brawl,AIEngage,29849,29849,629.731600,21.097
2,0,phase:Brawl,Gunnery,29849,29849,2.456700,0.082
2,0,phase:Brawl,ShipStep,29849,119396,1115.524400,37.372
2,0,phase:Brawl,Collision,29849,119396,407.336300,13.647
2,0,phase:Brawl,Projectiles,29849,119396,362.762900,12.153
2,0,phase:Brawl,Missiles,29849,119396,157.335600,5.271
2,0,phase:Brawl,PointDefense,29849,119396,684.314800,22.926
2,0,phase:Brawl,Drones,29849,119396,153.231000,5.134
2,0,phase:Brawl,Sensors,29849,29849,27.164800,0.910
2,0,phase:Brawl,Post,29849,119396,77.806800,2.607
2,0,time:0-300,Tick,18000,18000,2128.148900,118.230
2,0,time:0-300,AI,18000,18000,386.450800,21.469
2,0,time:0-300,AICommand,18000,18000,7.219300,0.401
2,0,time:0-300,AIThink,18000,28796,20.992100,1.166
2,0,time:0-300,AIDrive,18000,432000,220.454200,12.247
2,0,time:0-300,AIEngage,18000,18000,122.395100,6.800
2,0,time:0-300,Gunnery,18000,18000,1.334600,0.074
2,0,time:0-300,ShipStep,18000,72000,777.419600,43.190
2,0,time:0-300,Collision,18000,72000,271.389000,15.077
2,0,time:0-300,Projectiles,18000,72000,2.159700,0.120
2,0,time:0-300,Missiles,18000,72000,110.035000,6.113
2,0,time:0-300,PointDefense,18000,72000,387.679900,21.538
2,0,time:0-300,Drones,18000,72000,125.335500,6.963
2,0,time:0-300,Sensors,18000,18000,16.381800,0.910
2,0,time:0-300,Post,18000,72000,39.264100,2.181
2,0,time:300-540,Tick,14400,14400,2884.507700,200.313
2,0,time:300-540,AI,14400,14400,651.839800,45.267
2,0,time:300-540,AICommand,14400,14400,5.110100,0.355
2,0,time:300-540,AIThink,14400,23040,52.418900,3.640
2,0,time:300-540,AIDrive,14400,345600,205.282000,14.256
2,0,time:300-540,AIEngage,14400,14400,376.220800,26.126
2,0,time:300-540,Gunnery,14400,14400,1.158500,0.080
2,0,time:300-540,ShipStep,14400,57600,691.553100,48.025
2,0,time:300-540,Collision,14400,57600,146.186100,10.152
2,0,time:300-540,Projectiles,14400,57600,1.715100,0.119
2,0,time:300-540,Missiles,14400,57600,389.757800,27.067
2,0,time:300-540,PointDefense,14400,57600,650.695300,45.187
2,0,time:300-540,Drones,14400,57600,296.300400,20.576
2,0,time:300-540,Sensors,14400,14400,12.678500,0.880
2,0,time:300-540,Post,14400,57600,33.953700,2.358
2,0,time:540+,Tick,40649,40649,5831.229700,143.453
2,0,time:540+,AI,40649,40649,1543.116700,37.962
2,0,time:540+,AICommand,40649,40649,13.121700,0.323
2,0,time:540+,AIThink,40649,47181,93.617700,2.303
2,0,time:540+,AIDrive,40649,707719,500.494500,12.313
2,0,time:540+,AIEngage,40649,40649,904.777500,22.258
2,0,time:540+,Gunnery,40649,40649,3.323000,0.082
2,0,time:540+,ShipStep,40649,162596,1576.246700,38.777
2,0,time:540+,Collision,40649,162596,516.151400,12.698
2,0,time:540+,Projectiles,40649,162596,613.796700,15.100
2,0,time:540+,Missiles,40649,162596,241.001100,5.929
2,0,time:540+,PointDefense,40649,162596,931.003100,22.903
2,0,time:540+,Drones,40649,162596,241.033300,5.930
2,0,time:540+,Sensors,40649,40649,36.955000,0.909
2,0,time:540+,Post,40649,162596,104.401600,2.568
2,1,All,Tick,41377,41377,7034.393100,170.007
2,1,All,AI,41377,41377,1523.907400,36.830
2,1,All,AICommand,41377,41377,14.437700,0.349
2,1,All,AIThink,41377,65054,100.951800,2.440
2,1,All,AIDrive,41377,975810,542.806400,13.119
2,1,All,AIEngage,41377,41377,826.888700,19.984
2,1,All,Gunnery,41377,41377,3.475100,0.084
2,1,All,ShipStep,41377,165508,1876.322200,45.347
2,1,All,Collision,41377,165508,608.096000,14.696
2,1,All,Projectiles,41377,165508,313.569500,7.578
2,1,All,Missiles,41377,165508,655.261900,15.836
2,1,All,PointDefense,41377,165508,1348.814400,32.598
2,1,All,Drones,41377,165508,542.106100,13.102
2,1,All,Sensors,41377,41377,37.011500,0.894
2,1,All,Post,41377,165508,100.853900,2.437
2,1,phase:Approach,Tick,7200,7200,791.863400,109.981
2,1,phase:Approach,AI,7200,7200,107.011600,14.863
2,1,phase:Approach,AICommand,7200,7200,2.201900,0.306
2,1,phase:Approach,AIThink,7200,11520,7.370800,1.024
2,1,phase:Approach,AIDrive,7200,172800,74.886800,10.401
2,1,phase:Approach,AIEngage,7200,7200,16.092200,2.235
2,1,phase:Approach,Gunnery,7200,7200,0.514500,0.071
2,1,phase:Approach,ShipStep,7200,28800,284.777900,39.552
2,1,phase:Approach,Collision,7200,28800,188.005200,26.112
2,1,phase:Approach,Projectiles,7200,28800,0.888600,0.123
2,1,phase:Approach,Missiles,7200,28800,22.063700,3.064
2,1,phase:Approach,PointDefense,7200,28800,125.855800,17.480
2,1,phase:Approach,Drones,7200,28800,36.615700,5.086
2,1,phase:Approach,Sensors,7200,7200,5.815700,0.808
2,1,phase:Approach,Post,7200,28800,16.077100,2.233
2,1,phase:Missile,Tick,21600,21600,3699.447400,171.271
2,1,phase:Missile,AI,21600,21600,778.544100,36.044
2,1,phase:Missile,AICommand,21600,21600,7.650700,0.354
2,1,phase:Missile,AIThink,21600,34556,53.558500,2.480
2,1,phase:Missile,AIDrive,21600,518400,297.688600,13.782
2,1,phase:Missile,AIEngage,21600,21600,398.537700,18.451
2,1,phase:Missile,Gunnery,21600,21600,1.814000,0.084
2,1,phase:Missile,ShipStep,21600,86400,1021.983800,47.314
2,1,phase:Missile,Collision,21600,86400,295.529100,13.682
2,1,phase:Missile,Projectiles,21600,86400,2.977200,0.138
2,1,phase:Missile,Missiles,21600,86400,400.730300,18.552
2,1,phase:Missile,PointDefense,21600,86400,786.048700,36.391
2,1,phase:Missile,Drones,21600,86400,325.755900,15.081
2,1,phase:Missile,Sensors,21600,21600,19.887700,0.921
2,1,phase:Missile,Post,21600,86400,52.931000,2.451
2,1,phase:Gunnery,Tick,1800,1800,417.713400,232.063
2,1,phase:Gunnery,AI,1800,1800,93.185100,51.769
2,1,phase:Gunnery,AICommand,1800,1800,0.692800,0.385
2,1,phase:Gunnery,AIThink,1800,2880,6.259400,3.477
2,1,phase:Gunnery,AIDrive,1800,43200,27.076400,15.042
2,1,phase:Gunnery,AIEngage,1800,1800,57.497600,31.943
2,1,phase:Gunnery,Gunnery,1800,1800,0.162400,0.090
2,1,phase:Gunnery,ShipStep,1800,7200,89.391100,49.662
2,1,phase:Gunnery,Collision,1800,7200,17.566100,9.759
2,1,phase:Gunnery,Projectiles,1800,7200,0.493100,0.274
2,1,phase:Gunnery,Missiles,1800,7200,64.599200,35.888
2,1,phase:Gunnery,PointDefense,1800,7200,102.497700,56.943
2,1,phase:Gunnery,Drones,1800,7200,42.366300,23.537
2,1,phase:Gunnery,Sensors,1800,1800,1.696300,0.942
2,1,phase:Gunnery,Post,1800,7200,4.572800,2.540
2,1,phase:Sniping,Tick,10777,10777,2125.368900,197.213
2,1,phase:Sniping,AI,10777,10777,545.166600,50.586
2,1,phase:Sniping,AICommand,10777,10777,3.892300,0.361
2,1,phase:Sniping,AIThink,10777,16098,33.763100,3.133
2,1,phase:Sniping,AIDrive,10777,241410,143.154600,13.283
2,1,phase:Sniping,AIEngage,10777,10777,354.761200,32.918
2,1,phase:Sniping,Gunnery,10777,10777,0.984200,0.091
2,1,phase:Sniping,ShipStep,10777,43108,480.169400,44.555
2,1,phase:Sniping,Collision,10777,43108,106.995600,9.928
2,1,phase:Sniping,Projectiles,10777,43108,309.210600,28.692
2,1,phase:Sniping,Missiles,10777,43108,167.868700,15.577
2,1,phase:Sniping,PointDefense,10777,43108,334.412200,31.030
2,1,phase:Sniping,Drones,10777,43108,137.368200,12.746
2,1,phase:Sniping,Sensors,10777,10777,9.611800,0.892
2,1,phase:Sniping,Post,10777,43108,27.273000,2.531
2,1,time:0-300,Tick,18000,18000,2317.722900,128.762
2,1,time:0-300,AI,18000,18000,414.003600,23.000
2,1,time:0-300,AICommand,18000,18000,5.840700,0.324
2,1,time:0-300,AIThink,18000,28796,22.323500,1.240
2,1,time:0-300,AIDrive,18000,432000,217.912600,12.106
2,1,time:0-300,AIEngage,18000,18000,151.007600,8.389
2,1,time:0-300,Gunnery,18000,18000,1.418400,0.079
2,1,time:0-300,ShipStep,18000,72000,791.306100,43.961
2,1,time:0-300,Collision,18000,72000,377.267700,20.959
2,1,time:0-300,Projectiles,18000,72000,2.378000,0.132
2,1,time:0-300,Missiles,18000,72000,131.922900,7.329
2,1,time:0-300,PointDefense,18000,72000,395.147600,21.953
2,1,time:0-300,Drones,18000,72000,136.255700,7.570
2,1,time:0-300,Sensors,18000,18000,15.522700,0.862
2,1,time:0-300,Post,18000,72000,41.662300,2.315
2,1,time:300-540,Tick,14400,14400,3053.399300,212.042
2,1,time:300-540,AI,14400,14400,667.164400,46.331
2,1,time:300-540,AICommand,14400,14400,5.344700,0.371
2,1,time:300-540,AIThink,14400,23040,52.406000,3.639
2,1,time:300-540,AIDrive,14400,345600,211.332200,14.676
2,1,time:300-540,AIEngage,14400,14400,384.055200,26.671
2,1,time:300-540,Gunnery,14400,14400,1.223500,0.085
2,1,time:300-540,ShipStep,14400,57600,696.434800,48.364
2,1,time:300-540,Collision,14400,57600,141.126300,9.800
2,1,time:300-540,Projectiles,14400,57600,2.207600,0.153
2,1,time:300-540,Missiles,14400,57600,432.654500,30.045
2,1,time:300-540,PointDefense,14400,57600,731.115200,50.772
2,1,time:300-540,Drones,14400,57600,322.181900,22.374
2,1,time:300-540,Sensors,14400,14400,13.545000,0.941
2,1,time:300-540,Post,14400,57600,36.854300,2.559
2,1,time:540+,Tick,8977,8977,1663.270900,185.281
2,1,time:540+,AI,8977,8977,442.739400,49.319
2,1,time:540+,AICommand,8977,8977,3.252300,0.362
2,1,time:540+,AIThink,8977,13218,26.222300,2.921
2,1,time:540+,AIDrive,8977,198210,113.561600,12.650
2,1,time:540+,AIEngage,8977,8977,291.825900,32.508
2,1,time:540+,Gunnery,8977,8977,0.833200,0.093
2,1,time:540+,ShipStep,8977,35908,388.581300,43.286
2,1,time:540+,Collision,8977,35908,89.702000,9.992
2,1,time:540+,Projectiles,8977,35908,308.983900,34.420
2,1,time:540+,Missiles,8977,35908,90.684500,10.102
2,1,time:540+,PointDefense,8977,35908,222.551600,24.791
2,1,time:540+,Drones,8977,35908,83.668500,9.320
2,1,time:540+,Sensors,8977,8977,7.943800,0.885
2,1,time:540+,Post,8977,35908,22.337300,2.488
3,0,All,Tick,54966,54966,9371.932600,170.504
3,0,All,AI,54966,54966,2281.928500,41.515
3,0,All,AICommand,54966,54966,20.857600,0.379
3,0,All,AIThink,54966,82507,142.431000,2.591
3,0,All,AIDrive,54966,1237607,752.710800,13.694
3,0,All,AIEngage,54966,54966,1315.543700,23.934
3,0,All,Gunnery,54966,54966,4.445100,0.081
3,0,All,ShipStep,54966,219864,2491.178500,45.322
3,0,All,Collision,54966,219864,588.629600,10.709
3,0,All,Projectiles,54966,219864,684.059500,12.445
3,0,All,Missiles,54966,219864,678.791400,12.349
3,0,All,PointDefense,54966,219864,1822.201400,33.151
3,0,All,Drones,54966,219864,605.109900,11.009
3,0,All,Sensors,54966,54966,50.730600,0.923
3,0,All,Post,54966,219864,132.030500,2.402
3,0,phase:Approach,Tick,9000,9000,888.689000,98.743
3,0,phase:Approach,AI,9000,9000,135.403700,15.045
3,0,phase:Approach,AICommand,9000,9000,3.169600,0.352
3,0,phase:Approach,AIThink,9000,14396,9.116900,1.013
3,0,phase:Approach,AIDrive,9000,216000,96.705500,10.745
3,0,phase:Approach,AIEngage,9000,9000,18.618500,2.069
3,0,phase:Approach,Gunnery,9000,9000,0.691800,0.077
3,0,phase:Approach,ShipStep,9000,36000,361.164800,40.129
3,0,phase:Approach,Collision,9000,36000,121.483700,13.498
3,0,phase:Approach,Projectiles,9000,36000,1.228800,0.137
3,0,phase:Approach,Missiles,9000,36000,28.666900,3.185
3,0,phase:Approach,PointDefense,9000,36000,161.346600,17.927
3,0,phase:Approach,Drones,9000,36000,46.532500,5.170
3,0,phase:Approach,Sensors,9000,9000,7.784400,0.865
3,0,phase:Approach,Post,9000,36000,19.190700,2.132
3,0,phase:Missile,Tick,21600,21600,3603.633800,166.835
3,0,phase:Missile,AI,21600,21600,799.762800,37.026
3,0,phase:Missile,AICommand,21600,21600,7.767400,0.360
3,0,phase:Missile,AIThink,21600,34560,53.361500,2.470
3,0,phase:Missile,AIDrive,21600,518400,295.157800,13.665
3,0,phase:Missile,AIEngage,21600,21600,423.565700,19.610
3,0,phase:Missile,Gunnery,21600,21600,1.653500,0.077
3,0,phase:Missile,ShipStep,21600,86400,993.507200,45.996
3,0,phase:Missile,Collision,21600,86400,214.865300,9.947
3,0,phase:Missile,Projectiles,21600,86400,2.601700,0.120
3,0,phase:Missile,Missiles,21600,86400,414.407600,19.186
3,0,phase:Missile,PointDefense,21600,86400,757.196800,35.055
3,0,phase:Missile,Drones,21600,86400,337.461700,15.623
3,0,phase:Missile,Sensors,21600,21600,19.197100,0.889
3,0,phase:Missile,Post,21600,86400,50.252900,2.327
3,0,phase:Sniping,Tick,7200,7200,1349.444100,187.423
3,0,phase:Sniping,AI,7200,7200,349.478700,48.539
3,0,phase:Sniping,AICommand,7200,7200,2.816900,0.391
3,0,phase:Sniping,AIThink,7200,11520,25.593500,3.555
3,0,phase:Sniping,AIDrive,7200,172800,105.680900,14.678
3,0,phase:Sniping,AIEngage,7200,7200,208.419600,28.947
3,0,phase:Sniping,Gunnery,7200,7200,0.544100,0.076
3,0,phase:Sniping,ShipStep,7200,28800,343.617000,47.725
3,0,phase:Sniping,Collision,7200,28800,73.633100,10.227
3,0,phase:Sniping,Projectiles,7200,28800,37.234500,5.171
3,0,phase:Sniping,Missiles,7200,28800,125.363200,17.412
3,0,phase:Sniping,PointDefense,7200,28800,286.671500,39.815
3,0,phase:Sniping,Drones,7200,28800,104.537300,14.519
3,0,phase:Sniping,Sensors,7200,7200,6.528000,0.907
3,0,phase:Sniping,Post,7200,28800,17.491400,2.429
3,0,phase:Brawl,Tick,17166,17166,3530.165700,205.649
3,0,phase:Brawl,AI,17166,17166,997.283300,58.096
3,0,phase:Brawl,AICommand,17166,17166,7.103700,0.414
3,0,phase:Brawl,AIThink,17166,22031,54.359100,3.167
3,0,phase:Brawl,AIDrive,17166,330407,255.166600,14.865
3,0,phase:Brawl,AIEngage,17166,17166,664.939900,38.736
3,0,phase:Brawl,Gunnery,17166,17166,1.555700,0.091
3,0,phase:Brawl,ShipStep,17166,68664,792.889500,46.190
3,0,phase:Brawl,Collision,17166,68664,178.647500,10.407
3,0,phase:Brawl,Projectiles,17166,68664,642.994500,37.457
3,0,phase:Brawl,Missiles,17166,68664,110.353700,6.429
3,0,phase:Brawl,PointDefense,17166,68664,616.986500,35.942
3,0,phase:Brawl,Drones,17166,68664,116.578400,6.791
3,0,phase:Brawl,Sensors,17166,17166,17.221100,1.003
3,0,phase:Brawl,Post,17166,68664,45.095500,2.627
3,0,time:0-300,Tick,18000,18000,1950.340800,108.352
3,0,time:0-300,AI,18000,18000,347.007200,19.278
3,0,time:0-300,AICommand,18000,18000,6.044000,0.336
3,0,time:0-300,AIThink,18000,28796,20.552500,1.142
3,0,time:0-300,AIDrive,18000,432000,211.232800,11.735
3,0,time:0-300,AIEngage,18000,18000,93.280900,5.182
3,0,time:0-300,Gunnery,18000,18000,1.383400,0.077
3,0,time:0-300,ShipStep,18000,72000,747.952900,41.553
3,0,time:0-300,Collision,18000,72000,207.475900,11.526
3,0,time:0-300,Projectiles,18000,72000,2.317100,0.129
3,0,time:0-300,Missiles,18000,72000,100.386500,5.577
3,0,time:0-300,PointDefense,18000,72000,361.722100,20.096
3,0,time:0-300,Drones,18000,72000,117.558700,6.531
3,0,time:0-300,Sensors,18000,18000,15.480400,0.860
3,0,time:0-300,Post,18000,72000,38.606500,2.145
3,0,time:300-540,Tick,14400,14400,2943.977300,204.443
3,0,time:300-540,AI,14400,14400,682.405500,47.389
3,0,time:300-540,AICommand,14400,14400,5.551400,0.386
3,0,time:300-540,AIThink,14400,23040,50.661100,3.518
3,0,time:300-540,AIDrive,14400,345600,206.602500,14.347
3,0,time:300-540,AIEngage,14400,14400,406.061300,28.199
3,0,time:300-540,Gunnery,14400,14400,1.091400,0.076
3,0,time:300-540,ShipStep,14400,57600,695.479300,48.297
3,0,time:300-540,Collision,14400,57600,147.456700,10.240
3,0,time:300-540,Projectiles,14400,57600,1.743300,0.121
3,0,time:300-540,Missiles,14400,57600,395.219000,27.446
3,0,time:300-540,PointDefense,14400,57600,655.120100,45.494
3,0,time:300-540,Drones,14400,57600,308.528700,21.426
3,0,time:300-540,Sensors,14400,14400,13.220800,0.918
3,0,time:300-540,Post,14400,57600,35.179600,2.443
3,0,time:540+,Tick,22566,22566,4477.614500,198.423
3,0,time:540+,AI,22566,22566,1252.515800,55.505
3,0,time:540+,AICommand,22566,22566,9.262200,0.410
3,0,time:540+,AIThink,22566,30671,71.217400,3.156
3,0,time:540+,AIDrive,22566,460007,334.875500,14.840
3,0,time:540+,AIEngage,22566,22566,816.201500,36.170
3,0,time:540+,Gunnery,22566,22566,1.970300,0.087
3,0,time:540+,ShipStep,22566,90264,1047.746300,46.430
3,0,time:540+,Collision,22566,90264,233.697000,10.356
3,0,time:540+,Projectiles,22566,90264,679.999100,30.134
3,0,time:540+,Missiles,22566,90264,183.185900,8.118
3,0,time:540+,PointDefense,22566,90264,805.359200,35.689
3,0,time:540+,Drones,22566,90264,179.022500,7.933
3,0,time:540+,Sensors,22566,22566,22.029400,0.976
3,0,time:540+,Post,22566,90264,58.244400,2.581
3,1,All,Tick,41286,41286,6872.525500,166.461
3,1,All,AI,41286,41286,1518.575500,36.782
3,1,All,AICommand,41286,41286,14.828100,0.359
3,1,All,AIThink,41286,65156,95.343000,2.309
3,1,All,AIDrive,41286,977356,536.082000,12.985
3,1,All,AIEngage,41286,41286,835.940200,20.248
3,1,All,Gunnery,41286,41286,3.505700,0.085
3,1,All,ShipStep,41286,165144,1843.659000,44.656
3,1,All,Collision,41286,165144,472.265400,11.439
3,1,All,Projectiles,41286,165144,340.812900,8.255
3,1,All,Missiles,41286,165144,671.657900,16.268
3,1,All,PointDefense,41286,165144,1349.997400,32.699
3,1,All,Drones,41286,165144,515.558900,12.487
3,1,All,Sensors,41286,41286,36.223300,0.877
3,1,All,Post,41286,165144,96.025100,2.326
3,1,phase:Approach,Tick,10800,10800,1164.953900,107.866
3,1,phase:Approach,AI,10800,10800,202.603300,18.760
3,1,phase:Approach,AICommand,10800,10800,3.262700,0.302
3,1,phase:Approach,AIThink,10800,17276,11.273100,1.044
3,1,phase:Approach,AIDrive,10800,259200,122.376600,11.331
3,1,phase:Approach,AIEngage,10800,10800,56.488200,5.230
3,1,phase:Approach,Gunnery,10800,10800,0.869600,0.081
3,1,phase:Approach,ShipStep,10800,43200,454.993400,42.129
3,1,phase:Approach,Collision,10800,43200,148.098800,13.713
3,1,phase:Approach,Projectiles,10800,43200,1.269700,0.118
3,1,phase:Approach,Missiles,10800,43200,50.108200,4.640
3,1,phase:Approach,PointDefense,10800,43200,206.146400,19.088
3,1,phase:Approach,Drones,10800,43200,63.001900,5.834
3,1,phase:Approach,Sensors,10800,10800,9.009900,0.834
3,1,phase:Approach,Post,10800,43200,22.456200,2.079
3,1,phase:Missile,Tick,21600,21600,3716.555200,172.063
3,1,phase:Missile,AI,21600,21600,800.759000,37.072
3,1,phase:Missile,AICommand,21600,21600,8.020600,0.371
3,1,phase:Missile,AIThink,21600,34560,55.534000,2.571
3,1,phase:Missile,AIDrive,21600,518400,292.228100,13.529
3,1,phase:Missile,AIEngage,21600,21600,425.949900,19.720
3,1,phase:Missile,Gunnery,21600,21600,1.780800,0.082
3,1,phase:Missile,ShipStep,21600,86400,995.253000,46.077
3,1,phase:Missile,Collision,21600,86400,209.826900,9.714
3,1,phase:Missile,Projectiles,21600,86400,2.671100,0.124
3,1,phase:Missile,Missiles,21600,86400,455.841600,21.104
3,1,phase:Missile,PointDefense,21600,86400,822.820600,38.094
3,1,phase:Missile,Drones,21600,86400,345.468200,15.994
3,1,phase:Missile,Sensors,21600,21600,19.157700,0.887
3,1,phase:Missile,Post,21600,86400,50.444400,2.335
3,1,phase:Gunnery,Tick,1800,1800,362.670300,201.483
3,1,phase:Gunnery,AI,1800,1800,76.266400,42.370
3,1,phase:Gunnery,AICommand,1800,1800,0.686000,0.381
3,1,phase:Gunnery,AIThink,1800,2880,5.397700,2.999
3,1,phase:Gunnery,AIDrive,1800,43200,24.456100,13.587
3,1,phase:Gunnery,AIEngage,1800,1800,44.092000,24.496
3,1,phase:Gunnery,Gunnery,1800,1800,0.168600,0.094
3,1,phase:Gunnery,ShipStep,1800,7200,83.499300,46.388
3,1,phase:Gunnery,Collision,1800,7200,17.500400,9.722
3,1,phase:Gunnery,Projectiles,1800,7200,0.855300,0.475
3,1,phase:Gunnery,Missiles,1800,7200,48.972600,27.207
3,1,phase:Gunnery,PointDefense,1800,7200,92.435900,51.353
3,1,phase:Gunnery,Drones,1800,7200,35.783900,19.880
3,1,phase:Gunnery,Sensors,1800,1800,1.702700,0.946
3,1,phase:Gunnery,Post,1800,7200,4.457700,2.477
3,1,phase:Sniping,Tick,3600,3600,867.502000,240.973
3,1,phase:Sniping,AI,3600,3600,239.923400,66.645
3,1,phase:Sniping,AICommand,3600,3600,1.413400,0.393
3,1,phase:Sniping,AIThink,3600,5417,12.672600,3.520
3,1,phase:Sniping,AIDrive,3600,81257,48.109600,13.364
3,1,phase:Sniping,AIEngage,3600,3600,174.392100,48.442
3,1,phase:Sniping,Gunnery,3600,3600,0.355300,0.099
3,1,phase:Sniping,ShipStep,3600,14400,164.025500,45.563
3,1,phase:Sniping,Collision,3600,14400,48.796200,13.554
3,1,phase:Sniping,Projectiles,3600,14400,151.050900,41.959
3,1,phase:Sniping,Missiles,3600,14400,70.649300,19.625
3,1,phase:Sniping,PointDefense,3600,14400,129.266500,35.907
3,1,phase:Sniping,Drones,3600,14400,48.398800,13.444
3,1,phase:Sniping,Sensors,3600,3600,3.192100,0.887
3,1,phase:Sniping,Post,3600,14400,9.605200,2.668
3,1,phase:Brawl,Tick,3486,3486,760.844100,218.257
3,1,phase:Brawl,AI,3486,3486,199.023400,57.092
3,1,phase:Brawl,AICommand,3486,3486,1.445400,0.415
3,1,phase:Brawl,AIThink,3486,5023,10.465600,3.002
3,1,phase:Brawl,AIDrive,3486,75299,48.911600,14.031
3,1,phase:Brawl,AIEngage,3486,3486,135.018000,38.731
3,1,phase:Brawl,Gunnery,3486,3486,0.331400,0.095
3,1,phase:Brawl,ShipStep,3486,13944,145.887800,41.850
3,1,phase:Brawl,Collision,3486,13944,48.043100,13.782
3,1,phase:Brawl,Projectiles,3486,13944,184.965900,53.060
3,1,phase:Brawl,Missiles,3486,13944,46.086200,13.220
3,1,phase:Brawl,PointDefense,3486,13944,99.328000,28.493
3,1,phase:Brawl,Drones,3486,13944,22.906100,6.571
3,1,phase:Brawl,Sensors,3486,3486,3.160900,0.907
3,1,phase:Brawl,Post,3486,13944,9.061600,2.599
3,1,time:0-300,Tick,18000,18000,2043.739900,113.541
3,1,time:0-300,AI,18000,18000,376.780800,20.932
3,1,time:0-300,AICommand,18000,18000,6.267800,0.348
3,1,time:0-300,AIThink,18000,28796,19.823300,1.101
3,1,time:0-300,AIDrive,18000,432000,211.672500,11.760
3,1,time:0-300,AIEngage,18000,18000,123.728400,6.874
3,1,time:0-300,Gunnery,18000,18000,1.436600,0.080
3,1,time:0-300,ShipStep,18000,72000,763.344800,42.408
3,1,time:0-300,Collision,18000,72000,216.843700,12.047
3,1,time:0-300,Projectiles,18000,72000,2.161100,0.120
3,1,time:0-300,Missiles,18000,72000,119.053800,6.614
3,1,time:0-300,PointDefense,18000,72000,374.350200,20.797
3,1,time:0-300,Drones,18000,72000,126.721300,7.040
3,1,time:0-300,Sensors,18000,18000,14.918500,0.829
3,1,time:0-300,Post,18000,72000,37.649900,2.092
3,1,time:300-540,Tick,14400,14400,2837.769200,197.067
3,1,time:300-540,AI,14400,14400,626.581500,43.513
3,1,time:300-540,AICommand,14400,14400,5.015500,0.348
3,1,time:300-540,AIThink,14400,23040,46.983800,3.263
3,1,time:300-540,AIDrive,14400,345600,202.932200,14.093
3,1,time:300-540,AIEngage,14400,14400,358.709700,24.910
3,1,time:300-540,Gunnery,14400,14400,1.213800,0.084
3,1,time:300-540,ShipStep,14400,57600,686.901600,47.701
3,1,time:300-540,Collision,14400,57600,141.082000,9.797
3,1,time:300-540,Projectiles,14400,57600,1.779700,0.124
3,1,time:300-540,Missiles,14400,57600,386.896000,26.868
3,1,time:300-540,PointDefense,14400,57600,654.616800,45.460
3,1,time:300-540,Drones,14400,57600,281.748800,19.566
3,1,time:300-540,Sensors,14400,14400,13.249100,0.920
3,1,time:300-540,Post,14400,57600,35.250700,2.448
3,1,time:540+,Tick,8886,8886,1991.016400,224.062
3,1,time:540+,AI,8886,8886,515.213200,57.980
3,1,time:540+,AICommand,8886,8886,3.544800,0.399
3,1,time:540+,AIThink,8886,13320,28.535900,3.211
3,1,time:540+,AIDrive,8886,199756,121.477300,13.671
3,1,time:540+,AIEngage,8886,8886,353.502100,39.782
3,1,time:540+,Gunnery,8886,8886,0.855300,0.096
3,1,time:540+,ShipStep,8886,35544,393.412600,44.273
3,1,time:540+,Collision,8886,35544,114.339700,12.867
3,1,time:540+,Projectiles,8886,35544,336.872100,37.910
3,1,time:540+,Missiles,8886,35544,165.708100,18.648
3,1,time:540+,PointDefense,8886,35544,321.030400,36.128
3,1,time:540+,Drones,8886,35544,107.088800,12.051
3,1,time:540+,Sensors,8886,8886,8.055700,0.907
3,1,time:540+,Post,8886,35544,23.124500,2.602
4,0,All,Tick,39760,39760,6888.052200,173.241
4,0,All,AI,39760,39760,1501.907600,37.774
4,0,All,AICommand,39760,39760,14.328900,0.360
4,0,All,AIThink,39760,63300,97.508400,2.452
4,0,All,AIDrive,39760,949492,532.482600,13.392
4,0,All,AIEngage,39760,39760,821.614800,20.664
4,0,All,Gunnery,39760,39760,3.504500,0.088
4,0,All,ShipStep,39760,159040,1820.405100,45.785
4,0,All,Collision,39760,159040,448.060200,11.269
4,0,All,Projectiles,39760,159040,452.178800,11.373
4,0,All,Missiles,39760,159040,635.827500,15.992
4,0,All,PointDefense,39760,159040,1351.560700,33.993
4,0,All,Drones,39760,159040,519.303100,13.061
4,0,All,Sensors,39760,39760,35.845800,0.902
4,0,All,Post,39760,159040,94.774100,2.384
4,0,phase:Approach,Tick,7200,7200,714.810600,99.279
4,0,phase:Approach,AI,7200,7200,105.116100,14.599
4,0,phase:Approach,AICommand,7200,7200,2.173100,0.302
4,0,phase:Approach,AIThink,7200,11520,7.235600,1.005
4,0,phase:Approach,AIDrive,7200,172800,76.057300,10.564
4,0,phase:Approach,AIEngage,7200,7200,13.482600,1.873
4,0,phase:Approach,Gunnery,7200,7200,0.624900,0.087
4,0,phase:Approach,ShipStep,7200,28800,285.927800,39.712
4,0,phase:Approach,Collision,7200,28800,110.831900,15.393
4,0,phase:Approach,Projectiles,7200,28800,0.779300,0.108
4,0,phase:Approach,Missiles,7200,28800,22.970900,3.190
4,0,phase:Approach,PointDefense,7200,28800,126.788400,17.610
4,0,phase:Approach,Drones,7200,28800,36.490700,5.068
4,0,phase:Approach,Sensors,7200,7200,6.002000,0.834
4,0,phase:Approach,Post,7200,28800,15.142300,2.103
4,0,phase:Missile,Tick,25200,25200,4339.138500,172.188
4,0,phase:Missile,AI,25200,25200,949.569600,37.681
4,0,phase:Missile,AICommand,25200,25200,9.155800,0.363
4,0,phase:Missile,AIThink,25200,40316,63.187800,2.507
4,0,phase:Missile,AIDrive,25200,604800,345.498400,13.710
4,0,phase:Missile,AIEngage,25200,25200,509.024000,20.199
4,0,phase:Missile,Gunnery,25200,25200,2.148700,0.085
4,0,phase:Missile,ShipStep,25200,100800,1189.158200,47.189
4,0,phase:Missile,Collision,25200,100800,260.339400,10.331
4,0,phase:Missile,Projectiles,25200,100800,3.069500,0.122
4,0,phase:Missile,Missiles,25200,100800,494.441400,19.621
4,0,phase:Missile,PointDefense,25200,100800,947.166400,37.586
4,0,phase:Missile,Drones,25200,100800,395.816700,15.707
4,0,phase:Missile,Sensors,25200,25200,22.772500,0.904
4,0,phase:Missile,Post,25200,100800,59.313700,2.354
4,0,phase:Sniping,Tick,3600,3600,837.179700,232.550
4,0,phase:Sniping,AI,3600,3600,213.916100,59.421
4,0,phase:Sniping,AICommand,3600,3600,1.398200,0.388
4,0,phase:Sniping,AIThink,3600,5760,14.131100,3.925
4,0,phase:Sniping,AIDrive,3600,86400,53.783800,14.940
4,0,phase:Sniping,AIEngage,3600,3600,141.186700,39.219
4,0,phase:Sniping,Gunnery,3600,3600,0.365300,0.101
4,0,phase:Sniping,ShipStep,3600,14400,175.194600,48.665
4,0,phase:Sniping,Collision,3600,14400,37.609700,10.447
4,0,phase:Sniping,Projectiles,3600,14400,117.460400,32.628
4,0,phase:Sniping,Missiles,3600,14400,74.338200,20.650
4,0,phase:Sniping,PointDefense,3600,14400,145.782900,40.495
4,0,phase:Sniping,Drones,3600,14400,56.538500,15.705
4,0,phase:Sniping,Sensors,3600,3600,3.457900,0.961
4,0,phase:Sniping,Post,3600,14400,9.626600,2.674
4,0,phase:Brawl,Tick,3760,3760,996.923400,265.139
4,0,phase:Brawl,AI,3760,3760,233.305800,62.049
4,0,phase:Brawl,AICommand,3760,3760,1.601800,0.426
4,0,phase:Brawl,AIThink,3760,5704,12.953900,3.445
4,0,phase:Brawl,AIDrive,3760,85492,57.143100,15.198
4,0,phase:Brawl,AIEngage,3760,3760,157.921500,42.000
4,0,phase:Brawl,Gunnery,3760,3760,0.365600,0.097
4,0,phase:Brawl,ShipStep,3760,15040,170.124500,45.246
4,0,phase:Brawl,Collision,3760,15040,39.279200,10.447
4,0,phase:Brawl,Projectiles,3760,15040,330.869600,87.997
4,0,phase:Brawl,Missiles,3760,15040,44.077000,11.723
4,0,phase:Brawl,PointDefense,3760,15040,131.823000,35.059
4,0,phase:Brawl,Drones,3760,15040,30.457200,8.100
4,0,phase:Brawl,Sensors,3760,3760,3.613400,0.961
4,0,phase:Brawl,Post,3760,15040,10.691500,2.843
4,0,time:0-300,Tick,18000,18000,2093.522400,116.307
4,0,time:0-300,AI,18000,18000,381.330900,21.185
4,0,time:0-300,AICommand,18000,18000,5.529700,0.307
4,0,time:0-300,AIThink,18000,28796,20.658600,1.148
4,0,time:0-300,AIDrive,18000,432000,211.739800,11.763
4,0,time:0-300,AIEngage,18000,18000,127.848600,7.103
4,0,time:0-300,Gunnery,18000,18000,1.485700,0.083
4,0,time:0-300,ShipStep,18000,72000,756.280900,42.016
4,0,time:0-300,Collision,18000,72000,220.643400,12.258
4,0,time:0-300,Projectiles,18000,72000,2.064600,0.115
4,0,time:0-300,Missiles,18000,72000,135.693800,7.539
4,0,time:0-300,PointDefense,18000,72000,393.583600,21.866
4,0,time:0-300,Drones,18000,72000,137.445800,7.636
4,0,time:0-300,Sensors,18000,18000,15.257500,0.848
4,0,time:0-300,Post,18000,72000,38.684300,2.149
4,0,time:300-540,Tick,14400,14400,2960.426700,205.585
4,0,time:300-540,AI,14400,14400,673.354800,46.761
4,0,time:300-540,AICommand,14400,14400,5.799200,0.403
4,0,time:300-540,AIThink,14400,23040,49.764800,3.456
4,0,time:300-540,AIDrive,14400,345600,209.815900,14.571
4,0,time:300-540,AIEngage,14400,14400,394.658000,27.407
4,0,time:300-540,Gunnery,14400,14400,1.287900,0.089
4,0,time:300-540,ShipStep,14400,57600,718.805100,49.917
4,0,time:300-540,Collision,14400,57600,150.527900,10.453
4,0,time:300-540,Projectiles,14400,57600,1.784200,0.124
4,0,time:300-540,Missiles,14400,57600,381.718500,26.508
4,0,time:300-540,PointDefense,14400,57600,680.371200,47.248
4,0,time:300-540,Drones,14400,57600,294.861600,20.476
4,0,time:300-540,Sensors,14400,14400,13.517000,0.939
4,0,time:300-540,Post,14400,57600,35.771700,2.484
4,0,time:540+,Tick,7360,7360,1834.103100,249.199
4,0,time:540+,AI,7360,7360,447.221900,60.764
4,0,time:540+,AICommand,7360,7360,3.000000,0.408
4,0,time:540+,AIThink,7360,11464,27.085000,3.680
4,0,time:540+,AIDrive,7360,171892,110.926900,15.072
4,0,time:540+,AIEngage,7360,7360,299.108200,40.640
4,0,time:540+,Gunnery,7360,7360,0.730900,0.099
4,0,time:540+,ShipStep,7360,29440,345.319100,46.918
4,0,time:540+,Collision,7360,29440,76.888900,10.447
4,0,time:540+,Projectiles,7360,29440,448.330000,60.914
4,0,time:540+,Missiles,7360,29440,118.415200,16.089
4,0,time:540+,PointDefense,7360,29440,277.605900,37.718
4,0,time:540+,Drones,7360,29440,86.995700,11.820
4,0,time:540+,Sensors,7360,7360,7.071300,0.961
4,0,time:540+,Post,7360,29440,20.318100,2.761
4,1,All,Tick,41825,41825,7478.955500,178.815
4,1,All,AI,41825,41825,1723.346300,41.204
4,1,All,AICommand,41825,41825,14.865100,0.355
4,1,All,AIThink,41825,66079,115.626500,2.765
4,1,All,AIDrive,41825,991161,587.942400,14.057
4,1,All,AIEngage,41825,41825,966.502400,23.108
4,1,All,Gunnery,41825,41825,3.653700,0.087
4,1,All,ShipStep,41825,167300,1999.684100,47.811
4,1,All,Collision,41825,167300,568.354300,13.589
4,1,All,Projectiles,41825,167300,311.576700,7.450
4,1,All,Missiles,41825,167300,675.249400,16.145
4,1,All,PointDefense,41825,167300,1464.498300,35.015
4,1,All,Drones,41825,167300,562.149400,13.441
4,1,All,Sensors,41825,41825,40.037300,0.957
4,1,All,Post,41825,167300,105.038400,2.511
4,1,phase:Approach,Tick,7200,7200,841.874300,116.927
4,1,phase:Approach,AI,7200,7200,111.546700,15.493
4,1,phase:Approach,AICommand,7200,7200,2.286900,0.318
4,1,phase:Approach,AIThink,7200,11520,7.752400,1.077
4,1,phase:Approach,AIDrive,7200,172800,81.568600,11.329
4,1,phase:Approach,AIEngage,7200,7200,13.672900,1.899
4,1,phase:Approach,Gunnery,7200,7200,0.606100,0.084
4,1,phase:Approach,ShipStep,7200,28800,295.780300,41.081
4,1,phase:Approach,Collision,7200,28800,213.520700,29.656
4,1,phase:Approach,Projectiles,7200,28800,0.867200,0.120
4,1,phase:Approach,Missiles,7200,28800,23.580500,3.275
4,1,phase:Approach,PointDefense,7200,28800,131.998100,18.333
4,1,phase:Approach,Drones,7200,28800,37.867200,5.259
4,1,phase:Approach,Sensors,7200,7200,6.359200,0.883
4,1,phase:Approach,Post,7200,28800,15.501900,2.153
4,1,phase:Missile,Tick,19800,19800,3345.044400,168.942
4,1,phase:Missile,AI,19800,19800,740.397800,37.394
4,1,phase:Missile,AICommand,19800,19800,6.772300,0.342
4,1,phase:Missile,AIThink,19800,31676,44.837800,2.265
4,1,phase:Missile,AIDrive,19800,475200,277.211200,14.001
4,1,phase:Missile,AIEngage,19800,19800,393.819700,19.890
4,1,phase:Missile,Gunnery,19800,19800,1.618600,0.082
4,1,phase:Missile,ShipStep,19800,79200,970.191500,49.000
4,1,phase:Missile,Collision,19800,79200,197.706200,9.985
4,1,phase:Missile,Projectiles,19800,79200,2.464000,0.124
4,1,phase:Missile,Missiles,19800,79200,350.972500,17.726
4,1,phase:Missile,PointDefense,19800,79200,717.169200,36.221
4,1,phase:Missile,Drones,19800,79200,285.911800,14.440
4,1,phase:Missile,Sensors,19800,19800,18.181600,0.918
4,1,phase:Missile,Post,19800,79200,48.618600,2.455
4,1,phase:Sniping,Tick,10800,10800,2256.147700,208.903
4,1,phase:Sniping,AI,10800,10800,578.390300,53.555
4,1,phase:Sniping,AICommand,10800,10800,4.255200,0.394
4,1,phase:Sniping,AIThink,10800,17201,46.956700,4.348
4,1,phase:Sniping,AIDrive,10800,258015,165.828700,15.355
4,1,phase:Sniping,AIEngage,10800,10800,350.900200,32.491
4,1,phase:Sniping,Gunnery,10800,10800,0.994000,0.092
4,1,phase:Sniping,ShipStep,10800,43200,542.362900,50.219
4,1,phase:Sniping,Collision,10800,43200,112.066500,10.377
4,1,phase:Sniping,Projectiles,10800,43200,36.202600,3.352
4,1,phase:Sniping,Missiles,10800,43200,262.051000,24.264
4,1,phase:Sniping,PointDefense,10800,43200,459.913700,42.585
4,1,phase:Sniping,Drones,10800,43200,217.907100,20.177
4,1,phase:Sniping,Sensors,10800,10800,11.193400,1.036
4,1,phase:Sniping,Post,10800,43200,28.415500,2.631
4,1,phase:Brawl,Tick,4025,4025,1035.889100,257.364
4,1,phase:Brawl,AI,4025,4025,293.011500,72.798
4,1,phase:Brawl,AICommand,4025,4025,1.550700,0.385
4,1,phase:Brawl,AIThink,4025,5682,16.079600,3.995
4,1,phase:Brawl,AIDrive,4025,85146,63.333900,15.735
4,1,phase:Brawl,AIEngage,4025,4025,208.109600,51.704
4,1,phase:Brawl,Gunnery,4025,4025,0.435000,0.108
4,1,phase:Brawl,ShipStep,4025,16100,191.349400,47.540
4,1,phase:Brawl,Collision,4025,16100,45.060900,11.195
4,1,phase:Brawl,Projectiles,4025,16100,272.042900,67.588
4,1,phase:Brawl,Missiles,4025,16100,38.645400,9.601
4,1,phase:Brawl,PointDefense,4025,16100,155.417300,38.613
4,1,phase:Brawl,Drones,4025,16100,20.463300,5.084
4,1,phase:Brawl,Sensors,4025,4025,4.303100,1.069
4,1,phase:Brawl,Post,4025,16100,12.502400,3.106
4,1,time:0-300,Tick,18000,18000,2338.002800,129.889
4,1,time:0-300,AI,18000,18000,462.810400,25.712
4,1,time:0-300,AICommand,18000,18000,5.883400,0.327
4,1,time:0-300,AIThink,18000,28796,22.855400,1.270
4,1,time:0-300,AIDrive,18000,432000,230.109200,12.784
4,1,time:0-300,AIEngage,18000,18000,188.021900,10.446
4,1,time:0-300,Gunnery,18000,18000,1.458200,0.081
4,1,time:0-300,ShipStep,18000,72000,834.066000,46.337
4,1,time:0-300,Collision,18000,72000,322.233700,17.902
4,1,time:0-300,Projectiles,18000,72000,2.239600,0.124
4,1,time:0-300,Missiles,18000,72000,122.027300,6.779
4,1,time:0-300,PointDefense,18000,72000,395.786700,21.988
4,1,time:0-300,Drones,18000,72000,129.596600,7.200
4,1,time:0-300,Sensors,18000,18000,16.133300,0.896
4,1,time:0-300,Post,18000,72000,40.948100,2.275
4,1,time:300-540,Tick,14400,14400,3186.314900,221.272
4,1,time:300-540,AI,14400,14400,697.109500,48.410
4,1,time:300-540,AICommand,14400,14400,5.124800,0.356
4,1,time:300-540,AIThink,14400,23040,56.470900,3.922
4,1,time:300-540,AIDrive,14400,345600,210.716300,14.633
4,1,time:300-540,AIEngage,14400,14400,411.675100,28.589
4,1,time:300-540,Gunnery,14400,14400,1.251200,0.087
4,1,time:300-540,ShipStep,14400,57600,706.878800,49.089
4,1,time:300-540,Collision,14400,57600,143.790900,9.985
4,1,time:300-540,Projectiles,14400,57600,13.784400,0.957
4,1,time:300-540,Missiles,14400,57600,457.117700,31.744
4,1,time:300-540,PointDefense,14400,57600,754.359100,52.386
4,1,time:300-540,Drones,14400,57600,352.107200,24.452
4,1,time:300-540,Sensors,14400,14400,13.789300,0.958
4,1,time:300-540,Post,14400,57600,37.516700,2.605
4,1,time:540+,Tick,9425,9425,1954.637800,207.389
4,1,time:540+,AI,9425,9425,563.426400,59.780
4,1,time:540+,AICommand,9425,9425,3.856900,0.409
4,1,time:540+,AIThink,9425,14243,36.300200,3.851
4,1,time:540+,AIDrive,9425,213561,147.116900,15.609
4,1,time:540+,AIEngage,9425,9425,366.805400,38.918
4,1,time:540+,Gunnery,9425,9425,0.944300,0.100
4,1,time:540+,ShipStep,9425,37700,458.739300,48.673
4,1,time:540+,Collision,9425,37700,102.329700,10.857
4,1,time:540+,Projectiles,9425,37700,295.552700,31.358
4,1,time:540+,Missiles,9425,37700,96.104400,10.197
4,1,time:540+,PointDefense,9425,37700,314.352500,33.353
4,1,time:540+,Drones,9425,37700,80.445600,8.535
4,1,time:540+,Sensors,9425,9425,10.114700,1.073
4,1,time:540+,Post,9425,37700,26.573600,2.819
5,0,All,Tick,40987,40987,7389.061600,180.278
5,0,All,AI,40987,40987,1486.126700,36.258
5,0,All,AICommand,40987,40987,14.633800,0.357
5,0,All,AIThink,40987,62536,95.653100,2.334
5,0,All,AIDrive,40987,938059,543.939700,13.271
5,0,All,AIEngage,40987,40987,795.787800,19.416
5,0,All,Gunnery,40987,40987,3.487600,0.085
5,0,All,ShipStep,40987,163948,1858.928300,45.354
5,0,All,Collision,40987,163948,1224.035200,29.864
5,0,All,Projectiles,40987,163948,289.945000,7.074
5,0,All,Missiles,40987,163948,605.353000,14.769
5,0,All,PointDefense,40987,163948,1276.450700,31.143
5,0,All,Drones,40987,163948,478.051000,11.663
5,0,All,Sensors,40987,40987,37.395400,0.912
5,0,All,Post,40987,163948,105.161700,2.566
5,0,phase:Approach,Tick,5400,5400,644.468300,119.346
5,0,phase:Approach,AI,5400,5400,82.479900,15.274
5,0,phase:Approach,AICommand,5400,5400,1.879600,0.348
5,0,phase:Approach,AIThink,5400,8280,5.722900,1.060
5,0,phase:Approach,AIDrive,5400,124200,60.009300,11.113
5,0,phase:Approach,AIEngage,5400,5400,10.289100,1.905
5,0,phase:Approach,Gunnery,5400,5400,0.418500,0.078
5,0,phase:Approach,ShipStep,5400,21600,221.457300,41.011
5,0,phase:Approach,Collision,5400,21600,177.102400,32.797
5,0,phase:Approach,Projectiles,5400,21600,0.693200,0.128
5,0,phase:Approach,Missiles,5400,21600,17.717100,3.281
5,0,phase:Approach,PointDefense,5400,21600,96.397900,17.851
5,0,phase:Approach,Drones,5400,21600,27.912700,5.169
5,0,phase:Approach,Sensors,5400,5400,5.146700,0.953
5,0,phase:Approach,Post,5400,21600,12.025100,2.227
5,0,phase:Missile,Tick,23400,23400,3820.334800,163.262
5,0,phase:Missile,AI,23400,23400,825.608500,35.282
5,0,phase:Missile,AICommand,23400,23400,8.106400,0.346
5,0,phase:Missile,AIThink,23400,35877,52.436500,2.241
5,0,phase:Missile,AIDrive,23400,538200,311.454700,13.310
5,0,phase:Missile,AIEngage,23400,23400,433.081500,18.508
5,0,phase:Missile,Gunnery,23400,23400,1.941300,0.083
5,0,phase:Missile,ShipStep,23400,93600,1093.688600,46.739
5,0,phase:Missile,Collision,23400,93600,370.844000,15.848
5,0,phase:Missile,Projectiles,23400,93600,3.071600,0.131
5,0,phase:Missile,Missiles,23400,93600,387.149200,16.545
5,0,phase:Missile,PointDefense,23400,93600,729.605800,31.180
5,0,phase:Missile,Drones,23400,93600,313.922000,13.415
5,0,phase:Missile,Sensors,23400,23400,20.952700,0.895
5,0,phase:Missile,Post,23400,93600,59.876400,2.559
5,0,phase:Gunnery,Tick,3600,3600,628.527300,174.591
5,0,phase:Gunnery,AI,3600,3600,147.179300,40.883
5,0,phase:Gunnery,AICommand,3600,3600,1.442800,0.401
5,0,phase:Gunnery,AIThink,3600,5400,11.062000,3.073
5,0,phase:Gunnery,AIDrive,3600,81000,47.444900,13.179
5,0,phase:Gunnery,AIEngage,3600,3600,84.126300,23.368
5,0,phase:Gunnery,Gunnery,3600,3600,0.307200,0.085
5,0,phase:Gunnery,ShipStep,3600,14400,157.826500,43.841
5,0,phase:Gunnery,Collision,3600,14400,56.574400,15.715
5,0,phase:Gunnery,Projectiles,3600,14400,29.042400,8.067
5,0,phase:Gunnery,Missiles,3600,14400,56.664900,15.740
5,0,phase:Gunnery,PointDefense,3600,14400,123.648500,34.347
5,0,phase:Gunnery,Drones,3600,14400,43.121600,11.978
5,0,phase:Gunnery,Sensors,3600,3600,3.103900,0.862
5,0,phase:Gunnery,Post,3600,14400,8.985100,2.496
5,0,phase:Sniping,Tick,5400,5400,1402.304900,259.686
5,0,phase:Sniping,AI,5400,5400,202.469400,37.494
5,0,phase:Sniping,AICommand,5400,5400,2.035600,0.377
5,0,phase:Sniping,AIThink,5400,8321,14.887400,2.757
5,0,phase:Sniping,AIDrive,5400,124816,75.261000,13.937
5,0,phase:Sniping,AIEngage,5400,5400,105.466800,19.531
5,0,phase:Sniping,Gunnery,5400,5400,0.483000,0.089
5,0,phase:Sniping,ShipStep,5400,21600,246.081500,45.571
5,0,phase:Sniping,Collision,5400,21600,564.404200,104.519
5,0,phase:Sniping,Projectiles,5400,21600,23.691900,4.387
5,0,phase:Sniping,Missiles,5400,21600,91.201200,16.889
5,0,phase:Sniping,PointDefense,5400,21600,179.085700,33.164
5,0,phase:Sniping,Drones,5400,21600,72.610400,13.446
5,0,phase:Sniping,Sensors,5400,5400,5.022500,0.930
5,0,phase:Sniping,Post,5400,21600,14.066100,2.605
5,0,phase:Brawl,Tick,3187,3187,893.426300,280.335
5,0,phase:Brawl,AI,3187,3187,228.389600,71.663
5,0,phase:Brawl,AICommand,3187,3187,1.169400,0.367
5,0,phase:Brawl,AIThink,3187,4658,11.544300,3.622
5,0,phase:Brawl,AIDrive,3187,69843,49.769800,15.617
5,0,phase:Brawl,AIEngage,3187,3187,162.824100,51.090
5,0,phase:Brawl,Gunnery,3187,3187,0.337600,0.106
5,0,phase:Brawl,ShipStep,3187,12748,139.874400,43.889
5,0,phase:Brawl,Collision,3187,12748,55.110200,17.292
5,0,phase:Brawl,Projectiles,3187,12748,233.445900,73.249
5,0,phase:Brawl,Missiles,3187,12748,52.620600,16.511
5,0,phase:Brawl,PointDefense,3187,12748,147.712800,46.349
5,0,phase:Brawl,Drones,3187,12748,20.484300,6.427
5,0,phase:Brawl,Sensors,3187,3187,3.169600,0.995
5,0,phase:Brawl,Post,3187,12748,10.209000,3.203
5,0,time:0-300,Tick,18000,18000,2725.547100,151.419
5,0,time:0-300,AI,18000,18000,399.517400,22.195
5,0,time:0-300,AICommand,18000,18000,6.268700,0.348
5,0,time:0-300,AIThink,18000,27654,20.507800,1.139
5,0,time:0-300,AIDrive,18000,414858,217.215500,12.068
5,0,time:0-300,AIEngage,18000,18000,139.883500,7.771
5,0,time:0-300,Gunnery,18000,18000,1.411100,0.078
5,0,time:0-300,ShipStep,18000,72000,788.743500,43.819
5,0,time:0-300,Collision,18000,72000,851.767500,47.320
5,0,time:0-300,Projectiles,18000,72000,2.349400,0.131
5,0,time:0-300,Missiles,18000,72000,112.673800,6.260
5,0,time:0-300,PointDefense,18000,72000,374.470700,20.804
5,0,time:0-300,Drones,18000,72000,123.852300,6.881
5,0,time:0-300,Sensors,18000,18000,16.515700,0.918
5,0,time:0-300,Post,18000,72000,43.796500,2.433
5,0,time:300-540,Tick,14400,14400,2808.021600,195.001
5,0,time:300-540,AI,14400,14400,630.282700,43.770
5,0,time:300-540,AICommand,14400,14400,5.075000,0.352
5,0,time:300-540,AIThink,14400,22080,46.850400,3.254
5,0,time:300-540,AIDrive,14400,331200,202.869600,14.088
5,0,time:300-540,AIEngage,14400,14400,362.795800,25.194
5,0,time:300-540,Gunnery,14400,14400,1.267500,0.088
5,0,time:300-540,ShipStep,14400,57600,689.912200,47.911
5,0,time:300-540,Collision,14400,57600,232.330000,16.134
5,0,time:300-540,Projectiles,14400,57600,1.904700,0.132
5,0,time:300-540,Missiles,14400,57600,356.505200,24.757
5,0,time:300-540,PointDefense,14400,57600,568.357700,39.469
5,0,time:300-540,Drones,14400,57600,268.561300,18.650
5,0,time:300-540,Sensors,14400,14400,12.916400,0.897
5,0,time:300-540,Post,14400,57600,37.521800,2.606
5,0,time:540+,Tick,8587,8587,1855.492900,216.082
5,0,time:540+,AI,8587,8587,456.326600,53.142
5,0,time:540+,AICommand,8587,8587,3.290100,0.383
5,0,time:540+,AIThink,8587,12802,28.294900,3.295
5,0,time:540+,AIDrive,8587,192001,123.854600,14.424
5,0,time:540+,AIEngage,8587,8587,293.108500,34.134
5,0,time:540+,Gunnery,8587,8587,0.809000,0.094
5,0,time:540+,ShipStep,8587,34348,380.272600,44.285
5,0,time:540+,Collision,8587,34348,139.937700,16.296
5,0,time:540+,Projectiles,8587,34348,285.690900,33.270
5,0,time:540+,Missiles,8587,34348,136.174000,15.858
5,0,time:540+,PointDefense,8587,34348,333.622300,38.852
5,0,time:540+,Drones,8587,34348,85.637400,9.973
5,0,time:540+,Sensors,8587,8587,7.963300,0.927
5,0,time:540+,Post,8587,34348,23.843400,2.777
5,1,All,Tick,41573,41573,7269.975900,174.873
5,1,All,AI,41573,41573,1543.524200,37.128
5,1,All,AICommand,41573,41573,14.343000,0.345
5,1,All,AIThink,41573,65835,101.381300,2.439
5,1,All,AIDrive,41573,987573,544.924400,13.108
5,1,All,AIEngage,41573,41573,846.934700,20.372
5,1,All,Gunnery,41573,41573,3.317300,0.080
5,1,All,ShipStep,41573,166292,1854.017600,44.597
5,1,All,Collision,41573,166292,727.098300,17.490
5,1,All,Projectiles,41573,166292,336.539400,8.095
5,1,All,Missiles,41573,166292,719.983200,17.319
5,1,All,PointDefense,41573,166292,1365.827600,32.854
5,1,All,Drones,41573,166292,553.754600,13.320
5,1,All,Sensors,41573,41573,37.435900,0.900
5,1,All,Post,41573,166292,103.803000,2.497
5,1,phase:Approach,Tick,9000,9000,1084.005900,120.445
5,1,phase:Approach,AI,9000,9000,135.487200,15.054
5,1,phase:Approach,AICommand,9000,9000,2.753000,0.306
5,1,phase:Approach,AIThink,9000,14396,9.532300,1.059
5,1,phase:Approach,AIDrive,9000,216000,97.669700,10.852
5,1,phase:Approach,AIEngage,9000,9000,18.017200,2.002
5,1,phase:Approach,Gunnery,9000,9000,0.655700,0.073
5,1,phase:Approach,ShipStep,9000,36000,359.740200,39.971
5,1,phase:Approach,Collision,9000,36000,319.195100,35.466
5,1,phase:Approach,Projectiles,9000,36000,1.093500,0.121
5,1,phase:Approach,Missiles,9000,36000,28.891800,3.210
5,1,phase:Approach,PointDefense,9000,36000,159.748100,17.750
5,1,phase:Approach,Drones,9000,36000,46.460700,5.162
5,1,phase:Approach,Sensors,9000,9000,8.029300,0.892
5,1,phase:Approach,Post,9000,36000,19.536700,2.171
5,1,phase:Missile,Tick,23400,23400,4041.479700,172.713
5,1,phase:Missile,AI,23400,23400,853.514600,36.475
5,1,phase:Missile,AICommand,23400,23400,8.075400,0.345
5,1,phase:Missile,AIThink,23400,37440,58.168600,2.486
5,1,phase:Missile,AIDrive,23400,561600,315.411100,13.479
5,1,phase:Missile,AIEngage,23400,23400,451.669600,19.302
5,1,phase:Missile,Gunnery,23400,23400,1.866000,0.080
5,1,phase:Missile,ShipStep,23400,93600,1071.385500,45.786
5,1,phase:Missile,Collision,23400,93600,317.767400,13.580
5,1,phase:Missile,Projectiles,23400,93600,2.843000,0.121
5,1,phase:Missile,Missiles,23400,93600,477.148800,20.391
5,1,phase:Missile,PointDefense,23400,93600,858.902600,36.705
5,1,phase:Missile,Drones,23400,93600,365.622600,15.625
5,1,phase:Missile,Sensors,23400,23400,20.848500,0.891
5,1,phase:Missile,Post,23400,93600,57.776600,2.469
5,1,phase:Gunnery,Tick,1800,1800,433.510100,240.839
5,1,phase:Gunnery,AI,1800,1800,96.855100,53.808
5,1,phase:Gunnery,AICommand,1800,1800,0.718200,0.399
5,1,phase:Gunnery,AIThink,1800,2880,6.288000,3.493
5,1,phase:Gunnery,AIDrive,1800,43200,26.575300,14.764
5,1,phase:Gunnery,AIEngage,1800,1800,61.702000,34.279
5,1,phase:Gunnery,Gunnery,1800,1800,0.149200,0.083
5,1,phase:Gunnery,ShipStep,1800,7200,89.956900,49.976
5,1,phase:Gunnery,Collision,1800,7200,17.366300,9.648
5,1,phase:Gunnery,Projectiles,1800,7200,9.433500,5.241
5,1,phase:Gunnery,Missiles,1800,7200,74.844600,41.580
5,1,phase:Gunnery,PointDefense,1800,7200,90.814600,50.453
5,1,phase:Gunnery,Drones,1800,7200,46.324600,25.736
5,1,phase:Gunnery,Sensors,1800,1800,1.748300,0.971
5,1,phase:Gunnery,Post,1800,7200,4.950600,2.750
5,1,phase:Sniping,Tick,3773,3773,885.711500,234.750
5,1,phase:Sniping,AI,3773,3773,232.705400,61.676
5,1,phase:Sniping,AICommand,3773,3773,1.477800,0.392
5,1,phase:Sniping,AIThink,3773,5910,13.602400,3.605
5,1,phase:Sniping,AIDrive,3773,88638,54.154900,14.353
5,1,phase:Sniping,AIEngage,3773,3773,160.055500,42.421
5,1,phase:Sniping,Gunnery,3773,3773,0.329700,0.087
5,1,phase:Sniping,ShipStep,3773,15092,175.874900,46.614
5,1,phase:Sniping,Collision,3773,15092,36.895900,9.779
5,1,phase:Sniping,Projectiles,3773,15092,142.881500,37.869
5,1,phase:Sniping,Missiles,3773,15092,80.746800,21.401
5,1,phase:Sniping,PointDefense,3773,15092,135.109300,35.810
5,1,phase:Sniping,Drones,3773,15092,64.962700,17.218
5,1,phase:Sniping,Sensors,3773,3773,3.484400,0.924
5,1,phase:Sniping,Post,3773,15092,10.440300,2.767
5,1,phase:Brawl,Tick,3600,3600,825.268700,229.241
5,1,phase:Brawl,AI,3600,3600,224.961900,62.489
5,1,phase:Brawl,AICommand,3600,3600,1.318600,0.366
5,1,phase:Brawl,AIThink,3600,5209,13.790000,3.831
5,1,phase:Brawl,AIDrive,3600,78135,51.113400,14.198
5,1,phase:Brawl,AIEngage,3600,3600,155.490400,43.192
5,1,phase:Brawl,Gunnery,3600,3600,0.316700,0.088
5,1,phase:Brawl,ShipStep,3600,14400,157.060100,43.628
5,1,phase:Brawl,Collision,3600,14400,35.873600,9.965
5,1,phase:Brawl,Projectiles,3600,14400,180.287900,50.080
5,1,phase:Brawl,Missiles,3600,14400,58.351200,16.209
5,1,phase:Brawl,PointDefense,3600,14400,121.253000,33.681
5,1,phase:Brawl,Drones,3600,14400,30.384000,8.440
5,1,phase:Brawl,Sensors,3600,3600,3.325400,0.924
5,1,phase:Brawl,Post,3600,14400,11.098800,3.083
5,1,time:0-300,Tick,18000,18000,2188.372900,121.576
5,1,time:0-300,AI,18000,18000,355.547500,19.753
5,1,time:0-300,AICommand,18000,18000,5.887500,0.327
5,1,time:0-300,AIThink,18000,28796,21.474700,1.193
5,1,time:0-300,AIDrive,18000,432000,211.012500,11.723
5,1,time:0-300,AIEngage,18000,18000,101.991300,5.666
5,1,time:0-300,Gunnery,18000,18000,1.342500,0.075
5,1,time:0-300,ShipStep,18000,72000,750.367400,41.687
5,1,time:0-300,Collision,18000,72000,407.293500,22.627
5,1,time:0-300,Projectiles,18000,72000,2.168500,0.120
5,1,time:0-300,Missiles,18000,72000,108.279000,6.016
5,1,time:0-300,PointDefense,18000,72000,373.780300,20.766
5,1,time:0-300,Drones,18000,72000,122.948000,6.830
5,1,time:0-300,Sensors,18000,18000,15.831400,0.880
5,1,time:0-300,Post,18000,72000,40.312600,2.240
5,1,time:300-540,Tick,14400,14400,2937.112700,203.966
5,1,time:300-540,AI,14400,14400,633.454300,43.990
5,1,time:300-540,AICommand,14400,14400,4.940900,0.343
5,1,time:300-540,AIThink,14400,23040,46.226200,3.210
5,1,time:300-540,AIDrive,14400,345600,202.068300,14.033
5,1,time:300-540,AIEngage,14400,14400,367.695500,25.534
5,1,time:300-540,Gunnery,14400,14400,1.179200,0.082
5,1,time:300-540,ShipStep,14400,57600,680.758300,47.275
5,1,time:300-540,Collision,14400,57600,229.669000,15.949
5,1,time:300-540,Projectiles,14400,57600,1.768000,0.123
5,1,time:300-540,Missiles,14400,57600,397.761600,27.622
5,1,time:300-540,PointDefense,14400,57600,644.870400,44.783
5,1,time:300-540,Drones,14400,57600,289.135300,20.079
5,1,time:300-540,Sensors,14400,14400,13.046400,0.906
5,1,time:300-540,Post,14400,57600,37.000700,2.569
5,1,time:540+,Tick,9173,9173,2144.490300,233.783
5,1,time:540+,AI,9173,9173,554.522400,60.452
5,1,time:540+,AICommand,9173,9173,3.514600,0.383
5,1,time:540+,AIThink,9173,13999,33.680400,3.672
5,1,time:540+,AIDrive,9173,209973,131.843600,14.373
5,1,time:540+,AIEngage,9173,9173,377.247900,41.126
5,1,time:540+,Gunnery,9173,9173,0.795600,0.087
5,1,time:540+,ShipStep,9173,36692,422.891900,46.102
5,1,time:540+,Collision,9173,36692,90.135800,9.826
5,1,time:540+,Projectiles,9173,36692,332.602900,36.259
5,1,time:540+,Missiles,9173,36692,213.942600,23.323
5,1,time:540+,PointDefense,9173,36692,347.176900,37.848
5,1,time:540+,Drones,9173,36692,141.671300,15.444
5,1,time:540+,Sensors,9173,9173,8.558100,0.933
5,1,time:540+,Post,9173,36692,26.489700,2.888
6,0,All,Tick,40779,40779,7265.205800,178.160
6,0,All,AI,40779,40779,1406.271300,34.485
6,0,All,AICommand,40779,40779,14.833500,0.364
6,0,All,AIThink,40779,64493,96.201800,2.359
6,0,All,AIDrive,40779,967347,519.938500,12.750
6,0,All,AIEngage,40779,40779,740.159800,18.151
6,0,All,Gunnery,40779,40779,3.274000,0.080
6,0,All,ShipStep,40779,163116,1809.334800,44.369
6,0,All,Collision,40779,163116,891.118000,21.852
6,0,All,Projectiles,40779,163116,343.486500,8.423
6,0,All,Missiles,40779,163116,709.336100,17.395
6,0,All,PointDefense,40779,163116,1384.316100,33.947
6,0,All,Drones,40779,163116,548.662400,13.455
6,0,All,Sensors,40779,40779,37.752100,0.926
6,0,All,Post,40779,163116,107.646500,2.640
6,0,phase:Approach,Tick,10800,10800,1527.361900,141.422
6,0,phase:Approach,AI,10800,10800,166.975300,15.461
6,0,phase:Approach,AICommand,10800,10800,3.946300,0.365
6,0,phase:Approach,AIThink,10800,17276,11.436100,1.059
6,0,phase:Approach,AIDrive,10800,259200,120.353300,11.144
6,0,phase:Approach,AIEngage,10800,10800,22.136600,2.050
6,0,phase:Approach,Gunnery,10800,10800,0.847500,0.078
6,0,phase:Approach,ShipStep,10800,43200,443.843400,41.097
6,0,phase:Approach,Collision,10800,43200,580.568400,53.756
6,0,phase:Approach,Projectiles,10800,43200,1.353900,0.125
6,0,phase:Approach,Missiles,10800,43200,35.424000,3.280
6,0,phase:Approach,PointDefense,10800,43200,198.688700,18.397
6,0,phase:Approach,Drones,10800,43200,57.703000,5.343
6,0,phase:Approach,Sensors,10800,10800,9.711400,0.899
6,0,phase:Approach,Post,10800,43200,25.943400,2.402
6,0,phase:Missile,Tick,19800,19800,3394.916700,171.460
6,0,phase:Missile,AI,19800,19800,693.395700,35.020
6,0,phase:Missile,AICommand,19800,19800,6.947100,0.351
6,0,phase:Missile,AIThink,19800,31680,51.948400,2.624
6,0,phase:Missile,AIDrive,19800,475200,268.718600,13.572
6,0,phase:Missile,AIEngage,19800,19800,348.341000,17.593
6,0,phase:Missile,Gunnery,19800,19800,1.605000,0.081
6,0,phase:Missile,ShipStep,19800,79200,912.153200,46.068
6,0,phase:Missile,Collision,19800,79200,204.859600,10.346
6,0,phase:Missile,Projectiles,19800,79200,2.699800,0.136
6,0,phase:Missile,Missiles,19800,79200,410.663500,20.741
6,0,phase:Missile,PointDefense,19800,79200,761.810400,38.475
6,0,phase:Missile,Drones,19800,79200,324.917000,16.410
6,0,phase:Missile,Sensors,19800,19800,18.480800,0.933
6,0,phase:Missile,Post,19800,79200,52.570600,2.655
6,0,phase:Gunnery,Tick,5400,5400,1257.557900,232.881
6,0,phase:Gunnery,AI,5400,5400,278.322200,51.541
6,0,phase:Gunnery,AICommand,5400,5400,2.169500,0.402
6,0,phase:Gunnery,AIThink,5400,8280,17.774000,3.291
6,0,phase:Gunnery,AIDrive,5400,124200,69.144300,12.804
6,0,phase:Gunnery,AIEngage,5400,5400,184.663200,34.197
6,0,phase:Gunnery,Gunnery,5400,5400,0.420500,0.078
6,0,phase:Gunnery,ShipStep,5400,21600,240.970200,44.624
6,0,phase:Gunnery,Collision,5400,21600,55.973400,10.365
6,0,phase:Gunnery,Projectiles,5400,21600,170.681600,31.608
6,0,phase:Gunnery,Missiles,5400,21600,153.304200,28.390
6,0,phase:Gunnery,PointDefense,5400,21600,238.383300,44.145
6,0,phase:Gunnery,Drones,5400,21600,95.893800,17.758
6,0,phase:Gunnery,Sensors,5400,5400,5.081300,0.941
6,0,phase:Gunnery,Post,5400,21600,15.388300,2.850
6,0,phase:Sniping,Tick,4779,4779,1085.369300,227.112
6,0,phase:Sniping,AI,4779,4779,267.578100,55.990
6,0,phase:Sniping,AICommand,4779,4779,1.770600,0.370
6,0,phase:Sniping,AIThink,4779,7257,15.043300,3.148
6,0,phase:Sniping,AIDrive,4779,108747,61.722300,12.915
6,0,phase:Sniping,AIEngage,4779,4779,185.019000,38.715
6,0,phase:Sniping,Gunnery,4779,4779,0.401000,0.084
6,0,phase:Sniping,ShipStep,4779,19116,212.368000,44.438
6,0,phase:Sniping,Collision,4779,19116,49.716600,10.403
6,0,phase:Sniping,Projectiles,4779,19116,168.751200,35.311
6,0,phase:Sniping,Missiles,4779,19116,109.944400,23.006
6,0,phase:Sniping,PointDefense,4779,19116,185.433700,38.802
6,0,phase:Sniping,Drones,4779,19116,70.148600,14.679
6,0,phase:Sniping,Sensors,4779,4779,4.478600,0.937
6,0,phase:Sniping,Post,4779,19116,13.744200,2.876
6,0,time:0-300,Tick,18000,18000,2477.707600,137.650
6,0,time:0-300,AI,18000,18000,370.247100,20.569
6,0,time:0-300,AICommand,18000,18000,6.340200,0.352
6,0,time:0-300,AIThink,18000,28796,20.420600,1.134
6,0,time:0-300,AIDrive,18000,432000,216.224500,12.012
6,0,time:0-300,AIEngage,18000,18000,112.115400,6.229
6,0,time:0-300,Gunnery,18000,18000,1.435200,0.080
6,0,time:0-300,ShipStep,18000,72000,776.183900,43.121
6,0,time:0-300,Collision,18000,72000,651.838700,36.213
6,0,time:0-300,Projectiles,18000,72000,2.283000,0.127
6,0,time:0-300,Missiles,18000,72000,104.131600,5.785
6,0,time:0-300,PointDefense,18000,72000,380.567500,21.143
6,0,time:0-300,Drones,18000,72000,120.522500,6.696
6,0,time:0-300,Sensors,18000,18000,16.221300,0.901
6,0,time:0-300,Post,18000,72000,43.698000,2.428
6,0,time:300-540,Tick,14400,14400,2941.563700,204.275
6,0,time:300-540,AI,14400,14400,590.878800,41.033
6,0,time:300-540,AICommand,14400,14400,5.200000,0.361
6,0,time:300-540,AIThink,14400,23040,51.209200,3.556
6,0,time:300-540,AIDrive,14400,345600,199.404000,13.847
6,0,time:300-540,AIEngage,14400,14400,322.081300,22.367
6,0,time:300-540,Gunnery,14400,14400,1.161100,0.081
6,0,time:300-540,ShipStep,14400,57600,671.349100,46.621
6,0,time:300-540,Collision,14400,57600,152.739500,10.607
6,0,time:300-540,Projectiles,14400,57600,2.673100,0.186
6,0,time:300-540,Missiles,14400,57600,431.022000,29.932
6,0,time:300-540,PointDefense,14400,57600,707.381300,49.124
6,0,time:300-540,Drones,14400,57600,321.924300,22.356
6,0,time:300-540,Sensors,14400,14400,13.762800,0.956
6,0,time:300-540,Post,14400,57600,40.112800,2.786
6,0,time:540+,Tick,8379,8379,1845.934500,220.305
6,0,time:540+,AI,8379,8379,445.145400,53.126
6,0,time:540+,AICommand,8379,8379,3.293300,0.393
6,0,time:540+,AIThink,8379,12657,24.572000,2.933
6,0,time:540+,AIDrive,8379,189747,104.310000,12.449
6,0,time:540+,AIEngage,8379,8379,305.963100,36.515
6,0,time:540+,Gunnery,8379,8379,0.677700,0.081
6,0,time:540+,ShipStep,8379,33516,361.801800,43.180
6,0,time:540+,Collision,8379,33516,86.539800,10.328
6,0,time:540+,Projectiles,8379,33516,338.530400,40.402
6,0,time:540+,Missiles,8379,33516,174.182500,20.788
6,0,time:540+,PointDefense,8379,33516,296.367300,35.370
6,0,time:540+,Drones,8379,33516,106.215600,12.676
6,0,time:540+,Sensors,8379,8379,7.768000,0.927
6,0,time:540+,Post,8379,33516,23.835700,2.845
6,1,All,Tick,42301,42301,7948.315600,187.899
6,1,All,AI,42301,42301,1646.697600,38.928
6,1,All,AICommand,42301,42301,14.920000,0.353
6,1,All,AIThink,42301,66731,110.318000,2.608
6,1,All,AIDrive,42301,1000952,572.994400,13.546
6,1,All,AIEngage,42301,42301,909.878100,21.510
6,1,All,Gunnery,42301,42301,3.601400,0.085
6,1,All,ShipStep,42301,169204,1928.631000,45.593
6,1,All,Collision,42301,169204,956.604700,22.614
6,1,All,Projectiles,42301,169204,403.631400,9.542
6,1,All,Missiles,42301,169204,748.187900,17.687
6,1,All,PointDefense,42301,169204,1506.733400,35.619
6,1,All,Drones,42301,169204,580.665600,13.727
6,1,All,Sensors,42301,42301,38.832700,0.918
6,1,All,Post,42301,169204,109.136900,2.580
6,1,phase:Approach,Tick,10800,10800,1624.684500,150.434
6,1,phase:Approach,AI,10800,10800,182.224500,16.873
6,1,phase:Approach,AICommand,10800,10800,3.272900,0.303
6,1,phase:Approach,AIThink,10800,17276,11.693100,1.083
6,1,phase:Approach,AIDrive,10800,259200,120.775200,11.183
6,1,phase:Approach,AIEngage,10800,10800,37.178200,3.442
6,1,phase:Approach,Gunnery,10800,10800,0.855400,0.079
6,1,phase:Approach,ShipStep,10800,43200,444.349200,41.143
6,1,phase:Approach,Collision,10800,43200,634.219800,58.724
6,1,phase:Approach,Projectiles,10800,43200,1.261600,0.117
6,1,phase:Approach,Missiles,10800,43200,50.641600,4.689
6,1,phase:Approach,PointDefense,10800,43200,207.886400,19.249
6,1,phase:Approach,Drones,10800,43200,62.310100,5.769
6,1,phase:Approach,Sensors,10800,10800,9.347900,0.866
6,1,phase:Approach,Post,10800,43200,24.995800,2.314
6,1,phase:Missile,Tick,18000,18000,3071.772800,170.654
6,1,phase:Missile,AI,18000,18000,664.716000,36.929
6,1,phase:Missile,AICommand,18000,18000,6.379100,0.354
6,1,phase:Missile,AIThink,18000,28800,43.736000,2.430
6,1,phase:Missile,AIDrive,18000,432000,253.484000,14.082
6,1,phase:Missile,AIEngage,18000,18000,344.498000,19.139
6,1,phase:Missile,Gunnery,18000,18000,1.530700,0.085
6,1,phase:Missile,ShipStep,18000,72000,857.188900,47.622
6,1,phase:Missile,Collision,18000,72000,182.642500,10.147
6,1,phase:Missile,Projectiles,18000,72000,2.273900,0.126
6,1,phase:Missile,Missiles,18000,72000,348.180700,19.343
6,1,phase:Missile,PointDefense,18000,72000,668.654400,37.147
6,1,phase:Missile,Drones,18000,72000,273.390100,15.188
6,1,phase:Missile,Sensors,18000,18000,16.592200,0.922
6,1,phase:Missile,Post,18000,72000,45.811500,2.545
6,1,phase:Gunnery,Tick,1800,1800,512.699500,284.833
6,1,phase:Gunnery,AI,1800,1800,100.394700,55.775
6,1,phase:Gunnery,AICommand,1800,1800,0.665800,0.370
6,1,phase:Gunnery,AIThink,1800,2880,6.482200,3.601
6,1,phase:Gunnery,AIDrive,1800,43200,28.658400,15.921
6,1,phase:Gunnery,AIEngage,1800,1800,62.870100,34.928
6,1,phase:Gunnery,Gunnery,1800,1800,0.159000,0.088
6,1,phase:Gunnery,ShipStep,1800,7200,92.372500,51.318
6,1,phase:Gunnery,Collision,1800,7200,18.089100,10.050
6,1,phase:Gunnery,Projectiles,1800,7200,0.620100,0.345
6,1,phase:Gunnery,Missiles,1800,7200,90.545200,50.303
6,1,phase:Gunnery,PointDefense,1800,7200,147.218500,81.788
6,1,phase:Gunnery,Drones,1800,7200,55.380900,30.767
6,1,phase:Gunnery,Sensors,1800,1800,1.709000,0.949
6,1,phase:Gunnery,Post,1800,7200,5.089100,2.827
6,1,phase:Sniping,Tick,7200,7200,1802.802600,250.389
6,1,phase:Sniping,AI,7200,7200,440.301600,61.153
6,1,phase:Sniping,AICommand,7200,7200,3.008200,0.418
6,1,phase:Sniping,AIThink,7200,11275,29.284600,4.067
6,1,phase:Sniping,AIDrive,7200,169120,104.284000,14.484
6,1,phase:Sniping,AIEngage,7200,7200,297.025400,41.254
6,1,phase:Sniping,Gunnery,7200,7200,0.612700,0.085
6,1,phase:Sniping,ShipStep,7200,28800,340.822600,47.336
6,1,phase:Sniping,Collision,7200,28800,74.201100,10.306
6,1,phase:Sniping,Projectiles,7200,28800,177.537100,24.658
6,1,phase:Sniping,Missiles,7200,28800,212.728500,29.546
6,1,phase:Sniping,PointDefense,7200,28800,362.458700,50.341
6,1,phase:Sniping,Drones,7200,28800,163.103000,22.653
6,1,phase:Sniping,Sensors,7200,7200,6.851600,0.952
6,1,phase:Sniping,Post,7200,28800,19.902000,2.764
6,1,phase:Brawl,Tick,4501,4501,936.356200,208.033
6,1,phase:Brawl,AI,4501,4501,259.060800,57.556
6,1,phase:Brawl,AICommand,4501,4501,1.594000,0.354
6,1,phase:Brawl,AIThink,4501,6500,19.122100,4.248
6,1,phase:Brawl,AIDrive,4501,97432,65.792800,14.617
6,1,phase:Brawl,AIEngage,4501,4501,168.306400,37.393
6,1,phase:Brawl,Gunnery,4501,4501,0.443600,0.099
6,1,phase:Brawl,ShipStep,4501,18004,193.897800,43.079
6,1,phase:Brawl,Collision,4501,18004,47.452200,10.543
6,1,phase:Brawl,Projectiles,4501,18004,221.938700,49.309
6,1,phase:Brawl,Missiles,4501,18004,46.091900,10.240
6,1,phase:Brawl,PointDefense,4501,18004,120.515400,26.775
6,1,phase:Brawl,Drones,4501,18004,26.481500,5.883
6,1,phase:Brawl,Sensors,4501,4501,4.332000,0.962
6,1,phase:Brawl,Post,4501,18004,13.338500,2.963
6,1,time:0-300,Tick,18000,18000,2563.016900,142.390
6,1,time:0-300,AI,18000,18000,369.636200,20.535
6,1,time:0-300,AICommand,18000,18000,5.715000,0.318
6,1,time:0-300,AIThink,18000,28796,21.153700,1.175
6,1,time:0-300,AIDrive,18000,432000,216.612200,12.034
6,1,time:0-300,AIEngage,18000,18000,110.244700,6.125
6,1,time:0-300,Gunnery,18000,18000,1.460400,0.081
6,1,time:0-300,ShipStep,18000,72000,770.966900,42.831
6,1,time:0-300,Collision,18000,72000,709.050800,39.392
6,1,time:0-300,Projectiles,18000,72000,2.176200,0.121
6,1,time:0-300,Missiles,18000,72000,122.345100,6.797
6,1,time:0-300,PointDefense,18000,72000,389.442100,21.636
6,1,time:0-300,Drones,18000,72000,128.738100,7.152
6,1,time:0-300,Sensors,18000,18000,15.899600,0.883
6,1,time:0-300,Post,18000,72000,42.387500,2.355
6,1,time:300-540,Tick,14400,14400,3124.031300,216.947
6,1,time:300-540,AI,14400,14400,671.422300,46.627
6,1,time:300-540,AICommand,14400,14400,5.225800,0.363
6,1,time:300-540,AIThink,14400,23040,48.100300,3.340
6,1,time:300-540,AIDrive,14400,345600,212.113000,14.730
6,1,time:300-540,AIEngage,14400,14400,392.561600,27.261
6,1,time:300-540,Gunnery,14400,14400,1.235900,0.086
6,1,time:300-540,ShipStep,14400,57600,711.081700,49.381
6,1,time:300-540,Collision,14400,57600,144.567000,10.039
6,1,time:300-540,Projectiles,14400,57600,2.182300,0.152
6,1,time:300-540,Missiles,14400,57600,448.857300,31.171
6,1,time:300-540,PointDefense,14400,57600,768.960900,53.400
6,1,time:300-540,Drones,14400,57600,315.157600,21.886
6,1,time:300-540,Sensors,14400,14400,13.512900,0.938
6,1,time:300-540,Post,14400,57600,38.385100,2.666
6,1,time:540+,Tick,9901,9901,2261.267400,228.388
6,1,time:540+,AI,9901,9901,605.639100,61.169
6,1,time:540+,AICommand,9901,9901,3.979200,0.402
6,1,time:540+,AIThink,9901,14895,41.064000,4.147
6,1,time:540+,AIDrive,9901,223352,144.269200,14.571
6,1,time:540+,AIEngage,9901,9901,407.071800,41.114
6,1,time:540+,Gunnery,9901,9901,0.905100,0.091
6,1,time:540+,ShipStep,9901,39604,446.582400,45.105
6,1,time:540+,Collision,9901,39604,102.986900,10.402
6,1,time:540+,Projectiles,9901,39604,399.272900,40.327
6,1,time:540+,Missiles,9901,39604,176.985500,17.876
6,1,time:540+,PointDefense,9901,39604,348.330400,35.181
6,1,time:540+,Drones,9901,39604,136.769900,13.814
6,1,time:540+,Sensors,9901,9901,9.420200,0.951
6,1,time:540+,Post,9901,39604,28.364300,2.865
7,0,All,Tick,41312,41312,7096.215000,171.771
7,0,All,AI,41312,41312,1611.289500,39.003
7,0,All,AICommand,41312,41312,14.843700,0.359
7,0,All,AIThink,41312,65386,106.011800,2.566
7,0,All,AIDrive,41312,980764,559.732700,13.549
7,0,All,AIEngage,41312,41312,894.083300,21.642
7,0,All,Gunnery,41312,41312,3.539800,0.086
7,0,All,ShipStep,41312,165248,1888.403600,45.711
7,0,All,Collision,41312,165248,419.084000,10.144
7,0,All,Projectiles,41312,165248,381.661900,9.239
7,0,All,Missiles,41312,165248,690.558300,16.716
7,0,All,PointDefense,41312,165248,1385.708500,33.543
7,0,All,Drones,41312,165248,555.399200,13.444
7,0,All,Sensors,41312,41312,38.007100,0.920
7,0,All,Post,41312,165248,97.816500,2.368
7,0,phase:Approach,Tick,7200,7200,724.161800,100.578
7,0,phase:Approach,AI,7200,7200,113.481700,15.761
7,0,phase:Approach,AICommand,7200,7200,2.293600,0.319
7,0,phase:Approach,AIThink,7200,11520,8.096600,1.125
7,0,phase:Approach,AIDrive,7200,172800,80.833900,11.227
7,0,phase:Approach,AIEngage,7200,7200,15.866200,2.204
7,0,phase:Approach,Gunnery,7200,7200,0.596800,0.083
7,0,phase:Approach,ShipStep,7200,28800,305.794900,42.472
7,0,phase:Approach,Collision,7200,28800,72.067700,10.009
7,0,phase:Approach,Projectiles,7200,28800,0.919000,0.128
7,0,phase:Approach,Missiles,7200,28800,26.107400,3.626
7,0,phase:Approach,PointDefense,7200,28800,137.695600,19.124
7,0,phase:Approach,Drones,7200,28800,40.026500,5.559
7,0,phase:Approach,Sensors,7200,7200,6.901100,0.958
7,0,phase:Approach,Post,7200,28800,16.261400,2.259
7,0,phase:Missile,Tick,23400,23400,4081.622100,174.428
7,0,phase:Missile,AI,23400,23400,908.561200,38.827
7,0,phase:Missile,AICommand,23400,23400,8.286000,0.354
7,0,phase:Missile,AIThink,23400,37436,60.189600,2.572
7,0,phase:Missile,AIDrive,23400,561600,322.062700,13.763
7,0,phase:Missile,AIEngage,23400,23400,497.490400,21.260
7,0,phase:Missile,Gunnery,23400,23400,1.977900,0.085
7,0,phase:Missile,ShipStep,23400,93600,1104.063800,47.182
7,0,phase:Missile,Collision,23400,93600,235.525100,10.065
7,0,phase:Missile,Projectiles,23400,93600,2.955300,0.126
7,0,phase:Missile,Missiles,23400,93600,469.706700,20.073
7,0,phase:Missile,PointDefense,23400,93600,895.571500,38.272
7,0,phase:Missile,Drones,23400,93600,373.937300,15.980
7,0,phase:Missile,Sensors,23400,23400,20.975800,0.896
7,0,phase:Missile,Post,23400,93600,54.396800,2.325
7,0,phase:Sniping,Tick,7200,7200,1496.818000,207.891
7,0,phase:Sniping,AI,7200,7200,389.446500,54.090
7,0,phase:Sniping,AICommand,7200,7200,3.003200,0.417
7,0,phase:Sniping,AIThink,7200,11425,24.732900,3.435
7,0,phase:Sniping,AIDrive,7200,171374,104.365900,14.495
7,0,phase:Sniping,AIEngage,7200,7200,250.895300,34.847
7,0,phase:Sniping,Gunnery,7200,7200,0.638400,0.089
7,0,phase:Sniping,ShipStep,7200,28800,332.242700,46.145
7,0,phase:Sniping,Collision,7200,28800,75.051700,10.424
7,0,phase:Sniping,Projectiles,7200,28800,132.129800,18.351
7,0,phase:Sniping,Missiles,7200,28800,154.445500,21.451
7,0,phase:Sniping,PointDefense,7200,28800,262.227300,36.420
7,0,phase:Sniping,Drones,7200,28800,121.853500,16.924
7,0,phase:Sniping,Sensors,7200,7200,6.758400,0.939
7,0,phase:Sniping,Post,7200,28800,17.744200,2.464
7,0,phase:Brawl,Tick,3512,3512,793.613100,225.972
7,0,phase:Brawl,AI,3512,3512,199.800100,56.891
7,0,phase:Brawl,AICommand,3512,3512,1.260900,0.359
7,0,phase:Brawl,AIThink,3512,5005,12.992700,3.700
7,0,phase:Brawl,AIDrive,3512,74990,52.470200,14.940
7,0,phase:Brawl,AIEngage,3512,3512,129.831400,36.968
7,0,phase:Brawl,Gunnery,3512,3512,0.326700,0.093
7,0,phase:Brawl,ShipStep,3512,14048,146.302200,41.658
7,0,phase:Brawl,Collision,3512,14048,36.439500,10.376
7,0,phase:Brawl,Projectiles,3512,14048,245.657800,69.948
7,0,phase:Brawl,Missiles,3512,14048,40.298700,11.475
7,0,phase:Brawl,PointDefense,3512,14048,90.214100,25.687
7,0,phase:Brawl,Drones,3512,14048,19.581900,5.576
7,0,phase:Brawl,Sensors,3512,3512,3.371800,0.960
7,0,phase:Brawl,Post,3512,14048,9.414100,2.681
7,0,time:0-300,Tick,18000,18000,2139.594000,118.866
7,0,time:0-300,AI,18000,18000,436.387700,24.244
7,0,time:0-300,AICommand,18000,18000,5.936800,0.330
7,0,time:0-300,AIThink,18000,28796,21.638100,1.202
7,0,time:0-300,AIDrive,18000,432000,224.889300,12.494
7,0,time:0-300,AIEngage,18000,18000,168.215900,9.345
7,0,time:0-300,Gunnery,18000,18000,1.507800,0.084
7,0,time:0-300,ShipStep,18000,72000,812.509400,45.139
7,0,time:0-300,Collision,18000,72000,177.174400,9.843
7,0,time:0-300,Projectiles,18000,72000,2.292800,0.127
7,0,time:0-300,Missiles,18000,72000,117.910100,6.551
7,0,time:0-300,PointDefense,18000,72000,395.997300,22.000
7,0,time:0-300,Drones,18000,72000,128.555500,7.142
7,0,time:0-300,Sensors,18000,18000,16.325700,0.907
7,0,time:0-300,Post,18000,72000,40.372500,2.243
7,0,time:300-540,Tick,14400,14400,3106.472900,215.727
7,0,time:300-540,AI,14400,14400,680.143500,47.232
7,0,time:300-540,AICommand,14400,14400,5.323100,0.370
7,0,time:300-540,AIThink,14400,23040,53.305100,3.702
7,0,time:300-540,AIDrive,14400,345600,203.108000,14.105
7,0,time:300-540,AIEngage,14400,14400,405.620300,28.168
7,0,time:300-540,Gunnery,14400,14400,1.219300,0.085
7,0,time:300-540,ShipStep,14400,57600,682.204200,47.375
7,0,time:300-540,Collision,14400,57600,149.367900,10.373
7,0,time:300-540,Projectiles,14400,57600,17.443500,1.211
7,0,time:300-540,Missiles,14400,57600,448.878800,31.172
7,0,time:300-540,PointDefense,14400,57600,739.493400,51.354
7,0,time:300-540,Drones,14400,57600,330.951800,22.983
7,0,time:300-540,Sensors,14400,14400,13.238800,0.919
7,0,time:300-540,Post,14400,57600,34.782000,2.415
7,0,time:540+,Tick,8912,8912,1850.148100,207.602
7,0,time:540+,AI,8912,8912,494.758300,55.516
7,0,time:540+,AICommand,8912,8912,3.583800,0.402
7,0,time:540+,AIThink,8912,13550,31.068600,3.486
7,0,time:540+,AIDrive,8912,203164,131.735400,14.782
7,0,time:540+,AIEngage,8912,8912,320.247100,35.934
7,0,time:540+,Gunnery,8912,8912,0.812700,0.091
7,0,time:540+,ShipStep,8912,35648,393.690000,44.175
7,0,time:540+,Collision,8912,35648,92.541700,10.384
7,0,time:540+,Projectiles,8912,35648,361.925600,40.611
7,0,time:540+,Missiles,8912,35648,123.769400,13.888
7,0,time:540+,PointDefense,8912,35648,250.217800,28.077
7,0,time:540+,Drones,8912,35648,95.891900,10.760
7,0,time:540+,Sensors,8912,8912,8.442600,0.947
7,0,time:540+,Post,8912,35648,22.662000,2.543
7,1,All,Tick,42142,42142,6715.622300,159.357
7,1,All,AI,42142,42142,1512.981400,35.902
7,1,All,AICommand,42142,42142,14.509300,0.344
7,1,All,AIThink,42142,65338,108.047600,2.564
7,1,All,AIDrive,42142,980069,540.854000,12.834
7,1,All,AIEngage,42142,42142,811.640900,19.260
7,1,All,Gunnery,42142,42142,3.308500,0.079
7,1,All,ShipStep,42142,168568,1843.452100,43.744
7,1,All,Collision,42142,168568,410.444800,9.740
7,1,All,Projectiles,42142,168568,277.200200,6.578
7,1,All,Missiles,42142,168568,657.885800,15.611
7,1,All,PointDefense,42142,168568,1329.813600,31.556
7,1,All,Drones,42142,168568,517.229800,12.273
7,1,All,Sensors,42142,42142,37.800700,0.897
7,1,All,Post,42142,168568,100.779500,2.391
7,1,phase:Approach,Tick,7200,7200,673.802400,93.584
7,1,phase:Approach,AI,7200,7200,108.332700,15.046
7,1,phase:Approach,AICommand,7200,7200,2.226300,0.309
7,1,phase:Approach,AIThink,7200,11520,7.022700,0.975
7,1,phase:Approach,AIDrive,7200,172800,78.069700,10.843
7,1,phase:Approach,AIEngage,7200,7200,14.790400,2.054
7,1,phase:Approach,Gunnery,7200,7200,0.518700,0.072
7,1,phase:Approach,ShipStep,7200,28800,283.329300,39.351
7,1,phase:Approach,Collision,7200,28800,68.743500,9.548
7,1,phase:Approach,Projectiles,7200,28800,0.886000,0.123
7,1,phase:Approach,Missiles,7200,28800,21.790800,3.026
7,1,phase:Approach,PointDefense,7200,28800,128.515100,17.849
7,1,phase:Approach,Drones,7200,28800,36.774600,5.108
7,1,phase:Approach,Sensors,7200,7200,6.004000,0.834
7,1,phase:Approach,Post,7200,28800,14.978800,2.080
7,1,phase:Missile,Tick,23400,23400,3815.125000,163.040
7,1,phase:Missile,AI,23400,23400,810.312700,34.629
7,1,phase:Missile,AICommand,23400,23400,8.158600,0.349
7,1,phase:Missile,AIThink,23400,37436,60.435000,2.583
7,1,phase:Missile,AIDrive,23400,561600,313.664200,13.404
7,1,phase:Missile,AIEngage,23400,23400,406.516800,17.373
7,1,phase:Missile,Gunnery,23400,23400,1.797500,0.077
7,1,phase:Missile,ShipStep,23400,93600,1055.088700,45.089
7,1,phase:Missile,Collision,23400,93600,224.580600,9.597
7,1,phase:Missile,Projectiles,23400,93600,2.770100,0.118
7,1,phase:Missile,Missiles,23400,93600,439.741700,18.792
7,1,phase:Missile,PointDefense,23400,93600,844.328300,36.082
7,1,phase:Missile,Drones,23400,93600,345.989200,14.786
7,1,phase:Missile,Sensors,23400,23400,21.060900,0.900
7,1,phase:Missile,Post,23400,93600,55.486500,2.371
7,1,phase:Sniping,Tick,9000,9000,1808.193500,200.910
7,1,phase:Sniping,AI,9000,9000,470.922000,52.325
7,1,phase:Sniping,AICommand,9000,9000,3.319100,0.369
7,1,phase:Sniping,AIThink,9000,13159,32.539100,3.615
7,1,phase:Sniping,AIDrive,9000,197371,116.488600,12.943
7,1,phase:Sniping,AIEngage,9000,9000,310.555800,34.506
7,1,phase:Sniping,Gunnery,9000,9000,0.799300,0.089
7,1,phase:Sniping,ShipStep,9000,36000,406.130000,45.126
7,1,phase:Sniping,Collision,9000,36000,87.162300,9.685
7,1,phase:Sniping,Projectiles,9000,36000,214.833400,23.870
7,1,phase:Sniping,Missiles,9000,36000,172.832400,19.204
7,1,phase:Sniping,PointDefense,9000,36000,295.060000,32.784
7,1,phase:Sniping,Drones,9000,36000,122.714000,13.635
7,1,phase:Sniping,Sensors,9000,9000,8.506000,0.945
7,1,phase:Sniping,Post,9000,36000,23.877200,2.653
7,1,phase:Brawl,Tick,2542,2542,418.501400,164.635
7,1,phase:Brawl,AI,2542,2542,123.414000,48.550
7,1,phase:Brawl,AICommand,2542,2542,0.805300,0.317
7,1,phase:Brawl,AIThink,2542,3223,8.050800,3.167
7,1,phase:Brawl,AIDrive,2542,48298,32.631500,12.837
7,1,phase:Brawl,AIEngage,2542,2542,79.777900,31.384
7,1,phase:Brawl,Gunnery,2542,2542,0.193000,0.076
7,1,phase:Brawl,ShipStep,2542,10168,98.904100,38.908
7,1,phase:Brawl,Collision,2542,10168,29.958400,11.785
7,1,phase:Brawl,Projectiles,2542,10168,58.710700,23.096
7,1,phase:Brawl,Missiles,2542,10168,23.520900,9.253
7,1,phase:Brawl,PointDefense,2542,10168,61.910200,24.355
7,1,phase:Brawl,Drones,2542,10168,11.752000,4.623
7,1,phase:Brawl,Sensors,2542,2542,2.229800,0.877
7,1,phase:Brawl,Post,2542,10168,6.437000,2.532
7,1,time:0-300,Tick,18000,18000,1967.503000,109.306
7,1,time:0-300,AI,18000,18000,356.761300,19.820
7,1,time:0-300,AICommand,18000,18000,5.566600,0.309
7,1,time:0-300,AIThink,18000,28796,23.517000,1.306
7,1,time:0-300,AIDrive,18000,432000,208.857000,11.603
7,1,time:0-300,AIEngage,18000,18000,103.235300,5.735
7,1,time:0-300,Gunnery,18000,18000,1.317500,0.073
7,1,time:0-300,ShipStep,18000,72000,733.318100,40.740
7,1,time:0-300,Collision,18000,72000,171.529200,9.529
7,1,time:0-300,Projectiles,18000,72000,2.071600,0.115
7,1,time:0-300,Missiles,18000,72000,119.233800,6.624
7,1,time:0-300,PointDefense,18000,72000,392.083400,21.782
7,1,time:0-300,Drones,18000,72000,127.854100,7.103
7,1,time:0-300,Sensors,18000,18000,15.114800,0.840
7,1,time:0-300,Post,18000,72000,38.091500,2.116
7,1,time:300-540,Tick,14400,14400,2913.263900,202.310
7,1,time:300-540,AI,14400,14400,641.818000,44.571
7,1,time:300-540,AICommand,14400,14400,5.481400,0.381
7,1,time:300-540,AIThink,14400,23040,50.465600,3.505
7,1,time:300-540,AIDrive,14400,345600,207.893600,14.437
7,1,time:300-540,AIEngage,14400,14400,364.116600,25.286
7,1,time:300-540,Gunnery,14400,14400,1.166200,0.081
7,1,time:300-540,ShipStep,14400,57600,690.211000,47.931
7,1,time:300-540,Collision,14400,57600,139.229700,9.669
7,1,time:300-540,Projectiles,14400,57600,1.806500,0.125
7,1,time:300-540,Missiles,14400,57600,409.528000,28.439
7,1,time:300-540,PointDefense,14400,57600,674.337700,46.829
7,1,time:300-540,Drones,14400,57600,295.647100,20.531
7,1,time:300-540,Sensors,14400,14400,13.750800,0.955
7,1,time:300-540,Post,14400,57600,36.873600,2.561
7,1,time:540+,Tick,9742,9742,1834.855400,188.345
7,1,time:540+,AI,9742,9742,514.402100,52.803
7,1,time:540+,AICommand,9742,9742,3.461300,0.355
7,1,time:540+,AIThink,9742,13502,34.065000,3.497
7,1,time:540+,AIDrive,9742,202469,124.103400,12.739
7,1,time:540+,AIEngage,9742,9742,344.289000,35.341
7,1,time:540+,Gunnery,9742,9742,0.824800,0.085
7,1,time:540+,ShipStep,9742,38968,419.923000,43.104
7,1,time:540+,Collision,9742,38968,99.685900,10.233
7,1,time:540+,Projectiles,9742,38968,273.322100,28.056
7,1,time:540+,Missiles,9742,38968,129.124000,13.254
7,1,time:540+,PointDefense,9742,38968,263.392500,27.037
7,1,time:540+,Drones,9742,38968,93.728600,9.621
7,1,time:540+,Sensors,9742,9742,8.935100,0.917
7,1,time:540+,Post,9742,38968,25.814400,2.650
8,0,All,Tick,49217,49217,8708.189100,176.935
8,0,All,AI,49217,49217,2036.655000,41.381
8,0,All,AICommand,49217,49217,17.161800,0.349
8,0,All,AIThink,49217,74999,129.933500,2.640
8,0,All,AIDrive,49217,1124977,669.187300,13.597
8,0,All,AIEngage,49217,49217,1175.032000,23.875
8,0,All,Gunnery,49217,49217,4.749000,0.096
8,0,All,ShipStep,49217,196868,2200.157500,44.703
8,0,All,Collision,49217,196868,617.290800,12.542
8,0,All,Projectiles,49217,196868,557.746900,11.332
8,0,All,Missiles,49217,196868,791.838600,16.089
8,0,All,PointDefense,49217,196868,1661.604700,33.761
8,0,All,Drones,49217,196868,636.210200,12.927
8,0,All,Sensors,49217,49217,46.707000,0.949
8,0,All,Post,49217,196868,126.167000,2.563
8,0,phase:Approach,Tick,7200,7200,791.216600,109.891
8,0,phase:Approach,AI,7200,7200,106.778700,14.830
8,0,phase:Approach,AICommand,7200,7200,2.033100,0.282
8,0,phase:Approach,AIThink,7200,11520,7.168700,0.996
8,0,phase:Approach,AIDrive,7200,172800,77.601300,10.778
8,0,phase:Approach,AIEngage,7200,7200,13.629400,1.893
8,0,phase:Approach,Gunnery,7200,7200,0.491200,0.068
8,0,phase:Approach,ShipStep,7200,28800,284.884500,39.567
8,0,phase:Approach,Collision,7200,28800,183.394200,25.471
8,0,phase:Approach,Projectiles,7200,28800,0.857200,0.119
8,0,phase:Approach,Missiles,7200,28800,21.708600,3.015
8,0,phase:Approach,PointDefense,7200,28800,129.720300,18.017
8,0,phase:Approach,Drones,7200,28800,37.478400,5.205
8,0,phase:Approach,Sensors,7200,7200,6.316700,0.877
8,0,phase:Approach,Post,7200,28800,15.540200,2.158
8,0,phase:Missile,Tick,25200,25200,4486.437900,178.033
8,0,phase:Missile,AI,25200,25200,976.186900,38.738
8,0,phase:Missile,AICommand,25200,25200,8.705600,0.345
8,0,phase:Missile,AIThink,25200,40316,66.997000,2.659
8,0,phase:Missile,AIDrive,25200,604800,354.423500,14.064
8,0,phase:Missile,AIEngage,25200,25200,522.709800,20.742
8,0,phase:Missile,Gunnery,25200,25200,2.724300,0.108
8,0,phase:Missile,ShipStep,25200,100800,1181.750000,46.895
8,0,phase:Missile,Collision,25200,100800,258.847200,10.272
8,0,phase:Missile,Projectiles,25200,100800,3.206100,0.127
8,0,phase:Missile,Missiles,25200,100800,534.774000,21.221
8,0,phase:Missile,PointDefense,25200,100800,995.323300,39.497
8,0,phase:Missile,Drones,25200,100800,432.737700,17.172
8,0,phase:Missile,Sensors,25200,25200,23.649600,0.938
8,0,phase:Missile,Post,25200,100800,62.339900,2.474
8,0,phase:Sniping,Tick,5400,5400,1161.698600,215.129
8,0,phase:Sniping,AI,5400,5400,292.936600,54.248
8,0,phase:Sniping,AICommand,5400,5400,2.152200,0.399
8,0,phase:Sniping,AIThink,5400,8640,18.204800,3.371
8,0,phase:Sniping,AIDrive,5400,129600,81.643300,15.119
8,0,phase:Sniping,AIEngage,5400,5400,185.785600,34.405
8,0,phase:Sniping,Gunnery,5400,5400,0.488700,0.091
8,0,phase:Sniping,ShipStep,5400,21600,255.371700,47.291
8,0,phase:Sniping,Collision,5400,21600,56.451300,10.454
8,0,phase:Sniping,Projectiles,5400,21600,120.297700,22.277
8,0,phase:Sniping,Missiles,5400,21600,118.805300,22.001
8,0,phase:Sniping,PointDefense,5400,21600,203.295000,37.647
8,0,phase:Sniping,Drones,5400,21600,91.011400,16.854
8,0,phase:Sniping,Sensors,5400,5400,5.478900,1.015
8,0,phase:Sniping,Post,5400,21600,14.328300,2.653
8,0,phase:Brawl,Tick,11417,11417,2268.836000,198.724
8,0,phase:Brawl,AI,11417,11417,660.752800,57.874
8,0,phase:Brawl,AICommand,11417,11417,4.270900,0.374
8,0,phase:Brawl,AIThink,11417,14523,37.563000,3.290
8,0,phase:Brawl,AIDrive,11417,217777,155.519200,13.622
8,0,phase:Brawl,AIEngage,11417,11417,452.907200,39.670
8,0,phase:Brawl,Gunnery,11417,11417,1.044800,0.092
8,0,phase:Brawl,ShipStep,11417,45668,478.151300,41.881
8,0,phase:Brawl,Collision,11417,45668,118.598100,10.388
8,0,phase:Brawl,Projectiles,11417,45668,433.385900,37.960
8,0,phase:Brawl,Missiles,11417,45668,116.550700,10.209
8,0,phase:Brawl,PointDefense,11417,45668,333.266100,29.190
8,0,phase:Brawl,Drones,11417,45668,74.982700,6.568
8,0,phase:Brawl,Sensors,11417,11417,11.261800,0.986
8,0,phase:Brawl,Post,11417,45668,33.958600,2.974
8,0,time:0-300,Tick,18000,18000,2247.444200,124.858
8,0,time:0-300,AI,18000,18000,411.045700,22.836
8,0,time:0-300,AICommand,18000,18000,5.598900,0.311
8,0,time:0-300,AIThink,18000,28796,21.438600,1.191
8,0,time:0-300,AIDrive,18000,432000,223.544600,12.419
8,0,time:0-300,AIEngage,18000,18000,144.282800,8.016
8,0,time:0-300,Gunnery,18000,18000,1.986700,0.110
8,0,time:0-300,ShipStep,18000,72000,772.926800,42.940
8,0,time:0-300,Collision,18000,72000,293.909600,16.328
8,0,time:0-300,Projectiles,18000,72000,2.186600,0.121
8,0,time:0-300,Missiles,18000,72000,139.807700,7.767
8,0,time:0-300,PointDefense,18000,72000,411.903600,22.884
8,0,time:0-300,Drones,18000,72000,146.658500,8.148
8,0,time:0-300,Sensors,18000,18000,16.494200,0.916
8,0,time:0-300,Post,18000,72000,40.179300,2.232
8,0,time:300-540,Tick,14400,14400,3030.210300,210.431
8,0,time:300-540,AI,14400,14400,671.919900,46.661
8,0,time:300-540,AICommand,14400,14400,5.139800,0.357
8,0,time:300-540,AIThink,14400,23040,52.727100,3.662
8,0,time:300-540,AIDrive,14400,345600,208.480200,14.478
8,0,time:300-540,AIEngage,14400,14400,392.056400,27.226
8,0,time:300-540,Gunnery,14400,14400,1.228800,0.085
8,0,time:300-540,ShipStep,14400,57600,693.707700,48.174
8,0,time:300-540,Collision,14400,57600,148.331800,10.301
8,0,time:300-540,Projectiles,14400,57600,1.876700,0.130
8,0,time:300-540,Missiles,14400,57600,416.674900,28.936
8,0,time:300-540,PointDefense,14400,57600,713.140000,49.524
8,0,time:300-540,Drones,14400,57600,323.557600,22.469
8,0,time:300-540,Sensors,14400,14400,13.472100,0.936
8,0,time:300-540,Post,14400,57600,37.700800,2.618
8,0,time:540+,Tick,16817,16817,3430.534600,203.992
8,0,time:540+,AI,16817,16817,953.689400,56.710
8,0,time:540+,AICommand,16817,16817,6.423100,0.382
8,0,time:540+,AIThink,16817,23163,55.767800,3.316
8,0,time:540+,AIDrive,16817,347377,237.162500,14.103
8,0,time:540+,AIEngage,16817,16817,638.692800,37.979
8,0,time:540+,Gunnery,16817,16817,1.533500,0.091
8,0,time:540+,ShipStep,16817,67268,733.523000,43.618
8,0,time:540+,Collision,16817,67268,175.049400,10.409
8,0,time:540+,Projectiles,16817,67268,553.683600,32.924
8,0,time:540+,Missiles,16817,67268,235.356000,13.995
8,0,time:540+,PointDefense,16817,67268,536.561100,31.906
8,0,time:540+,Drones,16817,67268,165.994100,9.871
8,0,time:540+,Sensors,16817,16817,16.740700,0.995
8,0,time:540+,Post,16817,67268,48.286900,2.871
8,1,All,Tick,61348,61348,11281.158000,183.888
8,1,All,AI,61348,61348,2599.899500,42.380
8,1,All,AICommand,61348,61348,23.017000,0.375
8,1,All,AIThink,61348,86763,154.047300,2.511
8,1,All,AIDrive,61348,1301462,830.446000,13.537
8,1,All,AIEngage,61348,61348,1538.235600,25.074
8,1,All,Gunnery,61348,61348,5.634800,0.092
8,1,All,ShipStep,61348,245392,2849.141700,46.442
8,1,All,Collision,61348,245392,1143.804100,18.645
8,1,All,Projectiles,61348,245392,665.299000,10.845
8,1,All,Missiles,61348,245392,758.739800,12.368
8,1,All,PointDefense,61348,245392,2289.688300,37.323
8,1,All,Drones,61348,245392,714.417300,11.645
8,1,All,Sensors,61348,61348,59.376900,0.968
8,1,All,Post,61348,245392,157.122200,2.561
8,1,phase:Approach,Tick,7200,7200,973.494500,135.208
8,1,phase:Approach,AI,7200,7200,112.854900,15.674
8,1,phase:Approach,AICommand,7200,7200,2.651700,0.368
8,1,phase:Approach,AIThink,7200,11520,8.714600,1.210
8,1,phase:Approach,AIDrive,7200,172800,80.709200,11.210
8,1,phase:Approach,AIEngage,7200,7200,14.502400,2.014
8,1,phase:Approach,Gunnery,7200,7200,0.581200,0.081
8,1,phase:Approach,ShipStep,7200,28800,300.237900,41.700
8,1,phase:Approach,Collision,7200,28800,333.007800,46.251
8,1,phase:Approach,Projectiles,7200,28800,0.900600,0.125
8,1,phase:Approach,Missiles,7200,28800,23.922900,3.323
8,1,phase:Approach,PointDefense,7200,28800,136.122000,18.906
8,1,phase:Approach,Drones,7200,28800,38.975100,5.413
8,1,phase:Approach,Sensors,7200,7200,6.829700,0.949
8,1,phase:Approach,Post,7200,28800,15.601500,2.167
8,1,phase:Missile,Tick,25200,25200,4324.218600,171.596
8,1,phase:Missile,AI,25200,25200,936.350500,37.157
8,1,phase:Missile,AICommand,25200,25200,9.163200,0.364
8,1,phase:Missile,AIThink,25200,40316,68.463200,2.717
8,1,phase:Missile,AIDrive,25200,604800,354.284900,14.059
8,1,phase:Missile,AIEngage,25200,25200,481.525000,19.108
8,1,phase:Missile,Gunnery,25200,25200,2.197300,0.087
8,1,phase:Missile,ShipStep,25200,100800,1203.105400,47.742
8,1,phase:Missile,Collision,25200,100800,256.940600,10.196
8,1,phase:Missile,Projectiles,25200,100800,3.291600,0.131
8,1,phase:Missile,Missiles,25200,100800,478.363700,18.983
8,1,phase:Missile,PointDefense,25200,100800,944.884300,37.495
8,1,phase:Missile,Drones,25200,100800,398.321600,15.806
8,1,phase:Missile,Sensors,25200,25200,23.634600,0.938
8,1,phase:Missile,Post,25200,100800,61.861900,2.455
8,1,phase:Gunnery,Tick,3600,3600,582.324000,161.757
8,1,phase:Gunnery,AI,3600,3600,156.335800,43.427
8,1,phase:Gunnery,AICommand,3600,3600,2.192700,0.609
8,1,phase:Gunnery,AIThink,3600,4800,10.162000,2.823
8,1,phase:Gunnery,AIDrive,3600,72000,48.601300,13.500
8,1,phase:Gunnery,AIEngage,3600,3600,92.156800,25.599
8,1,phase:Gunnery,Gunnery,3600,3600,0.334700,0.093
8,1,phase:Gunnery,ShipStep,3600,14400,170.108500,47.252
8,1,phase:Gunnery,Collision,3600,14400,36.481400,10.134
8,1,phase:Gunnery,Projectiles,3600,14400,9.081400,2.523
8,1,phase:Gunnery,Missiles,3600,14400,49.611100,13.781
8,1,phase:Gunnery,PointDefense,3600,14400,101.006900,28.057
8,1,phase:Gunnery,Drones,3600,14400,44.555500,12.377
8,1,phase:Gunnery,Sensors,3600,3600,3.458000,0.961
8,1,phase:Gunnery,Post,3600,14400,9.117000,2.533
8,1,phase:Sniping,Tick,7200,7200,1534.715800,213.155
8,1,phase:Sniping,AI,7200,7200,454.143400,63.075
8,1,phase:Sniping,AICommand,7200,7200,3.135100,0.435
8,1,phase:Sniping,AIThink,7200,11267,23.915700,3.322
8,1,phase:Sniping,AIDrive,7200,169006,119.641500,16.617
8,1,phase:Sniping,AIEngage,7200,7200,299.985500,41.665
8,1,phase:Sniping,Gunnery,7200,7200,0.783600,0.109
8,1,phase:Sniping,ShipStep,7200,28800,381.624900,53.003
8,1,phase:Sniping,Collision,7200,28800,77.804100,10.806
8,1,phase:Sniping,Projectiles,7200,28800,222.883800,30.956
8,1,phase:Sniping,Missiles,7200,28800,73.281400,10.178
8,1,phase:Sniping,PointDefense,7200,28800,214.912700,29.849
8,1,phase:Sniping,Drones,7200,28800,76.297600,10.597
8,1,phase:Sniping,Sensors,7200,7200,8.068300,1.121
8,1,phase:Sniping,Post,7200,28800,20.096300,2.791
8,1,phase:Brawl,Tick,18148,18148,3866.405100,213.049
8,1,phase:Brawl,AI,18148,18148,940.214900,51.808
8,1,phase:Brawl,AICommand,18148,18148,5.874300,0.324
8,1,phase:Brawl,AIThink,18148,18860,42.791800,2.358
8,1,phase:Brawl,AIDrive,18148,282856,227.209100,12.520
8,1,phase:Brawl,AIEngage,18148,18148,650.065900,35.820
8,1,phase:Brawl,Gunnery,18148,18148,1.738000,0.096
8,1,phase:Brawl,ShipStep,18148,72592,794.065000,43.755
8,1,phase:Brawl,Collision,18148,72592,439.570200,24.221
8,1,phase:Brawl,Projectiles,18148,72592,429.141600,23.647
8,1,phase:Brawl,Missiles,18148,72592,133.560700,7.360
8,1,phase:Brawl,PointDefense,18148,72592,892.762400,49.193
8,1,phase:Brawl,Drones,18148,72592,156.267500,8.611
8,1,phase:Brawl,Sensors,18148,18148,17.386300,0.958
8,1,phase:Brawl,Post,18148,72592,50.445500,2.780
8,1,time:0-300,Tick,18000,18000,2382.287600,132.349
8,1,time:0-300,AI,18000,18000,412.103900,22.895
8,1,time:0-300,AICommand,18000,18000,6.364300,0.354
8,1,time:0-300,AIThink,18000,28796,22.295600,1.239
8,1,time:0-300,AIDrive,18000,432000,223.410900,12.412
8,1,time:0-300,AIEngage,18000,18000,144.289600,8.016
8,1,time:0-300,Gunnery,18000,18000,1.473600,0.082
8,1,time:0-300,ShipStep,18000,72000,799.763800,44.431
8,1,time:0-300,Collision,18000,72000,442.934600,24.607
8,1,time:0-300,Projectiles,18000,72000,2.222200,0.123
8,1,time:0-300,Missiles,18000,72000,120.250900,6.681
8,1,time:0-300,PointDefense,18000,72000,404.594300,22.477
8,1,time:0-300,Drones,18000,72000,131.793000,7.322
8,1,time:0-300,Sensors,18000,18000,16.457900,0.914
8,1,time:0-300,Post,18000,72000,39.844700,2.214
8,1,time:300-540,Tick,14400,14400,2915.425500,202.460
8,1,time:300-540,AI,14400,14400,637.101500,44.243
8,1,time:300-540,AICommand,14400,14400,5.450600,0.379
8,1,time:300-540,AIThink,14400,23040,54.882200,3.811
8,1,time:300-540,AIDrive,14400,345600,211.583200,14.693
8,1,time:300-540,AIEngage,14400,14400,351.737800,24.426
8,1,time:300-540,Gunnery,14400,14400,1.304900,0.091
8,1,time:300-540,ShipStep,14400,57600,703.579500,48.860
8,1,time:300-540,Collision,14400,57600,147.013800,10.209
8,1,time:300-540,Projectiles,14400,57600,1.970000,0.137
8,1,time:300-540,Missiles,14400,57600,382.035700,26.530
8,1,time:300-540,PointDefense,14400,57600,676.412000,46.973
8,1,time:300-540,Drones,14400,57600,305.503700,21.216
8,1,time:300-540,Sensors,14400,14400,14.006400,0.973
8,1,time:300-540,Post,14400,57600,37.618700,2.612
8,1,time:540+,Tick,28948,28948,5983.444900,206.696
8,1,time:540+,AI,28948,28948,1550.694100,53.568
8,1,time:540+,AICommand,28948,28948,11.202100,0.387
8,1,time:540+,AIThink,28948,34927,76.869500,2.655
8,1,time:540+,AIDrive,28948,523862,395.451900,13.661
8,1,time:540+,AIEngage,28948,28948,1042.208200,36.003
8,1,time:540+,Gunnery,28948,28948,2.856300,0.099
8,1,time:540+,ShipStep,28948,115792,1345.798400,46.490
8,1,time:540+,Collision,28948,115792,553.855700,19.133
8,1,time:540+,Projectiles,28948,115792,661.106800,22.838
8,1,time:540+,Missiles,28948,115792,256.453200,8.859
8,1,time:540+,PointDefense,28948,115792,1208.682000,41.754
8,1,time:540+,Drones,28948,115792,277.120600,9.573
8,1,time:540+,Sensors,28948,28948,28.912600,0.999
8,1,time:540+,Post,28948,115792,79.658800,2.752
9,0,All,Tick,40687,40687,6518.853500,160.220
9,0,All,AI,40687,40687,1485.240400,36.504
9,0,All,AICommand,40687,40687,13.830500,0.340
9,0,All,AIThink,40687,64479,118.598100,2.915
9,0,All,AIDrive,40687,967205,533.819000,13.120
9,0,All,AIEngage,40687,40687,783.983000,19.269
9,0,All,Gunnery,40687,40687,4.076500,0.100
9,0,All,ShipStep,40687,162748,1824.273000,44.837
9,0,All,Collision,40687,162748,417.068000,10.251
9,0,All,Projectiles,40687,162748,302.347400,7.431
9,0,All,Missiles,40687,162748,582.388300,14.314
9,0,All,PointDefense,40687,162748,1246.920000,30.647
9,0,All,Drones,40687,162748,502.403800,12.348
9,0,All,Sensors,40687,40687,36.139400,0.888
9,0,All,Post,40687,162748,93.882900,2.307
9,0,phase:Approach,Tick,7200,7200,677.860200,94.147
9,0,phase:Approach,AI,7200,7200,106.429200,14.782
9,0,phase:Approach,AICommand,7200,7200,2.074400,0.288
9,0,phase:Approach,AIThink,7200,11520,7.629900,1.060
9,0,phase:Approach,AIDrive,7200,172800,76.434900,10.616
9,0,phase:Approach,AIEngage,7200,7200,14.087400,1.957
9,0,phase:Approach,Gunnery,7200,7200,0.537900,0.075
9,0,phase:Approach,ShipStep,7200,28800,287.017900,39.864
9,0,phase:Approach,Collision,7200,28800,68.272700,9.482
9,0,phase:Approach,Projectiles,7200,28800,0.895900,0.124
9,0,phase:Approach,Missiles,7200,28800,22.878800,3.178
9,0,phase:Approach,PointDefense,7200,28800,129.366700,17.968
9,0,phase:Approach,Drones,7200,28800,37.077300,5.150
9,0,phase:Approach,Sensors,7200,7200,6.070600,0.843
9,0,phase:Approach,Post,7200,28800,14.788900,2.054
9,0,phase:Missile,Tick,19800,19800,3239.949500,163.634
9,0,phase:Missile,AI,19800,19800,725.055500,36.619
9,0,phase:Missile,AICommand,19800,19800,6.936500,0.350
9,0,phase:Missile,AIThink,19800,31676,55.542900,2.805
9,0,phase:Missile,AIDrive,19800,475200,266.259400,13.447
9,0,phase:Missile,AIEngage,19800,19800,379.191600,19.151
9,0,phase:Missile,Gunnery,19800,19800,2.306900,0.117
9,0,phase:Missile,ShipStep,19800,79200,905.037200,45.709
9,0,phase:Missile,Collision,19800,79200,200.578900,10.130
9,0,phase:Missile,Projectiles,19800,79200,2.328900,0.118
9,0,phase:Missile,Missiles,19800,79200,358.410600,18.102
9,0,phase:Missile,PointDefense,19800,79200,672.111500,33.945
9,0,phase:Missile,Drones,19800,79200,300.465000,15.175
9,0,phase:Missile,Sensors,19800,19800,17.476400,0.883
9,0,phase:Missile,Post,19800,79200,44.623700,2.254
9,0,phase:Gunnery,Tick,1800,1800,353.032100,196.129
9,0,phase:Gunnery,AI,1800,1800,90.427300,50.237
9,0,phase:Gunnery,AICommand,1800,1800,0.691900,0.384
9,0,phase:Gunnery,AIThink,1800,2760,5.503800,3.058
9,0,phase:Gunnery,AIDrive,1800,41400,22.749400,12.639
9,0,phase:Gunnery,AIEngage,1800,1800,60.009300,33.338
9,0,phase:Gunnery,Gunnery,1800,1800,0.158500,0.088
9,0,phase:Gunnery,ShipStep,1800,7200,78.790000,43.772
9,0,phase:Gunnery,Collision,1800,7200,19.369200,10.761
9,0,phase:Gunnery,Projectiles,1800,7200,99.383200,55.213
9,0,phase:Gunnery,Missiles,1800,7200,11.320300,6.289
9,0,phase:Gunnery,PointDefense,1800,7200,38.776900,21.543
9,0,phase:Gunnery,Drones,1800,7200,7.552800,4.196
9,0,phase:Gunnery,Sensors,1800,1800,1.685400,0.936
9,0,phase:Gunnery,Post,1800,7200,4.477300,2.487
9,0,phase:Sniping,Tick,10800,10800,2033.389700,188.277
9,0,phase:Sniping,AI,10800,10800,509.303900,47.158
9,0,phase:Sniping,AICommand,10800,10800,3.728800,0.345
9,0,phase:Sniping,AIThink,10800,17054,46.036100,4.263
9,0,phase:Sniping,AIDrive,10800,255813,153.697000,14.231
9,0,phase:Sniping,AIEngage,10800,10800,296.569700,27.460
9,0,phase:Sniping,Gunnery,10800,10800,0.969900,0.090
9,0,phase:Sniping,ShipStep,10800,43200,507.026600,46.947
9,0,phase:Sniping,Collision,10800,43200,115.753000,10.718
9,0,phase:Sniping,Projectiles,10800,43200,132.758400,12.292
9,0,phase:Sniping,Missiles,10800,43200,183.436900,16.985
9,0,phase:Sniping,PointDefense,10800,43200,388.203300,35.945
9,0,phase:Sniping,Drones,10800,43200,152.780500,14.146
9,0,phase:Sniping,Sensors,10800,10800,9.880000,0.915
9,0,phase:Sniping,Post,10800,43200,27.011500,2.501
9,0,phase:Brawl,Tick,1087,1087,214.622000,197.444
9,0,phase:Brawl,AI,1087,1087,54.024500,49.701
9,0,phase:Brawl,AICommand,1087,1087,0.398900,0.367
9,0,phase:Brawl,AIThink,1087,1469,3.885400,3.574
9,0,phase:Brawl,AIDrive,1087,21992,14.678300,13.503
9,0,phase:Brawl,AIEngage,1087,1087,34.125000,31.394
9,0,phase:Brawl,Gunnery,1087,1087,0.103300,0.095
9,0,phase:Brawl,ShipStep,1087,4348,46.401300,42.687
9,0,phase:Brawl,Collision,1087,4348,13.094200,12.046
9,0,phase:Brawl,Projectiles,1087,4348,66.981000,61.620
9,0,phase:Brawl,Missiles,1087,4348,6.341700,5.834
9,0,phase:Brawl,PointDefense,1087,4348,18.461600,16.984
9,0,phase:Brawl,Drones,1087,4348,4.528200,4.166
9,0,phase:Brawl,Sensors,1087,1087,1.027000,0.945
9,0,phase:Brawl,Post,1087,4348,2.981500,2.743
9,0,time:0-300,Tick,18000,18000,2104.639400,116.924
9,0,time:0-300,AI,18000,18000,406.552200,22.586
9,0,time:0-300,AICommand,18000,18000,6.020800,0.334
9,0,time:0-300,AIThink,18000,28796,22.037000,1.224
9,0,time:0-300,AIDrive,18000,432000,213.538400,11.863
9,0,time:0-300,AIEngage,18000,18000,149.559700,8.309
9,0,time:0-300,Gunnery,18000,18000,1.393700,0.077
9,0,time:0-300,ShipStep,18000,72000,761.869500,42.326
9,0,time:0-300,Collision,18000,72000,173.264100,9.626
9,0,time:0-300,Projectiles,18000,72000,2.160900,0.120
9,0,time:0-300,Missiles,18000,72000,140.002300,7.778
9,0,time:0-300,PointDefense,18000,72000,412.502200,22.917
9,0,time:0-300,Drones,18000,72000,142.821300,7.935
9,0,time:0-300,Sensors,18000,18000,15.201900,0.845
9,0,time:0-300,Post,18000,72000,38.117500,2.118
9,0,time:300-540,Tick,14400,14400,2893.106800,200.910
9,0,time:300-540,AI,14400,14400,682.526900,47.398
9,0,time:300-540,AICommand,14400,14400,4.817300,0.335
9,0,time:300-540,AIThink,14400,23040,65.693400,4.562
9,0,time:300-540,AIDrive,14400,345600,207.301000,14.396
9,0,time:300-540,AIEngage,14400,14400,392.150600,27.233
9,0,time:300-540,Gunnery,14400,14400,1.944300,0.135
9,0,time:300-540,ShipStep,14400,57600,690.230100,47.933
9,0,time:300-540,Collision,14400,57600,153.782200,10.679
9,0,time:300-540,Projectiles,14400,57600,9.941700,0.690
9,0,time:300-540,Missiles,14400,57600,368.532400,25.593
9,0,time:300-540,PointDefense,14400,57600,629.257500,43.698
9,0,time:300-540,Drones,14400,57600,300.769400,20.887
9,0,time:300-540,Sensors,14400,14400,13.277100,0.922
9,0,time:300-540,Post,14400,57600,34.398400,2.389
9,0,time:540+,Tick,8287,8287,1521.107300,183.553
9,0,time:540+,AI,8287,8287,396.161300,47.805
9,0,time:540+,AICommand,8287,8287,2.992400,0.361
9,0,time:540+,AIThink,8287,12643,30.867700,3.725
9,0,time:540+,AIDrive,8287,189605,112.979600,13.633
9,0,time:540+,AIEngage,8287,8287,242.272700,29.235
9,0,time:540+,Gunnery,8287,8287,0.738500,0.089
9,0,time:540+,ShipStep,8287,33148,372.173400,44.911
9,0,time:540+,Collision,8287,33148,90.021700,10.863
9,0,time:540+,Projectiles,8287,33148,290.244800,35.024
9,0,time:540+,Missiles,8287,33148,73.853600,8.912
9,0,time:540+,PointDefense,8287,33148,205.160300,24.757
9,0,time:540+,Drones,8287,33148,58.813100,7.097
9,0,time:540+,Sensors,8287,8287,7.660400,0.924
9,0,time:540+,Post,8287,33148,21.367000,2.578
9,1,All,Tick,44264,44264,6861.091300,155.004
9,1,All,AI,44264,44264,1507.842300,34.065
9,1,All,AICommand,44264,44264,14.968300,0.338
9,1,All,AIThink,44264,68256,108.011700,2.440
9,1,All,AIDrive,44264,1023902,549.899900,12.423
9,1,All,AIEngage,44264,44264,796.332600,17.991
9,1,All,Gunnery,44264,44264,3.490100,0.079
9,1,All,ShipStep,44264,177056,1901.529900,42.959
9,1,All,Collision,44264,177056,650.005100,14.685
9,1,All,Projectiles,44264,177056,321.665600,7.267
9,1,All,Missiles,44264,177056,583.625300,13.185
9,1,All,PointDefense,44264,177056,1244.725000,28.120
9,1,All,Drones,44264,177056,480.529700,10.856
9,1,All,Sensors,44264,44264,40.350100,0.912
9,1,All,Post,44264,177056,101.568800,2.295
9,1,phase:Approach,Tick,7200,7200,677.579700,94.108
9,1,phase:Approach,AI,7200,7200,105.955600,14.716
9,1,phase:Approach,AICommand,7200,7200,2.132500,0.296
9,1,phase:Approach,AIThink,7200,11520,7.161900,0.995
9,1,phase:Approach,AIDrive,7200,172800,77.038800,10.700
9,1,phase:Approach,AIEngage,7200,7200,13.525300,1.879
9,1,phase:Approach,Gunnery,7200,7200,0.516000,0.072
9,1,phase:Approach,ShipStep,7200,28800,286.079600,39.733
9,1,phase:Approach,Collision,7200,28800,69.527900,9.657
9,1,phase:Approach,Projectiles,7200,28800,0.821300,0.114
9,1,phase:Approach,Missiles,7200,28800,23.338100,3.241
9,1,phase:Approach,PointDefense,7200,28800,129.006000,17.918
9,1,phase:Approach,Drones,7200,28800,37.097800,5.152
9,1,phase:Approach,Sensors,7200,7200,6.194500,0.860
9,1,phase:Approach,Post,7200,28800,14.932500,2.074
9,1,phase:Missile,Tick,23400,23400,3594.429600,153.608
9,1,phase:Missile,AI,23400,23400,762.355500,32.579
9,1,phase:Missile,AICommand,23400,23400,7.831500,0.335
9,1,phase:Missile,AIThink,23400,37436,60.956800,2.605
9,1,phase:Missile,AIDrive,23400,561600,301.945900,12.904
9,1,phase:Missile,AIEngage,23400,23400,371.519800,15.877
9,1,phase:Missile,Gunnery,23400,23400,1.745000,0.075
9,1,phase:Missile,ShipStep,23400,93600,1024.926800,43.800
9,1,phase:Missile,Collision,23400,93600,222.879700,9.525
9,1,phase:Missile,Projectiles,23400,93600,2.678900,0.114
9,1,phase:Missile,Missiles,23400,93600,401.736400,17.168
9,1,phase:Missile,PointDefense,23400,93600,762.768900,32.597
9,1,phase:Missile,Drones,23400,93600,328.944800,14.057
9,1,phase:Missile,Sensors,23400,23400,21.138200,0.903
9,1,phase:Missile,Post,23400,93600,51.785100,2.213
9,1,phase:Sniping,Tick,13664,13664,2589.082000,189.482
9,1,phase:Sniping,AI,13664,13664,639.531200,46.804
9,1,phase:Sniping,AICommand,13664,13664,5.004300,0.366
9,1,phase:Sniping,AIThink,13664,19300,39.893000,2.920
9,1,phase:Sniping,AIDrive,13664,289502,170.915200,12.508
9,1,phase:Sniping,AIEngage,13664,13664,411.287500,30.100
9,1,phase:Sniping,Gunnery,13664,13664,1.229100,0.090
9,1,phase:Sniping,ShipStep,13664,54656,590.523500,43.217
9,1,phase:Sniping,Collision,13664,54656,357.597500,26.171
9,1,phase:Sniping,Projectiles,13664,54656,318.165400,23.285
9,1,phase:Sniping,Missiles,13664,54656,158.550800,11.604
9,1,phase:Sniping,PointDefense,13664,54656,352.950100,25.831
9,1,phase:Sniping,Drones,13664,54656,114.487100,8.379
9,1,phase:Sniping,Sensors,13664,13664,13.017400,0.953
9,1,phase:Sniping,Post,13664,54656,34.851200,2.551
9,1,time:0-300,Tick,18000,18000,1933.170400,107.398
9,1,time:0-300,AI,18000,18000,344.273200,19.126
9,1,time:0-300,AICommand,18000,18000,5.556500,0.309
9,1,time:0-300,AIThink,18000,28796,23.631200,1.313
9,1,time:0-300,AIDrive,18000,432000,205.746000,11.430
9,1,time:0-300,AIEngage,18000,18000,94.133700,5.230
9,1,time:0-300,Gunnery,18000,18000,1.287000,0.071
9,1,time:0-300,ShipStep,18000,72000,730.250200,40.569
9,1,time:0-300,Collision,18000,72000,172.397800,9.578
9,1,time:0-300,Projectiles,18000,72000,2.023200,0.112
9,1,time:0-300,Missiles,18000,72000,114.741100,6.375
9,1,time:0-300,PointDefense,18000,72000,377.916700,20.995
9,1,time:0-300,Drones,18000,72000,127.208600,7.067
9,1,time:0-300,Sensors,18000,18000,15.469500,0.859
9,1,time:0-300,Post,18000,72000,37.454700,2.081
9,1,time:300-540,Tick,14400,14400,2727.141400,189.385
9,1,time:300-540,AI,14400,14400,618.425900,42.946
9,1,time:300-540,AICommand,14400,14400,5.005500,0.348
9,1,time:300-540,AIThink,14400,23040,53.240900,3.697
9,1,time:300-540,AIDrive,14400,345600,199.880200,13.881
9,1,time:300-540,AIEngage,14400,14400,347.731900,24.148
9,1,time:300-540,Gunnery,14400,14400,1.114500,0.077
9,1,time:300-540,ShipStep,14400,57600,669.231600,46.474
9,1,time:300-540,Collision,14400,57600,137.272300,9.533
9,1,time:300-540,Projectiles,14400,57600,1.679700,0.117
9,1,time:300-540,Missiles,14400,57600,361.089400,25.076
9,1,time:300-540,PointDefense,14400,57600,604.484800,41.978
9,1,time:300-540,Drones,14400,57600,278.395900,19.333
9,1,time:300-540,Sensors,14400,14400,13.466200,0.935
9,1,time:300-540,Post,14400,57600,33.551600,2.330
9,1,time:540+,Tick,11864,11864,2200.779500,185.501
9,1,time:540+,AI,11864,11864,545.143200,45.949
9,1,time:540+,AICommand,11864,11864,4.406300,0.371
9,1,time:540+,AIThink,11864,16420,31.139600,2.625
9,1,time:540+,AIDrive,11864,246302,144.273700,12.161
9,1,time:540+,AIEngage,11864,11864,354.467000,29.878
9,1,time:540+,Gunnery,11864,11864,1.088600,0.092
9,1,time:540+,ShipStep,11864,47456,502.048100,42.317
9,1,time:540+,Collision,11864,47456,340.335000,28.686
9,1,time:540+,Projectiles,11864,47456,317.962700,26.801
9,1,time:540+,Missiles,11864,47456,107.794800,9.086
9,1,time:540+,PointDefense,11864,47456,262.323500,22.111
9,1,time:540+,Drones,11864,47456,74.925200,6.315
9,1,time:540+,Sensors,11864,11864,11.414400,0.962
9,1,time:540+,Post,11864,47456,30.562500,2.576
10,0,All,Tick,62175,62175,10360.267800,166.631
10,0,All,AI,62175,62175,2489.442900,40.039
10,0,All,AICommand,62175,62175,21.090400,0.339
10,0,All,AIThink,62175,88472,178.795800,2.876
10,0,All,AIDrive,62175,1327112,823.346600,13.242
10,0,All,AIEngage,62175,62175,1413.406900,22.733
10,0,All,Gunnery,62175,62175,5.420100,0.087
10,0,All,ShipStep,62175,248700,2702.739500,43.470
10,0,All,Collision,62175,248700,934.812600,15.035
10,0,All,Projectiles,62175,248700,558.969600,8.990
10,0,All,Missiles,62175,248700,796.029100,12.803
10,0,All,PointDefense,62175,248700,1948.871400,31.345
10,0,All,Drones,62175,248700,677.137100,10.891
10,0,All,Sensors,62175,62175,57.394300,0.923
10,0,All,Post,62175,248700,151.834400,2.442
10,0,phase:Approach,Tick,7200,7200,708.663200,98.425
10,0,phase:Approach,AI,7200,7200,105.686100,14.679
10,0,phase:Approach,AICommand,7200,7200,2.332400,0.324
10,0,phase:Approach,AIThink,7200,11520,7.895700,1.097
10,0,phase:Approach,AIDrive,7200,172800,76.300600,10.597
10,0,phase:Approach,AIEngage,7200,7200,13.286000,1.845
10,0,phase:Approach,Gunnery,7200,7200,0.551500,0.077
10,0,phase:Approach,ShipStep,7200,28800,283.920900,39.433
10,0,phase:Approach,Collision,7200,28800,104.487500,14.512
10,0,phase:Approach,Projectiles,7200,28800,0.847000,0.118
10,0,phase:Approach,Missiles,7200,28800,22.525600,3.129
10,0,phase:Approach,PointDefense,7200,28800,128.472500,17.843
10,0,phase:Approach,Drones,7200,28800,36.863700,5.120
10,0,phase:Approach,Sensors,7200,7200,6.088100,0.846
10,0,phase:Approach,Post,7200,28800,15.018800,2.086
10,0,phase:Missile,Tick,21600,21600,3493.887900,161.754
10,0,phase:Missile,AI,21600,21600,739.752800,34.248
10,0,phase:Missile,AICommand,21600,21600,7.185900,0.333
10,0,phase:Missile,AIThink,21600,34556,49.740000,2.303
10,0,phase:Missile,AIDrive,21600,518400,286.760100,13.276
10,0,phase:Missile,AIEngage,21600,21600,377.712700,17.487
10,0,phase:Missile,Gunnery,21600,21600,1.719900,0.080
10,0,phase:Missile,ShipStep,21600,86400,966.470700,44.744
10,0,phase:Missile,Collision,21600,86400,216.192200,10.009
10,0,phase:Missile,Projectiles,21600,86400,2.598500,0.120
10,0,phase:Missile,Missiles,21600,86400,404.972000,18.749
10,0,phase:Missile,PointDefense,21600,86400,761.120600,35.237
10,0,phase:Missile,Drones,21600,86400,320.277700,14.828
10,0,phase:Missile,Sensors,21600,21600,18.672800,0.864
10,0,phase:Missile,Post,21600,86400,49.464500,2.290
10,0,phase:Sniping,Tick,12600,12600,2508.338400,199.074
10,0,phase:Sniping,AI,12600,12600,655.194000,52.000
10,0,phase:Sniping,AICommand,12600,12600,4.479200,0.355
10,0,phase:Sniping,AIThink,12600,19428,45.709600,3.628
10,0,phase:Sniping,AIDrive,12600,291412,181.706300,14.421
10,0,phase:Sniping,AIEngage,12600,12600,412.114500,32.708
10,0,phase:Sniping,Gunnery,12600,12600,1.115800,0.089
10,0,phase:Sniping,ShipStep,12600,50400,594.529700,47.185
10,0,phase:Sniping,Collision,12600,50400,129.311600,10.263
10,0,phase:Sniping,Projectiles,12600,50400,283.206600,22.477
10,0,phase:Sniping,Missiles,12600,50400,207.513200,16.469
10,0,phase:Sniping,PointDefense,12600,50400,407.796800,32.365
10,0,phase:Sniping,Drones,12600,50400,179.246000,14.226
10,0,phase:Sniping,Sensors,12600,12600,11.580000,0.919
10,0,phase:Sniping,Post,12600,50400,31.323300,2.486
10,0,phase:Brawl,Tick,20775,20775,3649.378300,175.662
10,0,phase:Brawl,AI,20775,20775,988.810000,47.596
10,0,phase:Brawl,AICommand,20775,20775,7.092900,0.341
10,0,phase:Brawl,AIThink,20775,22968,75.450500,3.632
10,0,phase:Brawl,AIDrive,20775,344500,278.579600,13.409
10,0,phase:Brawl,AIEngage,20775,20775,610.293700,29.376
10,0,phase:Brawl,Gunnery,20775,20775,2.032900,0.098
10,0,phase:Brawl,ShipStep,20775,83100,857.818200,41.291
10,0,phase:Brawl,Collision,20775,83100,484.821300,23.337
10,0,phase:Brawl,Projectiles,20775,83100,272.317500,13.108
10,0,phase:Brawl,Missiles,20775,83100,161.018300,7.751
10,0,phase:Brawl,PointDefense,20775,83100,651.481500,31.359
10,0,phase:Brawl,Drones,20775,83100,140.749700,6.775
10,0,phase:Brawl,Sensors,20775,20775,21.053400,1.013
10,0,phase:Brawl,Post,20775,83100,56.027800,2.697
10,0,time:0-300,Tick,18000,18000,2019.881500,112.216
10,0,time:0-300,AI,18000,18000,365.958400,20.331
10,0,time:0-300,AICommand,18000,18000,5.681200,0.316
10,0,time:0-300,AIThink,18000,28796,20.982300,1.166
10,0,time:0-300,AIDrive,18000,432000,210.027400,11.668
10,0,time:0-300,AIEngage,18000,18000,114.348900,6.353
10,0,time:0-300,Gunnery,18000,18000,1.353400,0.075
10,0,time:0-300,ShipStep,18000,72000,737.150300,40.953
10,0,time:0-300,Collision,18000,72000,209.170200,11.621
10,0,time:0-300,Projectiles,18000,72000,2.092500,0.116
10,0,time:0-300,Missiles,18000,72000,120.262500,6.681
10,0,time:0-300,PointDefense,18000,72000,388.890400,21.605
10,0,time:0-300,Drones,18000,72000,131.198300,7.289
10,0,time:0-300,Sensors,18000,18000,14.977800,0.832
10,0,time:0-300,Post,18000,72000,38.380000,2.132
10,0,time:300-540,Tick,14400,14400,2933.201400,203.695
10,0,time:300-540,AI,14400,14400,653.101200,45.354
10,0,time:300-540,AICommand,14400,14400,5.081700,0.353
10,0,time:300-540,AIThink,14400,23040,50.422100,3.502
10,0,time:300-540,AIDrive,14400,345600,204.771300,14.220
10,0,time:300-540,AIEngage,14400,14400,380.301800,26.410
10,0,time:300-540,Gunnery,14400,14400,1.221700,0.085
10,0,time:300-540,ShipStep,14400,57600,692.546600,48.094
10,0,time:300-540,Collision,14400,57600,148.969800,10.345
10,0,time:300-540,Projectiles,14400,57600,1.851600,0.129
10,0,time:300-540,Missiles,14400,57600,406.174500,28.207
10,0,time:300-540,PointDefense,14400,57600,672.380100,46.693
10,0,time:300-540,Drones,14400,57600,300.397600,20.861
10,0,time:300-540,Sensors,14400,14400,13.074500,0.908
10,0,time:300-540,Post,14400,57600,34.911300,2.424
10,0,time:540+,Tick,29775,29775,5407.184900,181.602
10,0,time:540+,AI,29775,29775,1470.383300,49.383
10,0,time:540+,AICommand,29775,29775,10.327500,0.347
10,0,time:540+,AIThink,29775,36636,107.391400,3.607
10,0,time:540+,AIDrive,29775,549512,408.547900,13.721
10,0,time:540+,AIEngage,29775,29775,918.756200,30.857
10,0,time:540+,Gunnery,29775,29775,2.845000,0.096
10,0,time:540+,ShipStep,29775,119100,1273.042600,42.755
10,0,time:540+,Collision,29775,119100,576.672600,19.368
10,0,time:540+,Projectiles,29775,119100,555.025500,18.641
10,0,time:540+,Missiles,29775,119100,269.592100,9.054
10,0,time:540+,PointDefense,29775,119100,887.600900,29.810
10,0,time:540+,Drones,29775,119100,245.541200,8.247
10,0,time:540+,Sensors,29775,29775,29.342000,0.985
10,0,time:540+,Post,29775,119100,78.543100,2.638
10,1,All,Tick,47718,47718,8358.323200,175.161
10,1,All,AI,47718,47718,1939.163300,40.638
10,1,All,AICommand,47718,47718,17.732600,0.372
10,1,All,AIThink,47718,74288,130.971800,2.745
10,1,All,AIDrive,47718,1114279,663.208300,13.898
10,1,All,AIEngage,47718,47718,1082.663000,22.689
10,1,All,Gunnery,47718,47718,3.994400,0.084
10,1,All,ShipStep,47718,190872,2233.178300,46.799
10,1,All,Collision,47718,190872,510.359700,10.695
10,1,All,Projectiles,47718,190872,590.007100,12.364
10,1,All,Missiles,47718,190872,734.036400,15.383
10,1,All,PointDefense,47718,190872,1521.432400,31.884
10,1,All,Drones,47718,190872,634.721300,13.302
10,1,All,Sensors,47718,47718,45.229000,0.948
10,1,All,Post,47718,190872,117.450300,2.461
10,1,phase:Approach,Tick,7200,7200,677.194600,94.055
10,1,phase:Approach,AI,7200,7200,106.267700,14.759
10,1,phase:Approach,AICommand,7200,7200,2.183500,0.303
10,1,phase:Approach,AIThink,7200,11520,7.324200,1.017
10,1,phase:Approach,AIDrive,7200,172800,76.584600,10.637
10,1,phase:Approach,AIEngage,7200,7200,14.008500,1.946
10,1,phase:Approach,Gunnery,7200,7200,0.514400,0.071
10,1,phase:Approach,ShipStep,7200,28800,287.204600,39.890
10,1,phase:Approach,Collision,7200,28800,69.496700,9.652
10,1,phase:Approach,Projectiles,7200,28800,0.832700,0.116
10,1,phase:Approach,Missiles,7200,28800,22.145500,3.076
10,1,phase:Approach,PointDefense,7200,28800,129.050800,17.924
10,1,phase:Approach,Drones,7200,28800,37.075200,5.149
10,1,phase:Approach,Sensors,7200,7200,5.959300,0.828
10,1,phase:Approach,Post,7200,28800,14.596200,2.027
10,1,phase:Missile,Tick,25200,25200,4337.098100,172.107
10,1,phase:Missile,AI,25200,25200,938.393800,37.238
10,1,phase:Missile,AICommand,25200,25200,10.232400,0.406
10,1,phase:Missile,AIThink,25200,40316,70.232100,2.787
10,1,phase:Missile,AIDrive,25200,604800,348.268100,13.820
10,1,phase:Missile,AIEngage,25200,25200,485.968600,19.284
10,1,phase:Missile,Gunnery,25200,25200,2.076500,0.082
10,1,phase:Missile,ShipStep,25200,100800,1188.749100,47.173
10,1,phase:Missile,Collision,25200,100800,249.645900,9.907
10,1,phase:Missile,Projectiles,25200,100800,3.190400,0.127
10,1,phase:Missile,Missiles,25200,100800,516.474300,20.495
10,1,phase:Missile,PointDefense,25200,100800,915.644600,36.335
10,1,phase:Missile,Drones,25200,100800,422.420300,16.763
10,1,phase:Missile,Sensors,25200,25200,24.223600,0.961
10,1,phase:Missile,Post,25200,100800,61.095100,2.424
10,1,phase:Sniping,Tick,7200,7200,1637.903400,227.487
10,1,phase:Sniping,AI,7200,7200,418.607200,58.140
10,1,phase:Sniping,AICommand,7200,7200,2.739600,0.380
10,1,phase:Sniping,AIThink,7200,11485,25.248900,3.507
10,1,phase:Sniping,AIDrive,7200,172277,114.958900,15.967
10,1,phase:Sniping,AIEngage,7200,7200,268.461300,37.286
10,1,phase:Sniping,Gunnery,7200,7200,0.702300,0.098
10,1,phase:Sniping,ShipStep,7200,28800,381.997200,53.055
10,1,phase:Sniping,Collision,7200,28800,75.459500,10.480
10,1,phase:Sniping,Projectiles,7200,28800,264.162500,36.689
10,1,phase:Sniping,Missiles,7200,28800,114.721600,15.934
10,1,phase:Sniping,PointDefense,7200,28800,249.011400,34.585
10,1,phase:Sniping,Drones,7200,28800,101.148800,14.048
10,1,phase:Sniping,Sensors,7200,7200,7.404300,1.028
10,1,phase:Sniping,Post,7200,28800,20.129300,2.796
10,1,phase:Brawl,Tick,8118,8118,1706.127100,210.166
10,1,phase:Brawl,AI,8118,8118,475.894600,58.622
10,1,phase:Brawl,AICommand,8118,8118,2.577100,0.317
10,1,phase:Brawl,AIThink,8118,10967,28.166600,3.470
10,1,phase:Brawl,AIDrive,8118,164402,123.396700,15.200
10,1,phase:Brawl,AIEngage,8118,8118,314.224600,38.707
10,1,phase:Brawl,Gunnery,8118,8118,0.701200,0.086
10,1,phase:Brawl,ShipStep,8118,32472,375.227400,46.222
10,1,phase:Brawl,Collision,8118,32472,115.757600,14.259
10,1,phase:Brawl,Projectiles,8118,32472,321.821500,39.643
10,1,phase:Brawl,Missiles,8118,32472,80.695000,9.940
10,1,phase:Brawl,PointDefense,8118,32472,227.725600,28.052
10,1,phase:Brawl,Drones,8118,32472,74.077000,9.125
10,1,phase:Brawl,Sensors,8118,8118,7.641800,0.941
10,1,phase:Brawl,Post,8118,32472,21.629700,2.664
10,1,time:0-300,Tick,18000,18000,2074.243400,115.236
10,1,time:0-300,AI,18000,18000,388.016100,21.556
10,1,time:0-300,AICommand,18000,18000,6.366800,0.354
10,1,time:0-300,AIThink,18000,28796,21.610900,1.201
10,1,time:0-300,AIDrive,18000,432000,213.970300,11.887
10,1,time:0-300,AIEngage,18000,18000,130.183400,7.232
10,1,time:0-300,Gunnery,18000,18000,1.358900,0.075
10,1,time:0-300,ShipStep,18000,72000,763.856600,42.436
10,1,time:0-300,Collision,18000,72000,173.968500,9.665
10,1,time:0-300,Projectiles,18000,72000,2.146100,0.119
10,1,time:0-300,Missiles,18000,72000,133.928400,7.440
10,1,time:0-300,PointDefense,18000,72000,407.311100,22.628
10,1,time:0-300,Drones,18000,72000,139.283200,7.738
10,1,time:0-300,Sensors,18000,18000,15.693600,0.872
10,1,time:0-300,Post,18000,72000,38.272900,2.126
10,1,time:300-540,Tick,14400,14400,2940.049300,204.170
10,1,time:300-540,AI,14400,14400,656.645400,45.600
10,1,time:300-540,AICommand,14400,14400,6.049100,0.420
10,1,time:300-540,AIThink,14400,23040,55.945400,3.885
10,1,time:300-540,AIDrive,14400,345600,210.882400,14.645
10,1,time:300-540,AIEngage,14400,14400,369.793700,25.680
10,1,time:300-540,Gunnery,14400,14400,1.232000,0.086
10,1,time:300-540,ShipStep,14400,57600,712.097100,49.451
10,1,time:300-540,Collision,14400,57600,145.174100,10.082
10,1,time:300-540,Projectiles,14400,57600,1.877000,0.130
10,1,time:300-540,Missiles,14400,57600,404.691400,28.104
10,1,time:300-540,PointDefense,14400,57600,637.384300,44.263
10,1,time:300-540,Drones,14400,57600,320.212300,22.237
10,1,time:300-540,Sensors,14400,14400,14.489300,1.006
10,1,time:300-540,Post,14400,57600,37.418400,2.599
10,1,time:540+,Tick,15318,15318,3344.030500,218.307
10,1,time:540+,AI,15318,15318,894.501800,58.395
10,1,time:540+,AICommand,15318,15318,5.316700,0.347
10,1,time:540+,AIThink,15318,22452,53.415500,3.487
10,1,time:540+,AIDrive,15318,336679,238.355600,15.560
10,1,time:540+,AIEngage,15318,15318,582.685900,38.039
10,1,time:540+,Gunnery,15318,15318,1.403500,0.092
10,1,time:540+,ShipStep,15318,61272,757.224600,49.434
10,1,time:540+,Collision,15318,61272,191.217100,12.483
10,1,time:540+,Projectiles,15318,61272,585.984000,38.255
10,1,time:540+,Missiles,15318,61272,195.416600,12.757
10,1,time:540+,PointDefense,15318,61272,476.737000,31.123
10,1,time:540+,Drones,15318,61272,175.225800,11.439
10,1,time:540+,Sensors,15318,15318,15.046100,0.982
10,1,time:540+,Post,15318,61272,41.759000,2.726
