Godot Engine v4.7.2.stable.mono.official.ed1daf0bf - https://godotengine.org
Vulkan 1.4.341 - Forward+ - Using Device #0: NVIDIA - NVIDIA GeForce RTX 2060

perf t=5s fps=103.2 frame=10ms | physics=3.5/13 sim=3.3/8 hudDraw=1.7/4 shipViews=0.7/3 shipCombat=0.1/9 audioObserve=0.1/0 contacts=0.1/0 ordnance=0.0/4 ballistics=0.0/3 fxSync=0.0/1 fxObserve=0.0/0 audioListener=0.0/0 combat+am=0.0/0 | draws=546 objects=6472 prims=107677 nodes=2922 gpu=280MB
sim-profile t=4.800s ticks=256 us/tick | Tick=1352.97 AI=88.87 AICommand=1.89 AIThink=9.88 AIDrive=60.20 AIEngage=11.89 Gunnery=0.67 ShipStep=522.00 Collision=453.05 Projectiles=0.90 Missiles=17.37 PointDefense=181.65 Drones=57.90 Sensors=7.29 Post=19.58
autoplay start: sim=5.33s FPS min=8.73 mean=104.93 engine=27.0
perf t=9s fps=137.7 frame=7ms | hudDraw=1.6/4 physics=1.4/6 sim=1.3/2 shipViews=0.6/1 audioObserve=0.0/0 contacts=0.0/0 ballistics=0.0/0 shipCombat=0.0/0 fxObserve=0.0/0 ordnance=0.0/0 fxSync=0.0/0 audioListener=0.0/0 combat+am=0.0/0 | draws=545 objects=6495 prims=107569 nodes=2922 gpu=281MB
sim-profile t=8.800s ticks=240 us/tick | Tick=738.05 AI=49.02 AICommand=1.54 AIThink=6.16 AIDrive=30.01 AIEngage=8.16 Gunnery=0.64 ShipStep=283.15 Collision=234.92 Projectiles=0.57 Missiles=11.41 PointDefense=105.73 Drones=31.00 Sensors=5.57 Post=13.97
perf t=13s fps=144.4 frame=7ms | hudDraw=1.4/4 shipViews=0.5/1 physics=0.4/2 sim=0.3/0 audioObserve=0.0/0 contacts=0.0/0 ballistics=0.0/0 shipCombat=0.0/0 fxSync=0.0/0 ordnance=0.0/0 fxObserve=0.0/0 audioListener=0.0/0 combat+am=0.0/0 | draws=552 objects=6434 prims=107861 nodes=2922 gpu=280MB
sim-profile t=12.800s ticks=240 us/tick | Tick=195.66 AI=22.30 AICommand=1.15 AIThink=1.91 AIDrive=15.25 AIEngage=3.01 Gunnery=0.13 ShipStep=75.52 Collision=33.21 Projectiles=0.16 Missiles=3.67 PointDefense=48.11 Drones=5.80 Sensors=1.33 Post=4.79
perf t=17s fps=144.0 frame=7ms | hudDraw=1.2/2 shipViews=0.5/1 physics=0.3/2 sim=0.3/1 audioObserve=0.0/0 contacts=0.0/0 ballistics=0.0/0 shipCombat=0.0/0 fxSync=0.0/0 ordnance=0.0/0 audioListener=0.0/0 fxObserve=0.0/0 combat+am=0.0/0 | draws=510 objects=6350 prims=106257 nodes=2922 gpu=280MB
sim-profile t=16.800s ticks=240 us/tick | Tick=191.60 AI=24.32 AICommand=1.67 AIThink=1.85 AIDrive=16.30 AIEngage=3.42 Gunnery=0.19 ShipStep=73.93 Collision=31.86 Projectiles=0.16 Missiles=3.32 PointDefense=45.26 Drones=6.13 Sensors=1.18 Post=4.56
perf t=21s fps=143.9 frame=7ms | hudDraw=1.1/2 shipViews=0.5/1 physics=0.3/1 sim=0.3/1 audioObserve=0.0/0 contacts=0.0/0 ballistics=0.0/0 fxSync=0.0/0 shipCombat=0.0/0 ordnance=0.0/0 fxObserve=0.0/0 audioListener=0.0/0 combat+am=0.0/0 | draws=502 objects=6344 prims=105749 nodes=2922 gpu=280MB
sim-profile t=20.867s ticks=244 us/tick | Tick=188.30 AI=23.19 AICommand=1.43 AIThink=1.87 AIDrive=15.58 AIEngage=3.10 Gunnery=0.13 ShipStep=73.25 Collision=31.17 Projectiles=0.16 Missiles=3.57 PointDefense=44.40 Drones=5.72 Sensors=1.41 Post=4.73
perf t=25s fps=144.1 frame=7ms | hudDraw=1.2/2 shipViews=0.5/1 physics=0.3/1 sim=0.3/0 audioObserve=0.0/0 contacts=0.0/0 ballistics=0.0/0 fxSync=0.0/0 shipCombat=0.0/0 ordnance=0.0/0 audioListener=0.0/0 fxObserve=0.0/0 combat+am=0.0/0 | draws=524 objects=6396 prims=106523 nodes=2922 gpu=280MB
sim-profile t=24.867s ticks=240 us/tick | Tick=188.08 AI=22.68 AICommand=0.79 AIThink=2.16 AIDrive=15.59 AIEngage=2.86 Gunnery=0.12 ShipStep=72.54 Collision=31.30 Projectiles=0.16 Missiles=3.57 PointDefense=45.56 Drones=5.70 Sensors=1.26 Post=4.62
perf t=29s fps=144.0 frame=7ms | hudDraw=1.2/2 shipViews=0.5/1 physics=0.4/1 sim=0.3/1 audioObserve=0.0/0 contacts=0.0/0 ballistics=0.0/0 shipCombat=0.0/0 fxSync=0.0/0 ordnance=0.0/0 fxObserve=0.0/0 audioListener=0.0/0 combat+am=0.0/0 | draws=546 objects=6420 prims=107599 nodes=2922 gpu=280MB
sim-profile t=28.933s ticks=244 us/tick | Tick=189.62 AI=24.04 AICommand=2.11 AIThink=1.83 AIDrive=15.80 AIEngage=3.07 Gunnery=0.12 ShipStep=73.38 Collision=30.88 Projectiles=0.15 Missiles=3.65 PointDefense=44.95 Drones=5.48 Sensors=1.41 Post=4.79
perf t=33s fps=144.1 frame=7ms | hudDraw=1.3/6 shipViews=0.5/1 physics=0.4/2 sim=0.3/1 audioObserve=0.0/0 contacts=0.0/0 ballistics=0.0/0 shipCombat=0.0/0 fxSync=0.0/0 ordnance=0.0/0 fxObserve=0.0/0 audioListener=0.0/0 combat+am=0.0/0 | draws=520 objects=6377 prims=106519 nodes=2922 gpu=280MB
sim-profile t=32.933s ticks=240 us/tick | Tick=203.95 AI=24.43 AICommand=1.28 AIThink=1.93 AIDrive=15.94 AIEngage=4.27 Gunnery=0.13 ShipStep=78.76 Collision=33.00 Projectiles=0.16 Missiles=4.25 PointDefense=47.54 Drones=5.95 Sensors=1.29 Post=7.83
perf t=37s fps=144.0 frame=7ms | hudDraw=1.2/5 shipViews=0.5/1 physics=0.4/3 sim=0.3/1 audioObserve=0.0/0 contacts=0.0/0 ballistics=0.0/0 shipCombat=0.0/0 fxSync=0.0/0 ordnance=0.0/0 fxObserve=0.0/0 audioListener=0.0/0 combat+am=0.0/0 | draws=512 objects=6354 prims=106293 nodes=2922 gpu=280MB
sim-profile t=36.933s ticks=240 us/tick | Tick=195.03 AI=22.82 AICommand=1.44 AIThink=1.93 AIDrive=15.32 AIEngage=3.11 Gunnery=0.12 ShipStep=76.16 Collision=33.45 Projectiles=0.15 Missiles=3.52 PointDefense=47.13 Drones=5.57 Sensors=1.17 Post=4.35
perf t=41s fps=144.0 frame=7ms | hudDraw=1.2/4 shipViews=0.5/1 physics=0.3/1 sim=0.3/0 audioObserve=0.0/0 contacts=0.0/0 ballistics=0.0/0 shipCombat=0.0/0 fxSync=0.0/0 ordnance=0.0/0 fxObserve=0.0/0 audioListener=0.0/0 combat+am=0.0/0 | draws=532 objects=6373 prims=106828 nodes=2922 gpu=280MB
sim-profile t=41.000s ticks=244 us/tick | Tick=184.04 AI=20.15 AICommand=0.60 AIThink=1.76 AIDrive=14.05 AIEngage=2.73 Gunnery=0.13 ShipStep=72.87 Collision=31.60 Projectiles=0.16 Missiles=3.30 PointDefense=44.45 Drones=5.15 Sensors=1.41 Post=4.26
perf t=45s fps=144.1 frame=7ms | hudDraw=1.2/3 shipViews=0.5/1 physics=0.3/1 sim=0.3/1 audioObserve=0.0/0 contacts=0.0/0 ballistics=0.0/0 shipCombat=0.0/0 fxSync=0.0/0 ordnance=0.0/0 audioListener=0.0/0 fxObserve=0.0/0 combat+am=0.0/0 | draws=550 objects=6392 prims=113159 nodes=2922 gpu=280MB
sim-profile t=45.000s ticks=240 us/tick | Tick=189.07 AI=24.09 AICommand=0.61 AIThink=1.82 AIDrive=15.00 AIEngage=5.68 Gunnery=0.12 ShipStep=72.73 Collision=31.37 Projectiles=0.16 Missiles=3.36 PointDefense=45.84 Drones=5.35 Sensors=1.12 Post=4.33
perf t=49s fps=144.0 frame=7ms | hudDraw=1.2/2 shipViews=0.5/1 physics=0.3/2 sim=0.3/1 audioObserve=0.0/1 contacts=0.0/0 ballistics=0.0/0 shipCombat=0.0/0 fxSync=0.0/0 ordnance=0.0/0 audioListener=0.0/0 fxObserve=0.0/0 combat+am=0.0/0 | draws=541 objects=6329 prims=112709 nodes=2922 gpu=280MB
sim-profile t=49.000s ticks=240 us/tick | Tick=186.20 AI=22.24 AICommand=0.60 AIThink=1.79 AIDrive=14.69 AIEngage=4.09 Gunnery=0.12 ShipStep=69.61 Collision=35.13 Projectiles=0.15 Missiles=3.27 PointDefense=44.47 Drones=5.17 Sensors=1.33 Post=4.16
perf t=53s fps=144.0 frame=7ms | hudDraw=1.1/2 shipViews=0.5/1 physics=0.4/5 sim=0.3/5 audioObserve=0.0/0 contacts=0.0/0 shipCombat=0.0/0 ballistics=0.0/0 fxSync=0.0/0 ordnance=0.0/0 fxObserve=0.0/0 audioListener=0.0/0 combat+am=0.0/0 | draws=513 objects=6337 prims=106147 nodes=2922 gpu=280MB
sim-profile t=53.000s ticks=240 us/tick | Tick=200.94 AI=38.98 AICommand=0.72 AIThink=2.05 AIDrive=14.58 AIEngage=20.54 Gunnery=0.12 ShipStep=70.35 Collision=31.66 Projectiles=0.16 Missiles=3.37 PointDefense=44.92 Drones=5.20 Sensors=1.37 Post=4.22
perf t=57s fps=143.9 frame=7ms | hudDraw=1.2/2 shipViews=0.5/1 physics=0.3/2 sim=0.3/1 contacts=0.0/0 audioObserve=0.0/0 ballistics=0.0/0 shipCombat=0.0/0 fxSync=0.0/0 ordnance=0.0/0 audioListener=0.0/0 fxObserve=0.0/0 combat+am=0.0/0 | draws=530 objects=6370 prims=107015 nodes=2922 gpu=280MB
sim-profile t=57.067s ticks=244 us/tick | Tick=183.15 AI=20.77 AICommand=0.57 AIThink=1.87 AIDrive=14.51 AIEngage=2.72 Gunnery=0.12 ShipStep=72.70 Collision=31.07 Projectiles=0.15 Missiles=3.31 PointDefense=44.04 Drones=5.17 Sensors=1.18 Post=3.99
perf t=61s fps=144.0 frame=7ms | hudDraw=1.2/2 shipViews=0.5/1 physics=0.3/1 sim=0.3/0 audioObserve=0.0/0 contacts=0.0/0 ballistics=0.0/0 shipCombat=0.0/0 fxSync=0.0/0 ordnance=0.0/0 audioListener=0.0/0 fxObserve=0.0/0 combat+am=0.0/0 | draws=563 objects=6429 prims=108263 nodes=2922 gpu=280MB
sim-profile t=61.067s ticks=240 us/tick | Tick=178.66 AI=21.02 AICommand=0.61 AIThink=1.92 AIDrive=14.68 AIEngage=2.84 Gunnery=0.12 ShipStep=68.41 Collision=30.17 Projectiles=0.15 Missiles=3.39 PointDefense=43.96 Drones=5.30 Sensors=1.20 Post=4.36
perf t=65s fps=144.1 frame=7ms | hudDraw=1.2/4 shipViews=0.5/1 physics=0.3/2 sim=0.3/1 audioObserve=0.0/0 contacts=0.0/0 ballistics=0.0/0 shipCombat=0.0/0 fxSync=0.0/0 ordnance=0.0/0 fxObserve=0.0/0 audioListener=0.0/0 combat+am=0.0/0 | draws=536 objects=6424 prims=112423 nodes=2922 gpu=280MB
sim-profile t=65.067s ticks=240 us/tick | Tick=187.58 AI=22.04 AICommand=1.04 AIThink=1.73 AIDrive=15.33 AIEngage=2.95 Gunnery=0.12 ShipStep=72.48 Collision=31.95 Projectiles=0.16 Missiles=3.55 PointDefense=45.61 Drones=5.43 Sensors=1.18 Post=4.42
perf t=69s fps=143.9 frame=7ms | hudDraw=1.2/2 shipViews=0.5/1 physics=0.3/1 sim=0.3/0 contacts=0.0/0 audioObserve=0.0/0 ballistics=0.0/0 fxSync=0.0/0 shipCombat=0.0/0 ordnance=0.0/0 audioListener=0.0/0 fxObserve=0.0/0 combat+am=0.0/0 | draws=564 objects=6421 prims=113428 nodes=2922 gpu=280MB
sim-profile t=69.133s ticks=244 us/tick | Tick=181.24 AI=20.42 AICommand=0.46 AIThink=1.80 AIDrive=14.47 AIEngage=2.67 Gunnery=0.12 ShipStep=70.04 Collision=31.73 Projectiles=0.16 Missiles=3.28 PointDefense=44.12 Drones=5.33 Sensors=1.24 Post=4.16
perf t=73s fps=144.1 frame=7ms | hudDraw=1.4/5 shipViews=0.5/1 physics=0.4/3 sim=0.3/1 audioObserve=0.0/0 contacts=0.0/0 ballistics=0.0/0 shipCombat=0.0/0 fxSync=0.0/0 ordnance=0.0/0 audioListener=0.0/0 fxObserve=0.0/0 combat+am=0.0/0 | draws=590 objects=6454 prims=113937 nodes=2922 gpu=281MB
sim-profile t=73.133s ticks=240 us/tick | Tick=209.94 AI=24.58 AICommand=0.56 AIThink=2.01 AIDrive=17.73 AIEngage=3.14 Gunnery=0.14 ShipStep=80.32 Collision=36.32 Projectiles=0.18 Missiles=4.13 PointDefense=51.44 Drones=5.97 Sensors=1.45 Post=4.74
perf t=77s fps=143.9 frame=7ms | hudDraw=1.3/5 shipViews=0.5/1 physics=0.3/2 sim=0.3/1 audioObserve=0.0/0 contacts=0.0/0 ballistics=0.0/0 shipCombat=0.0/0 fxSync=0.0/0 ordnance=0.0/0 audioListener=0.0/0 fxObserve=0.0/0 combat+am=0.0/0 | draws=611 objects=6458 prims=114945 nodes=2922 gpu=280MB
sim-profile t=77.133s ticks=240 us/tick | Tick=188.16 AI=22.12 AICommand=0.45 AIThink=1.80 AIDrive=15.39 AIEngage=3.15 Gunnery=0.13 ShipStep=73.29 Collision=31.78 Projectiles=0.16 Missiles=3.55 PointDefense=45.53 Drones=5.51 Sensors=1.25 Post=4.22
perf t=81s fps=143.9 frame=7ms | hudDraw=1.2/2 shipViews=0.5/1 physics=0.3/1 sim=0.3/0 audioObserve=0.0/0 contacts=0.0/0 ballistics=0.0/0 fxSync=0.0/0 shipCombat=0.0/0 ordnance=0.0/0 fxObserve=0.0/0 audioListener=0.0/0 combat+am=0.0/0 | draws=588 objects=6429 prims=114321 nodes=2922 gpu=280MB
sim-profile t=81.200s ticks=244 us/tick | Tick=180.59 AI=20.71 AICommand=0.65 AIThink=1.85 AIDrive=14.50 AIEngage=2.76 Gunnery=0.12 ShipStep=71.49 Collision=30.73 Projectiles=0.15 Missiles=3.35 PointDefense=43.09 Drones=5.00 Sensors=1.13 Post=4.24
perf t=85s fps=144.2 frame=7ms | hudDraw=1.2/4 shipViews=0.5/1 physics=0.3/2 sim=0.3/0 audioObserve=0.0/0 contacts=0.0/0 ballistics=0.0/0 shipCombat=0.0/0 fxSync=0.0/0 ordnance=0.0/0 fxObserve=0.0/0 audioListener=0.0/0 combat+am=0.0/0 | draws=581 objects=6414 prims=114079 nodes=2922 gpu=280MB
sim-profile t=85.200s ticks=240 us/tick | Tick=180.22 AI=20.77 AICommand=0.47 AIThink=1.62 AIDrive=14.65 AIEngage=2.98 Gunnery=0.18 ShipStep=69.65 Collision=30.90 Projectiles=0.16 Missiles=3.39 PointDefense=44.18 Drones=5.19 Sensors=1.10 Post=4.12
perf t=89s fps=143.9 frame=7ms | hudDraw=1.2/2 shipViews=0.5/1 physics=0.3/1 sim=0.3/1 audioObserve=0.0/0 contacts=0.0/0 ballistics=0.0/0 shipCombat=0.0/0 fxSync=0.0/0 ordnance=0.0/0 fxObserve=0.0/0 audioListener=0.0/0 combat+am=0.0/0 | draws=521 objects=6384 prims=112687 nodes=2922 gpu=280MB
sim-profile t=89.267s ticks=244 us/tick | Tick=182.20 AI=20.40 AICommand=0.45 AIThink=1.78 AIDrive=14.44 AIEngage=2.75 Gunnery=0.24 ShipStep=71.68 Collision=30.92 Projectiles=0.15 Missiles=3.33 PointDefense=44.13 Drones=5.38 Sensors=1.15 Post=4.18
perf t=93s fps=143.9 frame=7ms | hudDraw=1.2/2 shipViews=0.5/1 physics=0.3/1 sim=0.3/1 audioObserve=0.0/0 contacts=0.0/0 ballistics=0.0/0 shipCombat=0.0/0 fxSync=0.0/0 ordnance=0.0/0 audioListener=0.0/0 fxObserve=0.0/0 combat+am=0.0/0 | draws=537 objects=6381 prims=112505 nodes=2922 gpu=280MB
sim-profile t=93.267s ticks=240 us/tick | Tick=180.47 AI=22.49 AICommand=0.45 AIThink=1.66 AIDrive=13.93 AIEngage=5.51 Gunnery=0.12 ShipStep=69.09 Collision=30.90 Projectiles=0.14 Missiles=3.30 PointDefense=43.52 Drones=5.05 Sensors=1.15 Post=4.15
perf t=97s fps=144.2 frame=7ms | hudDraw=1.4/3 shipViews=0.5/1 physics=0.4/2 sim=0.4/1 audioObserve=0.0/0 contacts=0.0/0 ballistics=0.0/0 shipCombat=0.0/0 fxSync=0.0/0 ordnance=0.0/0 audioListener=0.0/0 fxObserve=0.0/0 combat+am=0.0/0 | draws=521 objects=6398 prims=112642 nodes=2922 gpu=280MB
sim-profile t=97.267s ticks=240 us/tick | Tick=216.19 AI=24.01 AICommand=0.52 AIThink=1.90 AIDrive=17.30 AIEngage=3.16 Gunnery=0.14 ShipStep=84.73 Collision=37.39 Projectiles=0.18 Missiles=4.01 PointDefense=52.99 Drones=6.31 Sensors=1.27 Post=4.47
perf t=101s fps=144.0 frame=7ms | hudDraw=1.3/2 shipViews=0.5/1 physics=0.3/1 sim=0.3/0 audioObserve=0.0/0 contacts=0.0/0 ballistics=0.0/0 shipCombat=0.0/0 fxSync=0.0/0 ordnance=0.0/0 fxObserve=0.0/0 audioListener=0.0/0 combat+am=0.0/0 | draws=526 objects=6414 prims=106519 nodes=2922 gpu=280MB
sim-profile t=101.267s ticks=240 us/tick | Tick=186.82 AI=21.03 AICommand=0.46 AIThink=1.80 AIDrive=14.70 AIEngage=2.86 Gunnery=0.11 ShipStep=72.30 Collision=32.14 Projectiles=0.15 Missiles=3.32 PointDefense=45.95 Drones=5.60 Sensors=1.20 Post=4.37
perf t=105s fps=143.9 frame=7ms | hudDraw=1.3/2 shipViews=0.5/1 physics=0.3/1 sim=0.3/1 audioObserve=0.0/0 contacts=0.0/0 ballistics=0.0/0 shipCombat=0.0/0 fxSync=0.0/0 ordnance=0.0/0 fxObserve=0.0/0 audioListener=0.0/0 combat+am=0.0/0 | draws=524 objects=6403 prims=106579 nodes=2922 gpu=280MB
sim-profile t=105.267s ticks=240 us/tick | Tick=190.01 AI=21.22 AICommand=0.53 AIThink=1.75 AIDrive=15.07 AIEngage=2.85 Gunnery=0.12 ShipStep=74.36 Collision=32.78 Projectiles=0.16 Missiles=3.48 PointDefense=46.36 Drones=5.54 Sensors=1.15 Post=4.17
perf t=109s fps=143.9 frame=7ms | hudDraw=1.3/2 shipViews=0.5/1 physics=0.4/2 sim=0.3/1 audioObserve=0.0/0 contacts=0.0/0 ballistics=0.0/0 shipCombat=0.0/0 fxSync=0.0/0 ordnance=0.0/0 fxObserve=0.0/0 audioListener=0.0/0 combat+am=0.0/0 | draws=512 objects=6319 prims=105995 nodes=2922 gpu=280MB
sim-profile t=109.333s ticks=244 us/tick | Tick=202.92 AI=23.05 AICommand=0.55 AIThink=2.09 AIDrive=15.48 AIEngage=3.06 Gunnery=0.13 ShipStep=77.90 Collision=35.32 Projectiles=0.17 Missiles=3.87 PointDefense=49.88 Drones=6.05 Sensors=1.43 Post=4.47
perf t=113s fps=143.9 frame=7ms | hudDraw=1.3/2 shipViews=0.5/1 physics=0.4/1 sim=0.3/0 audioObserve=0.0/0 contacts=0.0/0 ballistics=0.0/0 shipCombat=0.0/0 fxSync=0.0/0 ordnance=0.0/0 fxObserve=0.0/0 audioListener=0.0/0 combat+am=0.0/0 | draws=551 objects=6448 prims=107635 nodes=2922 gpu=281MB
sim-profile t=113.333s ticks=240 us/tick | Tick=193.32 AI=22.42 AICommand=0.49 AIThink=1.75 AIDrive=16.19 AIEngage=2.96 Gunnery=0.12 ShipStep=74.35 Collision=33.29 Projectiles=0.16 Missiles=3.61 PointDefense=47.71 Drones=5.66 Sensors=1.26 Post=4.13
perf t=117s fps=144.1 frame=7ms | hudDraw=1.4/3 shipViews=0.5/1 physics=0.4/1 sim=0.3/0 audioObserve=0.0/0 contacts=0.0/0 ballistics=0.0/0 shipCombat=0.0/0 fxSync=0.0/0 ordnance=0.0/0 audioListener=0.0/0 fxObserve=0.0/0 combat+am=0.0/0 | draws=532 objects=6410 prims=107013 nodes=2922 gpu=280MB
sim-profile t=117.333s ticks=240 us/tick | Tick=199.40 AI=22.08 AICommand=0.56 AIThink=1.76 AIDrive=15.47 AIEngage=3.16 Gunnery=0.13 ShipStep=78.41 Collision=34.01 Projectiles=0.16 Missiles=3.73 PointDefense=48.62 Drones=5.86 Sensors=1.21 Post=4.42
perf t=121s fps=143.9 frame=7ms | hudDraw=1.4/5 shipViews=0.5/2 physics=0.4/2 sim=0.3/0 audioObserve=0.0/0 contacts=0.0/0 shipCombat=0.0/0 ballistics=0.0/0 fxSync=0.0/0 ordnance=0.0/0 audioListener=0.0/0 fxObserve=0.0/0 combat+am=0.0/0 | draws=566 objects=6408 prims=108487 nodes=2922 gpu=280MB
sim-profile t=121.400s ticks=244 us/tick | Tick=199.70 AI=21.91 AICommand=0.48 AIThink=1.98 AIDrive=15.51 AIEngage=2.85 Gunnery=0.13 ShipStep=77.57 Collision=34.09 Projectiles=0.17 Missiles=3.67 PointDefense=48.83 Drones=5.71 Sensors=1.28 Post=5.67
perf t=125s fps=144.0 frame=7ms | hudDraw=1.2/2 shipViews=0.5/1 physics=0.3/1 sim=0.3/0 contacts=0.0/0 audioObserve=0.0/0 ballistics=0.0/0 shipCombat=0.0/0 fxSync=0.0/0 ordnance=0.0/0 fxObserve=0.0/0 audioListener=0.0/0 combat+am=0.0/0 | draws=575 objects=6417 prims=108607 nodes=2922 gpu=280MB
sim-profile t=125.400s ticks=240 us/tick | Tick=188.44 AI=21.42 AICommand=0.55 AIThink=2.08 AIDrive=14.86 AIEngage=2.92 Gunnery=0.12 ShipStep=72.45 Collision=31.98 Projectiles=0.16 Missiles=3.47 PointDefense=46.19 Drones=5.48 Sensors=1.45 Post=5.12
perf t=129s fps=144.2 frame=7ms | hudDraw=1.3/2 shipViews=0.5/1 physics=0.4/2 sim=0.3/1 audioObserve=0.0/0 contacts=0.0/0 ballistics=0.0/0 shipCombat=0.0/0 fxSync=0.0/0 ordnance=0.0/0 audioListener=0.0/0 fxObserve=0.0/0 combat+am=0.0/0 | draws=559 objects=6399 prims=108085 nodes=2922 gpu=280MB
sim-profile t=129.400s ticks=240 us/tick | Tick=196.17 AI=22.09 AICommand=0.42 AIThink=2.19 AIDrive=15.19 AIEngage=3.28 Gunnery=0.12 ShipStep=76.82 Collision=33.61 Projectiles=0.22 Missiles=3.80 PointDefense=47.45 Drones=5.64 Sensors=1.20 Post=4.61
perf t=133s fps=143.5 frame=7ms | hudDraw=1.3/5 shipViews=0.5/1 physics=0.4/3 sim=0.4/2 audioObserve=0.0/0 contacts=0.0/0 ballistics=0.0/0 shipCombat=0.0/0 fxSync=0.0/0 ordnance=0.0/0 audioListener=0.0/0 fxObserve=0.0/0 combat+am=0.0/0 | draws=579 objects=6459 prims=108863 nodes=2922 gpu=281MB
sim-profile t=133.467s ticks=244 us/tick | Tick=221.26 AI=38.55 AICommand=0.61 AIThink=1.67 AIDrive=18.49 AIEngage=16.70 Gunnery=0.13 ShipStep=81.00 Collision=35.07 Projectiles=0.18 Missiles=3.77 PointDefense=50.26 Drones=5.86 Sensors=1.35 Post=4.46
perf t=137s fps=144.5 frame=7ms | hudDraw=1.3/3 shipViews=0.5/1 physics=0.3/1 sim=0.3/0 audioObserve=0.0/0 contacts=0.0/0 ballistics=0.0/0 fxSync=0.0/0 shipCombat=0.0/0 ordnance=0.0/0 fxObserve=0.0/0 audioListener=0.0/0 combat+am=0.0/0 | draws=577 objects=6459 prims=108782 nodes=2922 gpu=280MB
sim-profile t=137.467s ticks=240 us/tick | Tick=184.15 AI=23.69 AICommand=0.61 AIThink=1.66 AIDrive=15.36 AIEngage=5.02 Gunnery=0.13 ShipStep=70.63 Collision=31.15 Projectiles=0.15 Missiles=3.39 PointDefense=43.88 Drones=5.23 Sensors=1.17 Post=4.16
perf t=141s fps=143.9 frame=7ms | hudDraw=1.2/2 shipViews=0.5/1 physics=0.3/1 sim=0.3/0 audioObserve=0.0/0 contacts=0.0/0 ballistics=0.0/0 shipCombat=0.0/0 fxSync=0.0/0 ordnance=0.0/0 fxObserve=0.0/0 audioListener=0.0/0 combat+am=0.0/0 | draws=556 objects=6394 prims=107967 nodes=2922 gpu=280MB
sim-profile t=141.467s ticks=240 us/tick | Tick=188.65 AI=25.66 AICommand=0.48 AIThink=1.98 AIDrive=16.71 AIEngage=5.38 Gunnery=0.12 ShipStep=72.04 Collision=31.02 Projectiles=0.16 Missiles=3.39 PointDefense=44.64 Drones=5.33 Sensors=1.24 Post=4.45
perf t=146s fps=140.9 frame=7ms | hudDraw=1.3/4 shipViews=0.5/2 physics=0.5/6 sim=0.4/4 fxSync=0.3/16 ordnance=0.1/13 contacts=0.0/1 fxObserve=0.0/1 audioObserve=0.0/0 ballistics=0.0/0 shipCombat=0.0/0 audioListener=0.0/0 combat+am=0.0/0 | draws=528 objects=6392 prims=107069 nodes=2930 gpu=280MB
sim-profile t=145.533s ticks=244 us/tick | Tick=232.11 AI=35.00 AICommand=0.62 AIThink=2.48 AIDrive=17.23 AIEngage=13.56 Gunnery=0.13 ShipStep=76.87 Collision=34.29 Projectiles=0.17 Missiles=18.33 PointDefense=53.91 Drones=6.90 Sensors=1.30 Post=4.58
perf t=150s fps=143.0 frame=7ms | hudDraw=1.4/6 shipViews=0.5/1 physics=0.4/2 sim=0.3/1 fxSync=0.2/1 ordnance=0.0/0 audioObserve=0.0/0 contacts=0.0/0 fxObserve=0.0/0 ballistics=0.0/0 shipCombat=0.0/0 audioListener=0.0/0 combat+am=0.0/0 | draws=532 objects=6396 prims=107426 nodes=2938 gpu=280MB
sim-profile t=149.533s ticks=240 us/tick | Tick=204.96 AI=25.58 AICommand=0.46 AIThink=2.00 AIDrive=16.75 AIEngage=5.30 Gunnery=0.13 ShipStep=74.81 Collision=32.47 Projectiles=0.17 Missiles=6.74 PointDefense=52.20 Drones=6.97 Sensors=1.12 Post=4.17
perf t=154s fps=144.2 frame=7ms | hudDraw=1.4/5 shipViews=0.5/1 physics=0.4/3 sim=0.4/1 fxSync=0.2/1 ordnance=0.0/0 contacts=0.0/0 audioObserve=0.0/0 ballistics=0.0/0 shipCombat=0.0/0 fxObserve=0.0/0 audioListener=0.0/0 combat+am=0.0/0 | draws=542 objects=6423 prims=107881 nodes=2938 gpu=281MB
sim-profile t=153.533s ticks=240 us/tick | Tick=219.01 AI=26.59 AICommand=0.45 AIThink=2.03 AIDrive=17.09 AIEngage=5.74 Gunnery=0.13 ShipStep=78.14 Collision=34.35 Projectiles=0.15 Missiles=8.05 PointDefense=56.94 Drones=8.23 Sensors=1.22 Post=4.56
perf t=158s fps=144.0 frame=7ms | hudDraw=1.4/3 shipViews=0.5/1 physics=0.4/3 sim=0.4/1 fxSync=0.2/1 audioObserve=0.0/0 ordnance=0.0/0 contacts=0.0/0 ballistics=0.0/0 fxObserve=0.0/0 shipCombat=0.0/0 audioListener=0.0/0 combat+am=0.0/0 | draws=540 objects=6434 prims=108155 nodes=2938 gpu=281MB
sim-profile t=157.533s ticks=240 us/tick | Tick=210.70 AI=25.94 AICommand=0.63 AIThink=1.95 AIDrive=16.63 AIEngage=5.70 Gunnery=0.13 ShipStep=74.55 Collision=33.00 Projectiles=0.19 Missiles=7.67 PointDefense=55.17 Drones=7.85 Sensors=1.14 Post=4.44
perf t=162s fps=142.8 frame=7ms | hudDraw=1.5/5 shipViews=0.5/2 physics=0.4/3 sim=0.4/2 fxSync=0.3/1 ordnance=0.0/0 audioObserve=0.0/0 contacts=0.0/0 fxObserve=0.0/1 ballistics=0.0/0 shipCombat=0.0/0 audioListener=0.0/0 combat+am=0.0/0 | draws=551 objects=6446 prims=109080 nodes=2938 gpu=281MB
sim-profile t=161.533s ticks=240 us/tick | Tick=233.03 AI=34.04 AICommand=3.51 AIThink=2.40 AIDrive=21.12 AIEngage=5.95 Gunnery=0.14 ShipStep=80.72 Collision=35.91 Projectiles=0.18 Missiles=7.68 PointDefense=59.35 Drones=8.67 Sensors=1.36 Post=4.35
perf t=166s fps=144.2 frame=7ms | hudDraw=1.4/5 shipViews=0.5/1 physics=0.5/4 sim=0.4/1 fxSync=0.3/1 audioObserve=0.0/0 contacts=0.0/0 ordnance=0.0/0 fxObserve=0.0/0 ballistics=0.0/0 shipCombat=0.0/0 audioListener=0.0/0 combat+am=0.0/0 | draws=537 objects=6437 prims=109840 nodes=2938 gpu=281MB
sim-profile t=165.533s ticks=240 us/tick | Tick=262.69 AI=31.62 AICommand=0.87 AIThink=2.38 AIDrive=20.60 AIEngage=6.56 Gunnery=0.16 ShipStep=93.02 Collision=41.26 Projectiles=0.20 Missiles=9.58 PointDefense=69.87 Drones=9.70 Sensors=1.71 Post=4.81
perf t=170s fps=144.0 frame=7ms | hudDraw=1.4/4 shipViews=0.5/2 physics=0.4/4 sim=0.4/1 fxSync=0.4/1 ordnance=0.0/0 audioObserve=0.0/0 contacts=0.0/0 fxObserve=0.0/0 ballistics=0.0/0 shipCombat=0.0/0 audioListener=0.0/0 combat+am=0.0/0 | draws=527 objects=6451 prims=109566 nodes=2938 gpu=280MB
sim-profile t=169.533s ticks=240 us/tick | Tick=238.22 AI=30.13 AICommand=0.51 AIThink=2.22 AIDrive=17.85 AIEngage=8.41 Gunnery=0.14 ShipStep=86.69 Collision=36.76 Projectiles=0.18 Missiles=8.48 PointDefense=60.67 Drones=8.75 Sensors=1.41 Post=4.30
perf t=174s fps=143.7 frame=7ms | hudDraw=1.4/3 physics=0.6/4 sim=0.5/1 shipViews=0.5/1 fxSync=0.4/1 audioObserve=0.0/2 ordnance=0.0/1 contacts=0.0/0 fxObserve=0.0/0 ballistics=0.0/0 shipCombat=0.0/0 audioListener=0.0/0 combat+am=0.0/0 | draws=550 objects=6480 prims=110994 nodes=2947 gpu=280MB
sim-profile t=173.600s ticks=244 us/tick | Tick=305.17 AI=56.28 AICommand=0.46 AIThink=2.15 AIDrive=20.61 AIEngage=31.92 Gunnery=0.14 ShipStep=91.45 Collision=35.18 Projectiles=0.18 Missiles=11.22 PointDefense=91.65 Drones=12.49 Sensors=1.27 Post=4.59
perf t=178s fps=144.3 frame=7ms | hudDraw=1.4/4 shipViews=0.5/2 physics=0.5/5 sim=0.4/1 fxSync=0.4/1 ordnance=0.1/5 audioObserve=0.0/2 fxObserve=0.0/1 contacts=0.0/0 ballistics=0.0/0 shipCombat=0.0/0 audioListener=0.0/0 combat+am=0.0/0 | draws=559 objects=6539 prims=110636 nodes=2953 gpu=281MB
sim-profile t=177.600s ticks=240 us/tick | Tick=251.48 AI=39.09 AICommand=0.51 AIThink=2.08 AIDrive=20.89 AIEngage=14.54 Gunnery=0.14 ShipStep=80.95 Collision=34.45 Projectiles=0.17 Missiles=11.81 PointDefense=65.84 Drones=12.26 Sensors=1.21 Post=4.88
perf t=182s fps=141.9 frame=7ms | hudDraw=1.5/2 physics=0.6/11 sim=0.5/6 shipViews=0.5/1 fxSync=0.4/1 shipCombat=0.1/14 audioObserve=0.1/3 ordnance=0.0/0 contacts=0.0/0 fxObserve=0.0/1 ballistics=0.0/0 audioListener=0.0/0 combat+am=0.0/0 | draws=586 objects=6625 prims=111242 nodes=2955 gpu=281MB
sim-profile t=181.667s ticks=244 us/tick | Tick=288.73 AI=46.25 AICommand=0.59 AIThink=2.03 AIDrive=18.85 AIEngage=23.78 Gunnery=0.13 ShipStep=85.30 Collision=33.22 Projectiles=0.16 Missiles=36.91 PointDefense=70.97 Drones=9.24 Sensors=1.12 Post=4.63
perf t=186s fps=143.9 frame=7ms | hudDraw=1.7/6 physics=0.5/4 shipViews=0.5/1 sim=0.5/1 fxSync=0.3/1 audioObserve=0.0/1 ordnance=0.0/0 contacts=0.0/0 fxObserve=0.0/0 ballistics=0.0/0 shipCombat=0.0/0 audioListener=0.0/0 combat+am=0.0/0 | draws=633 objects=6695 prims=114892 nodes=2959 gpu=281MB
sim-profile t=185.667s ticks=240 us/tick | Tick=293.57 AI=52.28 AICommand=0.45 AIThink=2.57 AIDrive=23.98 AIEngage=24.10 Gunnery=0.16 ShipStep=102.51 Collision=39.65 Projectiles=0.20 Missiles=11.47 PointDefense=69.75 Drones=9.83 Sensors=2.05 Post=4.89
perf t=190s fps=144.3 frame=7ms | hudDraw=1.6/4 shipViews=0.5/1 physics=0.5/4 sim=0.4/1 fxSync=0.2/1 ordnance=0.0/0 audioObserve=0.0/0 contacts=0.0/0 ballistics=0.0/0 fxObserve=0.0/0 shipCombat=0.0/0 audioListener=0.0/0 combat+am=0.0/0 | draws=644 objects=6693 prims=119578 nodes=2959 gpu=281MB
sim-profile t=189.667s ticks=240 us/tick | Tick=264.79 AI=48.87 AICommand=0.53 AIThink=2.08 AIDrive=19.56 AIEngage=25.64 Gunnery=0.20 ShipStep=93.55 Collision=35.95 Projectiles=0.19 Missiles=9.60 PointDefense=60.88 Drones=9.14 Sensors=1.24 Post=4.29
perf t=194s fps=143.8 frame=7ms | hudDraw=1.6/4 shipViews=0.5/1 physics=0.5/4 sim=0.4/1 fxSync=0.3/1 ordnance=0.0/0 audioObserve=0.0/0 contacts=0.0/0 ballistics=0.0/0 fxObserve=0.0/0 shipCombat=0.0/0 audioListener=0.0/0 combat+am=0.0/0 | draws=672 objects=6678 prims=124231 nodes=2959 gpu=281MB
sim-profile t=193.667s ticks=240 us/tick | Tick=260.37 AI=47.51 AICommand=0.49 AIThink=2.19 AIDrive=20.12 AIEngage=23.58 Gunnery=0.13 ShipStep=91.15 Collision=35.48 Projectiles=0.17 Missiles=9.29 PointDefense=61.24 Drones=8.90 Sensors=1.23 Post=4.56
perf t=198s fps=144.0 frame=7ms | hudDraw=1.5/4 shipViews=0.5/2 physics=0.4/2 sim=0.4/0 fxSync=0.3/1 ordnance=0.0/0 audioObserve=0.0/0 contacts=0.0/0 ballistics=0.0/0 fxObserve=0.0/0 shipCombat=0.0/0 audioListener=0.0/0 combat+am=0.0/0 | draws=652 objects=6690 prims=121915 nodes=2959 gpu=281MB
sim-profile t=197.733s ticks=244 us/tick | Tick=244.71 AI=44.70 AICommand=0.49 AIThink=1.98 AIDrive=18.22 AIEngage=22.78 Gunnery=0.13 ShipStep=84.91 Collision=33.50 Projectiles=0.15 Missiles=9.15 PointDefense=57.83 Drones=8.46 Sensors=1.15 Post=4.04
perf t=202s fps=144.1 frame=7ms | hudDraw=1.5/4 shipViews=0.5/1 physics=0.4/4 sim=0.4/1 fxSync=0.3/1 ordnance=0.0/0 audioObserve=0.0/0 contacts=0.0/0 fxObserve=0.0/0 ballistics=0.0/0 shipCombat=0.0/0 audioListener=0.0/0 combat+am=0.0/0 | draws=652 objects=6640 prims=123025 nodes=2959 gpu=281MB
sim-profile t=201.733s ticks=240 us/tick | Tick=246.71 AI=44.23 AICommand=0.49 AIThink=2.07 AIDrive=18.82 AIEngage=21.83 Gunnery=0.14 ShipStep=86.64 Collision=33.00 Projectiles=0.16 Missiles=9.56 PointDefense=58.32 Drones=8.40 Sensors=1.46 Post=4.13
perf t=206s fps=142.9 frame=7ms | hudDraw=1.5/5 shipViews=0.5/1 physics=0.5/3 sim=0.4/1 fxSync=0.4/1 ordnance=0.0/0 audioObserve=0.0/0 contacts=0.0/0 fxObserve=0.0/0 ballistics=0.0/0 shipCombat=0.0/0 audioListener=0.0/0 combat+am=0.0/0 | draws=607 objects=6600 prims=112783 nodes=2959 gpu=281MB
sim-profile t=205.733s ticks=240 us/tick | Tick=253.44 AI=45.32 AICommand=0.41 AIThink=1.94 AIDrive=19.31 AIEngage=22.60 Gunnery=0.13 ShipStep=89.06 Collision=34.18 Projectiles=0.16 Missiles=11.08 PointDefense=58.89 Drones=8.62 Sensors=1.24 Post=4.10
perf t=210s fps=144.2 frame=7ms | hudDraw=1.5/3 physics=0.5/2 shipViews=0.5/1 sim=0.5/0 fxSync=0.4/1 ordnance=0.0/0 contacts=0.0/0 audioObserve=0.0/0 fxObserve=0.0/0 ballistics=0.0/0 shipCombat=0.0/0 audioListener=0.0/0 combat+am=0.0/0 | draws=579 objects=6553 prims=111568 nodes=2963 gpu=281MB
sim-profile t=209.733s ticks=240 us/tick | Tick=281.62 AI=60.39 AICommand=0.40 AIThink=1.97 AIDrive=19.91 AIEngage=37.11 Gunnery=0.12 ShipStep=83.41 Collision=31.02 Projectiles=0.15 Missiles=11.33 PointDefense=78.74 Drones=10.46 Sensors=1.18 Post=4.14
perf t=214s fps=144.1 frame=7ms | hudDraw=1.5/3 physics=0.5/4 sim=0.5/1 shipViews=0.5/1 fxSync=0.3/1 ordnance=0.0/0 audioObserve=0.0/0 contacts=0.0/0 fxObserve=0.0/0 ballistics=0.0/0 shipCombat=0.0/0 audioListener=0.0/0 combat+am=0.0/0 | draws=588 objects=6531 prims=112058 nodes=2978 gpu=281MB
sim-profile t=213.733s ticks=240 us/tick | Tick=302.06 AI=65.03 AICommand=0.55 AIThink=1.97 AIDrive=20.98 AIEngage=40.46 Gunnery=0.13 ShipStep=89.76 Collision=33.38 Projectiles=0.22 Missiles=13.83 PointDefense=81.90 Drones=11.68 Sensors=1.28 Post=4.15
perf t=218s fps=144.0 frame=7ms | hudDraw=1.5/3 physics=0.5/4 shipViews=0.5/1 sim=0.5/1 fxSync=0.4/1 ordnance=0.0/0 audioObserve=0.0/0 contacts=0.0/0 fxObserve=0.0/0 ballistics=0.0/0 shipCombat=0.0/0 audioListener=0.0/0 combat+am=0.0/0 | draws=561 objects=6507 prims=111428 nodes=2986 gpu=281MB
sim-profile t=217.733s ticks=240 us/tick | Tick=276.81 AI=53.82 AICommand=0.42 AIThink=2.24 AIDrive=20.03 AIEngage=30.09 Gunnery=0.22 ShipStep=89.16 Collision=33.97 Projectiles=0.18 Missiles=14.43 PointDefense=69.40 Drones=9.55 Sensors=1.13 Post=4.22
perf t=222s fps=143.9 frame=7ms | hudDraw=1.5/2 shipViews=0.5/1 physics=0.4/2 sim=0.4/1 fxSync=0.4/1 ordnance=0.0/0 contacts=0.0/1 audioObserve=0.0/0 fxObserve=0.0/0 ballistics=0.0/0 shipCombat=0.0/0 audioListener=0.0/0 combat+am=0.0/0 | draws=541 objects=6436 prims=109280 nodes=2982 gpu=281MB
sim-profile t=221.800s ticks=244 us/tick | Tick=228.59 AI=27.03 AICommand=0.43 AIThink=2.21 AIDrive=16.13 AIEngage=7.06 Gunnery=0.13 ShipStep=74.77 Collision=32.90 Projectiles=0.16 Missiles=13.09 PointDefense=64.41 Drones=9.87 Sensors=1.33 Post=4.20
perf t=226s fps=144.0 frame=7ms | hudDraw=1.6/3 shipViews=0.5/1 physics=0.5/2 sim=0.4/0 fxSync=0.3/1 ordnance=0.0/0 contacts=0.0/1 audioObserve=0.0/0 ballistics=0.0/0 fxObserve=0.0/0 shipCombat=0.0/0 audioListener=0.0/0 combat+am=0.0/0 | draws=533 objects=6432 prims=107786 nodes=2982 gpu=281MB
sim-profile t=225.800s ticks=240 us/tick | Tick=254.99 AI=30.01 AICommand=0.50 AIThink=2.37 AIDrive=18.06 AIEngage=7.97 Gunnery=0.14 ShipStep=82.91 Collision=37.11 Projectiles=0.20 Missiles=13.86 PointDefense=72.75 Drones=11.14 Sensors=1.39 Post=4.51
perf t=230s fps=144.0 frame=7ms | hudDraw=1.6/3 shipViews=0.5/1 physics=0.5/2 sim=0.4/1 fxSync=0.3/0 ordnance=0.0/0 audioObserve=0.0/0 contacts=0.0/0 ballistics=0.0/0 fxObserve=0.0/0 shipCombat=0.0/0 audioListener=0.0/0 combat+am=0.0/0 | draws=536 objects=6436 prims=108344 nodes=2982 gpu=281MB
sim-profile t=229.800s ticks=240 us/tick | Tick=262.36 AI=34.80 AICommand=0.52 AIThink=2.54 AIDrive=22.46 AIEngage=8.15 Gunnery=0.14 ShipStep=84.60 Collision=37.25 Projectiles=0.18 Missiles=14.10 PointDefense=73.36 Drones=11.15 Sensors=1.36 Post=4.59
perf t=234s fps=144.1 frame=7ms | hudDraw=1.6/3 shipViews=0.5/1 physics=0.5/2 sim=0.4/1 fxSync=0.4/1 ordnance=0.0/0 audioObserve=0.0/0 contacts=0.0/0 fxObserve=0.0/0 ballistics=0.0/0 shipCombat=0.0/0 audioListener=0.0/0 combat+am=0.0/0 | draws=549 objects=6460 prims=110136 nodes=2982 gpu=281MB
sim-profile t=233.800s ticks=240 us/tick | Tick=264.99 AI=30.94 AICommand=0.62 AIThink=2.51 AIDrive=18.43 AIEngage=8.21 Gunnery=0.15 ShipStep=86.03 Collision=38.94 Projectiles=0.19 Missiles=14.30 PointDefense=75.82 Drones=11.68 Sensors=1.30 Post=4.76
perf t=238s fps=144.0 frame=7ms | hudDraw=1.6/2 shipViews=0.5/1 physics=0.5/1 sim=0.4/0 fxSync=0.4/1 ordnance=0.0/0 audioObserve=0.0/0 contacts=0.0/0 fxObserve=0.0/0 ballistics=0.0/0 shipCombat=0.0/0 audioListener=0.0/0 combat+am=0.0/0 | draws=534 objects=6442 prims=110639 nodes=2982 gpu=281MB
sim-profile t=237.800s ticks=240 us/tick | Tick=247.94 AI=29.58 AICommand=0.49 AIThink=2.29 AIDrive=17.26 AIEngage=8.43 Gunnery=0.20 ShipStep=80.21 Collision=36.24 Projectiles=0.17 Missiles=13.58 PointDefense=70.70 Drones=10.69 Sensors=1.35 Post=4.45
perf t=242s fps=141.4 frame=7ms | hudDraw=1.5/3 shipViews=0.5/1 physics=0.5/3 sim=0.5/1 fxSync=0.4/1 ordnance=0.0/0 audioObserve=0.0/0 contacts=0.0/0 fxObserve=0.0/0 ballistics=0.0/0 shipCombat=0.0/0 audioListener=0.0/0 combat+am=0.0/0 | draws=559 objects=6458 prims=111174 nodes=2982 gpu=281MB
sim-profile t=241.800s ticks=240 us/tick | Tick=278.16 AI=43.39 AICommand=0.47 AIThink=2.38 AIDrive=18.96 AIEngage=20.44 Gunnery=0.15 ShipStep=89.52 Collision=37.78 Projectiles=0.19 Missiles=15.18 PointDefense=73.74 Drones=11.28 Sensors=1.35 Post=4.73
perf t=246s fps=144.6 frame=7ms | hudDraw=1.6/3 physics=0.6/3 sim=0.6/1 shipViews=0.5/1 fxSync=0.4/1 ordnance=0.0/0 audioObserve=0.0/0 contacts=0.0/0 fxObserve=0.0/0 ballistics=0.0/0 shipCombat=0.0/0 audioListener=0.0/0 combat+am=0.0/0 | draws=540 objects=6405 prims=108573 nodes=2982 gpu=281MB
sim-profile t=245.867s ticks=244 us/tick | Tick=352.92 AI=68.28 AICommand=0.43 AIThink=2.51 AIDrive=23.04 AIEngage=41.01 Gunnery=0.17 ShipStep=101.91 Collision=39.78 Projectiles=0.20 Missiles=17.50 PointDefense=103.49 Drones=14.47 Sensors=1.38 Post=4.93
perf t=250s fps=144.1 frame=7ms | hudDraw=1.5/3 physics=0.6/2 shipViews=0.5/1 sim=0.5/1 fxSync=0.3/1 ordnance=0.0/0 audioObserve=0.0/0 contacts=0.0/0 ballistics=0.0/0 shipCombat=0.0/0 fxObserve=0.0/0 audioListener=0.0/0 combat+am=0.0/0 | draws=538 objects=6408 prims=107764 nodes=2983 gpu=281MB
sim-profile t=249.867s ticks=240 us/tick | Tick=312.49 AI=55.03 AICommand=0.45 AIThink=2.41 AIDrive=20.69 AIEngage=30.21 Gunnery=0.15 ShipStep=92.66 Collision=37.29 Projectiles=0.25 Missiles=17.12 PointDefense=90.22 Drones=12.76 Sensors=1.28 Post=4.89
perf t=254s fps=143.8 frame=7ms | hudDraw=1.4/3 shipViews=0.5/2 physics=0.5/2 sim=0.4/1 fxSync=0.2/0 ordnance=0.0/0 audioObserve=0.0/0 contacts=0.0/0 ballistics=0.0/0 shipCombat=0.0/0 fxObserve=0.0/0 audioListener=0.0/0 combat+am=0.0/0 | draws=554 objects=6446 prims=107814 nodes=2987 gpu=281MB
sim-profile t=253.933s ticks=244 us/tick | Tick=261.20 AI=45.33 AICommand=0.46 AIThink=2.18 AIDrive=19.10 AIEngage=22.58 Gunnery=0.13 ShipStep=88.02 Collision=33.50 Projectiles=0.16 Missiles=13.48 PointDefense=64.57 Drones=9.88 Sensors=1.15 Post=4.27
perf t=258s fps=144.2 frame=7ms | hudDraw=1.4/2 physics=0.5/7 sim=0.5/6 shipViews=0.5/1 fxSync=0.2/0 ordnance=0.0/0 audioObserve=0.0/0 contacts=0.0/0 ballistics=0.0/0 fxObserve=0.0/0 shipCombat=0.0/0 audioListener=0.0/0 combat+am=0.0/0 | draws=588 objects=6480 prims=109572 nodes=2987 gpu=281MB
sim-profile t=257.933s ticks=240 us/tick | Tick=301.41 AI=72.97 AICommand=24.31 AIThink=2.30 AIDrive=19.51 AIEngage=25.75 Gunnery=0.14 ShipStep=91.66 Collision=35.13 Projectiles=0.16 Missiles=14.05 PointDefense=70.04 Drones=11.01 Sensors=1.22 Post=4.26
perf t=262s fps=142.9 frame=7ms | hudDraw=1.4/4 shipViews=0.5/1 physics=0.5/3 sim=0.4/1 fxSync=0.2/1 ordnance=0.0/0 audioObserve=0.0/0 contacts=0.0/0 ballistics=0.0/0 fxObserve=0.0/0 shipCombat=0.0/0 audioListener=0.0/0 combat+am=0.0/0 | draws=582 objects=6418 prims=109815 nodes=2987 gpu=281MB
sim-profile t=261.933s ticks=240 us/tick | Tick=266.37 AI=47.52 AICommand=0.85 AIThink=2.12 AIDrive=19.50 AIEngage=23.93 Gunnery=0.13 ShipStep=87.30 Collision=34.19 Projectiles=0.17 Missiles=12.61 PointDefense=67.07 Drones=10.72 Sensors=1.50 Post=4.38
perf t=266s fps=142.9 frame=7ms | hudDraw=1.4/4 physics=0.5/4 shipViews=0.5/1 sim=0.5/1 fxSync=0.3/1 ordnance=0.0/0 audioObserve=0.0/0 contacts=0.0/0 fxObserve=0.0/0 ballistics=0.0/0 shipCombat=0.0/0 audioListener=0.0/0 combat+am=0.0/0 | draws=579 objects=6388 prims=110471 nodes=2987 gpu=281MB
sim-profile t=265.933s ticks=240 us/tick | Tick=287.60 AI=51.82 AICommand=0.73 AIThink=2.40 AIDrive=20.99 AIEngage=26.60 Gunnery=0.14 ShipStep=95.63 Collision=36.63 Projectiles=0.18 Missiles=11.67 PointDefense=73.73 Drones=11.59 Sensors=1.10 Post=4.31
perf t=270s fps=143.6 frame=7ms | hudDraw=1.3/4 physics=0.5/4 shipViews=0.5/1 sim=0.4/1 fxSync=0.3/1 ordnance=0.0/0 audioObserve=0.0/0 contacts=0.0/0 fxObserve=0.0/0 ballistics=0.0/0 shipCombat=0.0/0 audioListener=0.0/0 combat+am=0.0/0 | draws=577 objects=6421 prims=111537 nodes=2987 gpu=281MB
sim-profile t=269.933s ticks=240 us/tick | Tick=269.52 AI=46.05 AICommand=0.86 AIThink=2.17 AIDrive=19.49 AIEngage=22.48 Gunnery=0.13 ShipStep=92.00 Collision=34.74 Projectiles=0.16 Missiles=11.23 PointDefense=68.35 Drones=10.48 Sensors=1.26 Post=4.42
perf t=274s fps=144.6 frame=7ms | hudDraw=1.4/3 physics=0.5/4 shipViews=0.5/1 sim=0.5/1 fxSync=0.4/1 ordnance=0.0/0 audioObserve=0.0/0 contacts=0.0/0 fxObserve=0.0/0 ballistics=0.0/0 shipCombat=0.0/0 audioListener=0.0/0 combat+am=0.0/0 | draws=576 objects=6444 prims=111995 nodes=2987 gpu=281MB
sim-profile t=273.933s ticks=240 us/tick | Tick=288.20 AI=54.11 AICommand=0.73 AIThink=2.51 AIDrive=19.65 AIEngage=30.10 Gunnery=0.14 ShipStep=95.50 Collision=36.09 Projectiles=0.17 Missiles=12.49 PointDefense=71.94 Drones=11.28 Sensors=1.50 Post=4.25
perf t=278s fps=144.0 frame=7ms | hudDraw=1.4/3 physics=0.6/4 sim=0.5/1 shipViews=0.5/1 fxSync=0.4/1 ordnance=0.0/0 audioObserve=0.0/0 contacts=0.0/0 fxObserve=0.0/0 ballistics=0.0/0 shipCombat=0.0/0 audioListener=0.0/0 combat+am=0.0/0 | draws=530 objects=6399 prims=110109 nodes=2991 gpu=281MB
sim-profile t=277.933s ticks=240 us/tick | Tick=309.33 AI=64.87 AICommand=0.74 AIThink=2.38 AIDrive=21.15 AIEngage=39.55 Gunnery=0.21 ShipStep=94.43 Collision=35.53 Projectiles=0.17 Missiles=13.80 PointDefense=82.69 Drones=11.38 Sensors=1.36 Post=4.21
perf t=282s fps=143.9 frame=7ms | hudDraw=1.4/2 physics=0.5/2 sim=0.5/1 shipViews=0.5/1 fxSync=0.4/1 ordnance=0.0/0 audioObserve=0.0/0 contacts=0.0/0 fxObserve=0.0/0 ballistics=0.0/0 shipCombat=0.0/0 audioListener=0.0/0 combat+am=0.0/0 | draws=539 objects=6372 prims=109991 nodes=2991 gpu=281MB
sim-profile t=282.000s ticks=244 us/tick | Tick=302.06 AI=68.19 AICommand=0.61 AIThink=3.38 AIDrive=20.96 AIEngage=42.15 Gunnery=0.13 ShipStep=89.58 Collision=34.27 Projectiles=0.16 Missiles=13.89 PointDefense=74.99 Drones=14.61 Sensors=1.23 Post=4.31
perf t=286s fps=140.2 frame=7ms | hudDraw=1.5/3 physics=0.6/5 sim=0.6/3 shipViews=0.5/1 fxSync=0.4/1 ballistics=0.3/32 ordnance=0.0/0 audioObserve=0.0/0 contacts=0.0/1 fxObserve=0.0/0 shipCombat=0.0/0 audioListener=0.0/0 combat+am=0.0/0 | draws=532 objects=6366 prims=109085 nodes=3062 gpu=281MB
sim-profile t=286.000s ticks=240 us/tick | Tick=335.99 AI=62.85 AICommand=0.99 AIThink=2.28 AIDrive=21.37 AIEngage=36.99 Gunnery=0.14 ShipStep=91.10 Collision=35.34 Projectiles=0.18 Missiles=29.23 PointDefense=96.51 Drones=14.22 Sensors=1.20 Post=4.49
perf t=290s fps=144.0 frame=7ms | hudDraw=1.4/3 physics=0.5/4 sim=0.5/1 shipViews=0.5/1 fxSync=0.3/1 ordnance=0.0/0 ballistics=0.0/0 audioObserve=0.0/0 contacts=0.0/0 fxObserve=0.0/0 shipCombat=0.0/0 audioListener=0.0/0 combat+am=0.0/0 | draws=540 objects=6403 prims=108675 nodes=3074 gpu=281MB
sim-profile t=290.000s ticks=240 us/tick | Tick=296.33 AI=51.30 AICommand=0.62 AIThink=2.28 AIDrive=19.86 AIEngage=27.44 Gunnery=0.15 ShipStep=87.45 Collision=35.49 Projectiles=0.19 Missiles=17.75 PointDefense=82.96 Drones=14.32 Sensors=1.39 Post=4.58
perf t=294s fps=143.8 frame=7ms | hudDraw=1.5/5 physics=0.5/5 shipViews=0.5/1 sim=0.5/1 fxSync=0.2/1 ordnance=0.0/0 contacts=0.0/0 audioObserve=0.0/0 ballistics=0.0/0 fxObserve=0.0/0 shipCombat=0.0/0 audioListener=0.0/0 combat+am=0.0/0 | draws=550 objects=6425 prims=108649 nodes=3074 gpu=281MB
sim-profile t=294.067s ticks=244 us/tick | Tick=292.18 AI=52.01 AICommand=0.98 AIThink=2.22 AIDrive=20.97 AIEngage=26.71 Gunnery=0.14 ShipStep=84.61 Collision=34.56 Projectiles=0.23 Missiles=16.56 PointDefense=83.27 Drones=14.34 Sensors=1.37 Post=4.28
perf t=298s fps=144.0 frame=7ms | hudDraw=1.4/2 shipViews=0.5/1 physics=0.5/2 sim=0.4/1 fxSync=0.3/1 ordnance=0.0/0 audioObserve=0.0/0 contacts=0.0/0 ballistics=0.0/0 shipCombat=0.0/0 fxObserve=0.0/0 audioListener=0.0/0 combat+am=0.0/0 | draws=544 objects=6415 prims=109884 nodes=3074 gpu=281MB
sim-profile t=298.067s ticks=240 us/tick | Tick=259.40 AI=29.68 AICommand=1.02 AIThink=2.47 AIDrive=16.31 AIEngage=8.91 Gunnery=0.14 ShipStep=76.90 Collision=33.84 Projectiles=0.16 Missiles=15.32 PointDefense=83.27 Drones=13.62 Sensors=1.38 Post=4.12
perf t=302s fps=143.6 frame=7ms | hudDraw=1.4/4 shipViews=0.5/1 physics=0.5/4 fxSync=0.5/1 sim=0.5/1 ordnance=0.0/0 audioObserve=0.0/0 contacts=0.0/0 fxObserve=0.0/0 ballistics=0.0/0 shipCombat=0.0/0 audioListener=0.0/0 combat+am=0.0/0 | draws=532 objects=6402 prims=111988 nodes=3074 gpu=281MB
sim-profile t=302.067s ticks=240 us/tick | Tick=269.91 AI=32.46 AICommand=0.99 AIThink=2.37 AIDrive=17.16 AIEngage=10.90 Gunnery=0.14 ShipStep=78.32 Collision=35.23 Projectiles=0.17 Missiles=16.15 PointDefense=86.36 Drones=14.48 Sensors=1.35 Post=4.48
perf t=306s fps=144.6 frame=7ms | hudDraw=1.5/4 fxSync=0.6/1 shipViews=0.5/1 physics=0.5/3 sim=0.4/1 ordnance=0.0/0 audioObserve=0.0/0 contacts=0.0/0 fxObserve=0.0/0 ballistics=0.0/0 shipCombat=0.0/0 audioListener=0.0/0 combat+am=0.0/0 | draws=562 objects=6433 prims=115572 nodes=3074 gpu=281MB
sim-profile t=306.067s ticks=240 us/tick | Tick=262.91 AI=31.23 AICommand=0.62 AIThink=2.39 AIDrive=18.24 AIEngage=8.98 Gunnery=0.14 ShipStep=76.88 Collision=34.88 Projectiles=0.17 Missiles=16.44 PointDefense=82.62 Drones=14.06 Sensors=1.20 Post=4.49
perf t=310s fps=144.0 frame=7ms | hudDraw=1.5/2 fxSync=0.7/1 physics=0.5/2 shipViews=0.5/1 sim=0.5/1 ordnance=0.0/0 audioObserve=0.0/0 fxObserve=0.0/0 contacts=0.0/0 ballistics=0.0/0 shipCombat=0.0/0 audioListener=0.0/0 combat+am=0.0/0 | draws=548 objects=6421 prims=114902 nodes=3067 gpu=281MB
sim-profile t=310.067s ticks=240 us/tick | Tick=289.22 AI=37.86 AICommand=0.62 AIThink=2.27 AIDrive=16.52 AIEngage=17.45 Gunnery=0.13 ShipStep=78.60 Collision=34.31 Projectiles=0.16 Missiles=16.75 PointDefense=100.75 Drones=14.43 Sensors=1.24 Post=4.22
perf t=314s fps=143.7 frame=7ms | hudDraw=1.5/2 physics=0.7/4 sim=0.6/3 fxSync=0.6/1 shipViews=0.5/1 ordnance=0.0/0 ballistics=0.0/1 audioObserve=0.0/1 contacts=0.0/0 fxObserve=0.0/0 shipCombat=0.0/0 audioListener=0.0/0 combat+am=0.0/0 | draws=534 objects=6392 prims=111954 nodes=3059 gpu=281MB
sim-profile t=314.133s ticks=244 us/tick | Tick=378.48 AI=89.05 AICommand=0.60 AIThink=16.23 AIDrive=21.03 AIEngage=50.08 Gunnery=0.14 ShipStep=97.34 Collision=36.03 Projectiles=0.18 Missiles=18.18 PointDefense=114.86 Drones=15.75 Sensors=1.35 Post=4.84
perf t=318s fps=141.7 frame=7ms | hudDraw=1.5/3 physics=0.6/3 sim=0.6/1 shipViews=0.5/1 fxSync=0.4/1 ballistics=0.2/18 ordnance=0.0/0 audioObserve=0.0/0 contacts=0.0/0 shipCombat=0.0/0 fxObserve=0.0/0 audioListener=0.0/0 combat+am=0.0/0 | draws=549 objects=6445 prims=127002 nodes=3076 gpu=281MB
sim-profile t=318.067s ticks=236 us/tick | Tick=346.21 AI=86.06 AICommand=0.60 AIThink=11.13 AIDrive=20.91 AIEngage=52.28 Gunnery=0.13 ShipStep=91.02 Collision=34.38 Projectiles=0.17 Missiles=16.58 PointDefense=97.76 Drones=13.47 Sensors=1.33 Post=4.59
perf t=322s fps=145.4 frame=7ms | hudDraw=1.4/3 physics=0.6/3 sim=0.5/1 shipViews=0.5/1 fxSync=0.4/1 ballistics=0.0/0 ordnance=0.0/0 audioObserve=0.0/0 contacts=0.0/0 fxObserve=0.0/0 shipCombat=0.0/0 audioListener=0.0/0 combat+am=0.0/0 | draws=536 objects=6414 prims=109593 nodes=3091 gpu=281MB
sim-profile t=322.133s ticks=244 us/tick | Tick=316.31 AI=71.70 AICommand=0.62 AIThink=8.71 AIDrive=19.64 AIEngage=41.58 Gunnery=0.13 ShipStep=90.31 Collision=34.03 Projectiles=0.18 Missiles=17.03 PointDefense=81.96 Drones=14.16 Sensors=1.34 Post=4.69
perf t=326s fps=144.1 frame=7ms | hudDraw=1.4/3 physics=0.6/4 sim=0.6/1 shipViews=0.5/1 fxSync=0.3/1 ordnance=0.0/0 audioObserve=0.0/0 contacts=0.0/0 ballistics=0.0/0 fxObserve=0.0/0 shipCombat=0.0/0 audioListener=0.0/0 combat+am=0.0/0 | draws=566 objects=6454 prims=110139 nodes=3099 gpu=281MB
sim-profile t=326.133s ticks=240 us/tick | Tick=347.65 AI=60.11 AICommand=1.20 AIThink=3.48 AIDrive=20.63 AIEngage=33.55 Gunnery=0.14 ShipStep=97.13 Collision=37.91 Projectiles=0.28 Missiles=24.11 PointDefense=101.71 Drones=18.66 Sensors=1.63 Post=5.08
perf t=330s fps=143.9 frame=7ms | hudDraw=1.4/4 physics=0.5/3 sim=0.5/1 shipViews=0.5/1 fxSync=0.3/1 ordnance=0.0/0 audioObserve=0.0/0 contacts=0.0/0 ballistics=0.0/0 fxObserve=0.0/0 shipCombat=0.0/0 audioListener=0.0/0 combat+am=0.0/0 | draws=577 objects=6475 prims=113113 nodes=3099 gpu=281MB
sim-profile t=330.200s ticks=244 us/tick | Tick=297.46 AI=48.28 AICommand=0.63 AIThink=2.31 AIDrive=18.18 AIEngage=26.13 Gunnery=0.13 ShipStep=84.48 Collision=32.95 Projectiles=0.16 Missiles=19.40 PointDefense=89.10 Drones=16.58 Sensors=1.34 Post=4.30
perf t=334s fps=143.9 frame=7ms | hudDraw=1.5/3 fxSync=0.6/2 physics=0.6/3 sim=0.5/1 shipViews=0.5/1 ordnance=0.0/1 contacts=0.0/0 audioObserve=0.0/0 fxObserve=0.0/0 ballistics=0.0/0 shipCombat=0.0/0 audioListener=0.0/0 combat+am=0.0/0 | draws=564 objects=6486 prims=116071 nodes=3099 gpu=281MB
sim-profile t=334.200s ticks=240 us/tick | Tick=312.47 AI=49.95 AICommand=0.50 AIThink=2.40 AIDrive=19.43 AIEngage=26.58 Gunnery=0.14 ShipStep=89.16 Collision=34.41 Projectiles=0.18 Missiles=20.78 PointDefense=93.70 Drones=17.62 Sensors=1.26 Post=4.56
perf t=338s fps=144.2 frame=7ms | hudDraw=1.5/2 fxSync=0.8/1 physics=0.5/2 sim=0.5/1 shipViews=0.5/1 ordnance=0.0/0 fxObserve=0.0/0 audioObserve=0.0/0 contacts=0.0/0 ballistics=0.0/0 shipCombat=0.0/0 audioListener=0.0/0 combat+am=0.0/0 | draws=575 objects=6489 prims=119463 nodes=3099 gpu=281MB
sim-profile t=338.200s ticks=240 us/tick | Tick=298.27 AI=48.79 AICommand=0.56 AIThink=2.30 AIDrive=17.95 AIEngage=26.93 Gunnery=0.13 ShipStep=85.09 Collision=32.63 Projectiles=0.15 Missiles=20.92 PointDefense=88.49 Drones=16.21 Sensors=1.18 Post=4.02
perf t=342s fps=143.9 frame=7ms | hudDraw=1.5/2 fxSync=1.0/1 physics=0.6/2 sim=0.5/1 shipViews=0.5/1 ordnance=0.0/0 fxObserve=0.0/0 audioObserve=0.0/0 contacts=0.0/0 ballistics=0.0/0 shipCombat=0.0/0 audioListener=0.0/0 combat+am=0.0/0 | draws=541 objects=6450 prims=121225 nodes=3099 gpu=281MB
sim-profile t=342.200s ticks=240 us/tick | Tick=321.91 AI=45.17 AICommand=0.51 AIThink=2.35 AIDrive=17.88 AIEngage=23.42 Gunnery=0.13 ShipStep=82.78 Collision=33.75 Projectiles=0.17 Missiles=23.62 PointDefense=113.38 Drones=16.75 Sensors=1.18 Post=4.29
perf t=346s fps=141.7 frame=7ms | hudDraw=1.5/3 fxSync=1.1/2 physics=0.8/3 sim=0.7/1 shipViews=0.5/1 ordnance=0.0/0 fxObserve=0.0/0 audioObserve=0.0/0 contacts=0.0/0 ballistics=0.0/0 shipCombat=0.0/0 audioListener=0.0/0 combat+am=0.0/0 | draws=541 objects=6437 prims=123062 nodes=3095 gpu=281MB
sim-profile t=346.133s ticks=236 us/tick | Tick=418.89 AI=84.86 AICommand=0.68 AIThink=2.56 AIDrive=23.91 AIEngage=56.59 Gunnery=0.14 ShipStep=96.11 Collision=36.07 Projectiles=0.19 Missiles=26.52 PointDefense=143.66 Drones=22.93 Sensors=1.37 Post=6.26
perf t=350s fps=138.3 frame=7ms | hudDraw=1.5/2 fxSync=1.0/1 physics=0.8/3 sim=0.7/1 shipViews=0.5/1 ballistics=0.1/1 ordnance=0.0/0 audioObserve=0.0/0 fxObserve=0.0/0 contacts=0.0/0 shipCombat=0.0/0 audioListener=0.0/0 combat+am=0.0/0 | draws=546 objects=6428 prims=117357 nodes=3087 gpu=281MB
sim-profile t=350.200s ticks=244 us/tick | Tick=414.70 AI=94.68 AICommand=0.48 AIThink=10.47 AIDrive=21.18 AIEngage=61.33 Gunnery=0.14 ShipStep=94.88 Collision=36.32 Projectiles=0.18 Missiles=23.28 PointDefense=139.27 Drones=18.96 Sensors=1.31 Post=4.87
perf t=354s fps=144.2 frame=7ms | hudDraw=1.5/3 fxSync=0.7/1 physics=0.7/5 sim=0.7/3 shipViews=0.5/1 ballistics=0.1/1 ordnance=0.0/0 audioObserve=0.0/0 fxObserve=0.0/0 contacts=0.0/0 shipCombat=0.0/0 audioListener=0.0/0 combat+am=0.0/0 | draws=582 objects=6422 prims=116493 nodes=3120 gpu=281MB
sim-profile t=354.267s ticks=244 us/tick | Tick=400.14 AI=92.36 AICommand=0.51 AIThink=11.27 AIDrive=21.28 AIEngage=58.17 Gunnery=0.13 ShipStep=104.44 Collision=36.29 Projectiles=0.19 Missiles=22.95 PointDefense=119.61 Drones=17.36 Sensors=1.27 Post=4.77
perf t=358s fps=143.2 frame=7ms | hudDraw=1.5/2 physics=0.6/2 sim=0.6/1 shipViews=0.5/1 fxSync=0.5/1 ordnance=0.0/0 ballistics=0.0/0 audioObserve=0.0/0 contacts=0.0/0 fxObserve=0.0/0 shipCombat=0.0/0 audioListener=0.0/0 combat+am=0.0/0 | draws=583 objects=6479 prims=131177 nodes=3154 gpu=281MB
sim-profile t=358.267s ticks=240 us/tick | Tick=339.51 AI=57.19 AICommand=0.49 AIThink=5.89 AIDrive=18.90 AIEngage=30.82 Gunnery=0.14 ShipStep=88.23 Collision=35.48 Projectiles=0.18 Missiles=26.12 PointDefense=104.12 Drones=19.36 Sensors=1.35 Post=6.57
perf t=362s fps=144.6 frame=7ms | hudDraw=1.5/2 physics=0.7/5 sim=0.6/1 shipViews=0.5/1 fxSync=0.5/1 ordnance=0.0/0 audioObserve=0.0/0 contacts=0.0/0 fxObserve=0.0/0 ballistics=0.0/0 shipCombat=0.0/0 audioListener=0.0/0 combat+am=0.0/0 | draws=563 objects=6406 prims=115413 nodes=3144 gpu=281MB
sim-profile t=362.333s ticks=244 us/tick | Tick=360.95 AI=54.18 AICommand=0.51 AIThink=2.85 AIDrive=19.47 AIEngage=30.24 Gunnery=0.15 ShipStep=97.47 Collision=36.10 Projectiles=0.17 Missiles=30.07 PointDefense=114.42 Drones=21.71 Sensors=1.42 Post=4.49
perf t=366s fps=144.2 frame=7ms | hudDraw=1.5/2 fxSync=0.7/1 physics=0.6/2 sim=0.6/1 shipViews=0.5/1 ordnance=0.0/1 fxObserve=0.0/0 audioObserve=0.0/0 contacts=0.0/0 ballistics=0.0/0 shipCombat=0.0/0 audioListener=0.0/0 combat+am=0.0/0 | draws=606 objects=6509 prims=160351 nodes=3144 gpu=281MB
sim-profile t=366.333s ticks=240 us/tick | Tick=341.83 AI=52.99 AICommand=0.54 AIThink=2.63 AIDrive=19.26 AIEngage=29.46 Gunnery=0.14 ShipStep=89.22 Collision=35.15 Projectiles=0.18 Missiles=28.74 PointDefense=108.70 Drones=20.43 Sensors=1.25 Post=4.33
perf t=370s fps=142.8 frame=7ms | hudDraw=1.6/2 fxSync=0.9/1 physics=0.6/2 sim=0.6/1 shipViews=0.5/1 ordnance=0.0/0 fxObserve=0.0/0 audioObserve=0.0/0 contacts=0.0/0 ballistics=0.0/0 shipCombat=0.0/0 audioListener=0.0/0 combat+am=0.0/0 | draws=660 objects=6581 prims=170275 nodes=3144 gpu=281MB
sim-profile t=370.333s ticks=240 us/tick | Tick=351.50 AI=55.03 AICommand=0.45 AIThink=2.59 AIDrive=19.36 AIEngage=31.58 Gunnery=0.14 ShipStep=91.08 Collision=36.24 Projectiles=0.18 Missiles=30.50 PointDefense=111.02 Drones=20.90 Sensors=1.29 Post=4.34
perf t=374s fps=139.9 frame=7ms | hudDraw=1.6/2 fxSync=1.2/1 physics=0.7/3 sim=0.6/2 shipViews=0.5/1 ordnance=0.0/0 fxObserve=0.0/0 audioObserve=0.0/0 contacts=0.0/0 ballistics=0.0/0 shipCombat=0.0/0 audioListener=0.0/0 combat+am=0.0/0 | draws=647 objects=6493 prims=173083 nodes=3144 gpu=281MB
sim-profile t=374.333s ticks=240 us/tick | Tick=355.50 AI=55.79 AICommand=1.16 AIThink=3.15 AIDrive=20.33 AIEngage=30.07 Gunnery=0.14 ShipStep=91.92 Collision=35.26 Projectiles=0.18 Missiles=32.16 PointDefense=109.79 Drones=21.30 Sensors=1.30 Post=6.84
perf t=378s fps=133.1 frame=8ms | hudDraw=1.6/3 fxSync=1.3/2 physics=0.9/4 sim=0.8/1 shipViews=0.5/2 ordnance=0.1/0 audioObserve=0.0/2 fxObserve=0.0/0 contacts=0.0/0 ballistics=0.0/0 shipCombat=0.0/0 audioListener=0.0/0 combat+am=0.0/0 | draws=594 objects=6547 prims=200821 nodes=3182 gpu=281MB
sim-profile t=378.333s ticks=240 us/tick | Tick=472.98 AI=79.93 AICommand=0.54 AIThink=6.31 AIDrive=22.14 AIEngage=49.74 Gunnery=0.14 ShipStep=92.30 Collision=35.70 Projectiles=0.19 Missiles=38.24 PointDefense=193.93 Drones=25.60 Sensors=1.26 Post=4.88
perf t=382s fps=128.7 frame=8ms | hudDraw=1.6/2 fxSync=1.2/2 physics=1.0/4 sim=1.0/1 shipViews=0.5/1 ballistics=0.1/1 ordnance=0.1/0 fxObserve=0.0/0 audioObserve=0.0/0 contacts=0.0/0 shipCombat=0.0/0 audioListener=0.0/0 combat+am=0.0/0 | draws=602 objects=6583 prims=167053 nodes=3234 gpu=281MB
sim-profile t=382.267s ticks=236 us/tick | Tick=529.49 AI=109.44 AICommand=0.55 AIThink=13.93 AIDrive=22.38 AIEngage=71.42 Gunnery=0.14 ShipStep=95.11 Collision=36.23 Projectiles=0.20 Missiles=40.44 PointDefense=212.80 Drones=27.98 Sensors=1.27 Post=5.11
perf t=386s fps=138.1 frame=7ms | hudDraw=1.6/2 fxSync=0.9/1 physics=0.8/3 sim=0.7/1 shipViews=0.5/1 ballistics=0.1/2 ordnance=0.1/0 audioObserve=0.0/0 fxObserve=0.0/0 contacts=0.0/0 shipCombat=0.0/0 audioListener=0.0/0 combat+am=0.0/0 | draws=648 objects=6684 prims=187097 nodes=3218 gpu=281MB
sim-profile t=386.333s ticks=244 us/tick | Tick=426.99 AI=79.73 AICommand=0.58 AIThink=14.53 AIDrive=21.75 AIEngage=41.69 Gunnery=0.13 ShipStep=85.95 Collision=35.79 Projectiles=0.19 Missiles=37.45 PointDefense=152.39 Drones=28.56 Sensors=1.24 Post=4.80
perf t=390s fps=139.7 frame=7ms | hudDraw=1.7/2 fxSync=0.9/1 physics=0.8/3 sim=0.7/1 shipViews=0.5/1 ordnance=0.1/0 ballistics=0.0/1 fxObserve=0.0/0 audioObserve=0.0/0 contacts=0.0/0 shipCombat=0.0/0 audioListener=0.0/0 combat+am=0.0/0 | draws=765 objects=6822 prims=209433 nodes=3210 gpu=281MB
sim-profile t=390.333s ticks=240 us/tick | Tick=420.16 AI=70.53 AICommand=0.48 AIThink=7.10 AIDrive=19.76 AIEngage=41.98 Gunnery=0.14 ShipStep=89.89 Collision=36.11 Projectiles=0.18 Missiles=34.49 PointDefense=154.67 Drones=26.82 Sensors=1.47 Post=5.08
perf t=394s fps=133.1 frame=8ms | hudDraw=1.7/3 fxSync=1.1/1 physics=0.8/3 sim=0.7/1 shipViews=0.5/1 ordnance=0.1/0 fxObserve=0.0/0 contacts=0.0/1 audioObserve=0.0/0 ballistics=0.0/0 shipCombat=0.0/0 audioListener=0.0/0 combat+am=0.0/0 | draws=859 objects=6903 prims=302475 nodes=3206 gpu=281MB
sim-profile t=394.333s ticks=240 us/tick | Tick=387.68 AI=66.84 AICommand=0.53 AIThink=6.17 AIDrive=20.22 AIEngage=38.77 Gunnery=0.14 ShipStep=93.04 Collision=35.49 Projectiles=0.18 Missiles=33.15 PointDefense=126.54 Drones=25.39 Sensors=1.35 Post=4.84
perf t=398s fps=123.3 frame=8ms | hudDraw=1.8/3 fxSync=1.4/2 physics=0.8/2 sim=0.8/1 shipViews=0.5/1 ordnance=0.1/0 fxObserve=0.0/0 audioObserve=0.0/0 contacts=0.0/0 ballistics=0.0/0 shipCombat=0.0/0 audioListener=0.0/0 combat+am=0.0/0 | draws=863 objects=6939 prims=324791 nodes=3206 gpu=281MB
sim-profile t=398.400s ticks=244 us/tick | Tick=388.81 AI=58.44 AICommand=0.58 AIThink=3.01 AIDrive=20.58 AIEngage=33.13 Gunnery=0.16 ShipStep=93.63 Collision=37.18 Projectiles=0.24 Missiles=35.45 PointDefense=131.09 Drones=25.47 Sensors=1.45 Post=4.91
perf t=402s fps=119.0 frame=8ms | hudDraw=1.9/3 fxSync=1.4/2 physics=1.1/4 sim=1.0/1 shipViews=0.5/1 ordnance=0.1/0 fxObserve=0.0/0 audioObserve=0.0/0 contacts=0.0/0 ballistics=0.0/0 shipCombat=0.0/0 audioListener=0.0/0 combat+am=0.0/0 | draws=743 objects=6876 prims=300257 nodes=3250 gpu=281MB
sim-profile t=402.467s ticks=244 us/tick | Tick=481.02 AI=79.43 AICommand=0.50 AIThink=6.04 AIDrive=22.51 AIEngage=49.18 Gunnery=0.15 ShipStep=97.27 Collision=36.97 Projectiles=0.20 Missiles=39.38 PointDefense=191.29 Drones=29.23 Sensors=1.25 Post=5.08
perf t=406s fps=118.7 frame=8ms | hudDraw=1.8/2 fxSync=1.4/2 physics=1.3/3 sim=1.2/1 shipViews=0.5/1 ordnance=0.1/0 ballistics=0.1/1 fxObserve=0.0/0 audioObserve=0.0/0 contacts=0.0/0 shipCombat=0.0/0 audioListener=0.0/0 combat+am=0.0/0 | draws=684 objects=6728 prims=236213 nodes=3231 gpu=281MB
sim-profile t=406.467s ticks=240 us/tick | Tick=589.22 AI=116.02 AICommand=0.61 AIThink=14.01 AIDrive=23.44 AIEngage=76.77 Gunnery=0.14 ShipStep=99.36 Collision=37.07 Projectiles=0.20 Missiles=48.66 PointDefense=242.57 Drones=37.94 Sensors=1.30 Post=5.19
perf t=410s fps=122.3 frame=8ms | hudDraw=1.7/2 fxSync=1.3/2 physics=1.2/3 sim=1.2/1 shipViews=0.5/1 ballistics=0.1/5 ordnance=0.1/0 fxObserve=0.0/0 audioObserve=0.0/0 contacts=0.0/0 shipCombat=0.0/0 audioListener=0.0/0 combat+am=0.0/0 | draws=726 objects=6798 prims=280407 nodes=3258 gpu=281MB
sim-profile t=410.467s ticks=240 us/tick | Tick=592.77 AI=119.19 AICommand=0.53 AIThink=14.46 AIDrive=22.65 AIEngage=80.39 Gunnery=0.22 ShipStep=95.26 Collision=36.38 Projectiles=0.18 Missiles=57.53 PointDefense=235.63 Drones=41.32 Sensors=1.30 Post=4.98
perf t=414s fps=126.6 frame=8ms | hudDraw=1.7/2 fxSync=1.3/2 physics=0.9/2 sim=0.9/1 shipViews=0.5/1 ordnance=0.1/0 ballistics=0.0/1 fxObserve=0.0/0 audioObserve=0.0/0 contacts=0.0/0 shipCombat=0.0/0 audioListener=0.0/0 combat+am=0.0/0 | draws=758 objects=6843 prims=278489 nodes=3251 gpu=281MB
sim-profile t=414.467s ticks=240 us/tick | Tick=460.45 AI=93.94 AICommand=0.49 AIThink=14.42 AIDrive=21.44 AIEngage=56.39 Gunnery=0.14 ShipStep=89.12 Collision=35.98 Projectiles=0.19 Missiles=47.11 PointDefense=154.96 Drones=31.91 Sensors=1.28 Post=4.96
perf t=418s fps=129.8 frame=8ms | hudDraw=1.8/2 fxSync=1.2/1 physics=0.8/3 sim=0.8/1 shipViews=0.5/1 ordnance=0.1/0 fxObserve=0.0/0 audioObserve=0.0/0 contacts=0.0/0 ballistics=0.0/0 shipCombat=0.0/0 audioListener=0.0/0 combat+am=0.0/0 | draws=733 objects=6812 prims=256289 nodes=3250 gpu=281MB
sim-profile t=418.467s ticks=240 us/tick | Tick=423.41 AI=70.53 AICommand=0.51 AIThink=5.52 AIDrive=20.59 AIEngage=42.78 Gunnery=0.15 ShipStep=87.56 Collision=35.49 Projectiles=0.20 Missiles=45.31 PointDefense=147.08 Drones=30.49 Sensors=1.25 Post=4.55
perf t=422s fps=128.7 frame=8ms | hudDraw=1.8/2 fxSync=1.3/2 physics=0.8/2 sim=0.8/1 shipViews=0.5/1 ordnance=0.1/0 fxObserve=0.0/0 audioObserve=0.0/0 contacts=0.0/0 ballistics=0.0/0 shipCombat=0.0/0 audioListener=0.0/0 combat+am=0.0/0 | draws=769 objects=6850 prims=260831 nodes=3250 gpu=281MB
sim-profile t=422.467s ticks=240 us/tick | Tick=417.86 AI=63.13 AICommand=0.53 AIThink=3.09 AIDrive=20.73 AIEngage=37.71 Gunnery=0.15 ShipStep=87.65 Collision=35.92 Projectiles=0.20 Missiles=45.61 PointDefense=147.88 Drones=30.56 Sensors=1.28 Post=4.66
perf t=426s fps=122.8 frame=8ms | hudDraw=1.8/2 fxSync=1.4/2 physics=1.0/2 sim=0.9/1 shipViews=0.5/1 ordnance=0.1/0 fxObserve=0.0/0 audioObserve=0.0/0 contacts=0.0/0 ballistics=0.0/0 shipCombat=0.0/0 audioListener=0.0/0 combat+am=0.0/0 | draws=728 objects=6770 prims=211532 nodes=3234 gpu=281MB
sim-profile t=426.467s ticks=240 us/tick | Tick=454.45 AI=67.69 AICommand=0.55 AIThink=3.13 AIDrive=21.28 AIEngage=41.64 Gunnery=0.14 ShipStep=90.35 Collision=35.84 Projectiles=0.17 Missiles=46.08 PointDefense=176.87 Drones=30.44 Sensors=1.25 Post=4.78
perf t=431s fps=118.6 frame=8ms | hudDraw=1.8/3 fxSync=1.3/2 physics=1.2/3 sim=1.1/1 shipViews=0.5/1 ballistics=0.1/1 ordnance=0.1/0 fxObserve=0.0/0 audioObserve=0.0/0 contacts=0.0/0 shipCombat=0.0/0 audioListener=0.0/0 combat+am=0.0/0 | draws=732 objects=6791 prims=225498 nodes=3243 gpu=281MB
sim-profile t=430.533s ticks=244 us/tick | Tick=550.13 AI=105.31 AICommand=0.58 AIThink=11.50 AIDrive=23.03 AIEngage=69.04 Gunnery=0.15 ShipStep=99.59 Collision=36.12 Projectiles=0.19 Missiles=56.22 PointDefense=208.01 Drones=37.16 Sensors=1.37 Post=5.25
perf t=435s fps=125.8 frame=8ms | hudDraw=1.7/2 physics=1.1/3 sim=1.0/1 fxSync=1.0/1 shipViews=0.5/1 ballistics=0.2/5 ordnance=0.1/0 audioObserve=0.0/0 fxObserve=0.0/0 contacts=0.0/1 shipCombat=0.0/0 audioListener=0.0/0 combat+am=0.0/0 | draws=719 objects=6783 prims=213073 nodes=3259 gpu=281MB
sim-profile t=434.533s ticks=240 us/tick | Tick=544.25 AI=112.41 AICommand=0.51 AIThink=14.07 AIDrive=22.28 AIEngage=74.36 Gunnery=0.14 ShipStep=94.03 Collision=35.24 Projectiles=0.18 Missiles=52.35 PointDefense=207.57 Drones=35.26 Sensors=1.22 Post=5.09
perf t=439s fps=135.2 frame=7ms | hudDraw=1.7/2 physics=0.9/5 sim=0.8/3 fxSync=0.8/1 shipViews=0.5/1 ballistics=0.1/1 ordnance=0.1/0 fxObserve=0.0/1 audioObserve=0.0/0 contacts=0.0/0 shipCombat=0.0/0 audioListener=0.0/0 combat+am=0.0/0 | draws=625 objects=6680 prims=170629 nodes=3273 gpu=281MB
sim-profile t=438.600s ticks=244 us/tick | Tick=461.15 AI=89.00 AICommand=0.64 AIThink=10.96 AIDrive=21.03 AIEngage=55.25 Gunnery=0.14 ShipStep=87.98 Collision=35.60 Projectiles=0.19 Missiles=45.32 PointDefense=164.22 Drones=31.68 Sensors=1.24 Post=5.00
perf t=443s fps=135.6 frame=7ms | hudDraw=1.8/3 fxSync=1.0/1 physics=0.8/2 sim=0.7/1 shipViews=0.5/1 ordnance=0.1/0 fxObserve=0.0/0 audioObserve=0.0/0 contacts=0.0/0 ballistics=0.0/0 shipCombat=0.0/0 audioListener=0.0/0 combat+am=0.0/0 | draws=629 objects=6675 prims=143151 nodes=3273 gpu=281MB
sim-profile t=442.600s ticks=240 us/tick | Tick=411.17 AI=65.37 AICommand=0.59 AIThink=7.03 AIDrive=20.82 AIEngage=35.78 Gunnery=0.15 ShipStep=89.24 Collision=35.53 Projectiles=0.19 Missiles=41.08 PointDefense=143.30 Drones=29.31 Sensors=1.33 Post=4.91
perf t=447s fps=132.7 frame=8ms | hudDraw=1.8/2 fxSync=1.3/2 physics=0.8/2 sim=0.7/1 shipViews=0.5/1 ordnance=0.1/0 fxObserve=0.0/0 audioObserve=0.0/0 contacts=0.0/0 ballistics=0.0/0 shipCombat=0.0/0 audioListener=0.0/0 combat+am=0.0/0 | draws=667 objects=6708 prims=148995 nodes=3273 gpu=281MB
sim-profile t=446.600s ticks=240 us/tick | Tick=400.71 AI=60.61 AICommand=0.56 AIThink=3.04 AIDrive=21.56 AIEngage=34.36 Gunnery=0.15 ShipStep=90.21 Collision=35.29 Projectiles=0.28 Missiles=36.79 PointDefense=141.56 Drones=29.06 Sensors=1.37 Post=4.66
perf t=451s fps=125.3 frame=8ms | hudDraw=1.8/2 fxSync=1.4/2 physics=0.9/2 sim=0.8/1 shipViews=0.5/1 ordnance=0.1/0 ballistics=0.1/1 fxObserve=0.0/0 audioObserve=0.0/0 contacts=0.0/0 shipCombat=0.0/0 audioListener=0.0/0 combat+am=0.0/0 | draws=621 objects=6679 prims=146492 nodes=3257 gpu=281MB
sim-profile t=450.600s ticks=240 us/tick | Tick=424.25 AI=68.37 AICommand=0.51 AIThink=5.71 AIDrive=20.53 AIEngage=40.46 Gunnery=0.14 ShipStep=89.21 Collision=34.85 Projectiles=0.18 Missiles=37.19 PointDefense=157.77 Drones=29.74 Sensors=1.28 Post=4.76
perf t=455s fps=119.5 frame=8ms | hudDraw=1.8/3 fxSync=1.3/2 physics=1.1/3 sim=1.1/1 shipViews=0.5/1 ballistics=0.1/1 ordnance=0.1/0 fxObserve=0.0/0 audioObserve=0.0/0 contacts=0.0/0 shipCombat=0.0/0 audioListener=0.0/0 combat+am=0.0/0 | draws=681 objects=6828 prims=208912 nodes=3267 gpu=281MB
sim-profile t=454.600s ticks=240 us/tick | Tick=525.40 AI=109.90 AICommand=0.57 AIThink=13.22 AIDrive=22.98 AIEngage=71.94 Gunnery=0.15 ShipStep=99.23 Collision=35.39 Projectiles=0.19 Missiles=42.58 PointDefense=193.96 Drones=36.63 Sensors=1.30 Post=5.31
perf t=459s fps=123.9 frame=8ms | hudDraw=1.8/3 physics=1.1/3 fxSync=1.1/1 sim=1.0/1 shipViews=0.5/1 ordnance=0.1/0 ballistics=0.1/1 audioObserve=0.0/1 fxObserve=0.0/0 contacts=0.0/0 shipCombat=0.0/0 audioListener=0.0/0 combat+am=0.0/0 | draws=685 objects=6850 prims=199655 nodes=3290 gpu=281MB
sim-profile t=458.600s ticks=240 us/tick | Tick=537.30 AI=111.81 AICommand=0.60 AIThink=13.48 AIDrive=22.80 AIEngage=73.73 Gunnery=0.14 ShipStep=97.11 Collision=36.33 Projectiles=0.20 Missiles=43.97 PointDefense=205.67 Drones=34.81 Sensors=1.31 Post=5.17
perf t=463s fps=133.7 frame=7ms | hudDraw=1.8/2 physics=0.9/3 fxSync=0.8/1 sim=0.8/1 shipViews=0.5/1 ordnance=0.1/0 ballistics=0.0/1 audioObserve=0.0/0 fxObserve=0.0/0 contacts=0.0/0 shipCombat=0.0/0 audioListener=0.0/0 combat+am=0.0/0 | draws=690 objects=6837 prims=181427 nodes=3274 gpu=281MB
sim-profile t=462.600s ticks=240 us/tick | Tick=454.05 AI=91.20 AICommand=0.51 AIThink=10.18 AIDrive=21.46 AIEngage=57.87 Gunnery=0.14 ShipStep=92.34 Collision=35.49 Projectiles=0.17 Missiles=36.10 PointDefense=160.94 Drones=30.65 Sensors=1.31 Post=4.94
perf t=467s fps=118.4 frame=8ms | hudDraw=2.1/4 physics=1.0/3 fxSync=1.0/2 sim=0.9/1 shipViews=0.6/1 ordnance=0.1/0 fxObserve=0.0/0 audioObserve=0.0/0 contacts=0.0/0 ballistics=0.0/0 shipCombat=0.0/0 audioListener=0.0/0 combat+am=0.0/0 | draws=703 objects=6872 prims=187277 nodes=3274 gpu=281MB
sim-profile t=466.667s ticks=244 us/tick | Tick=450.96 AI=68.90 AICommand=0.69 AIThink=3.58 AIDrive=24.40 AIEngage=38.94 Gunnery=0.17 ShipStep=103.39 Collision=40.22 Projectiles=0.21 Missiles=40.06 PointDefense=157.82 Drones=32.37 Sensors=1.58 Post=5.38
perf t=471s fps=122.3 frame=8ms | hudDraw=2.0/3 fxSync=1.3/2 physics=0.9/3 sim=0.8/1 shipViews=0.5/1 ordnance=0.1/0 fxObserve=0.0/0 audioObserve=0.0/0 contacts=0.0/0 ballistics=0.0/0 shipCombat=0.0/0 audioListener=0.0/0 combat+am=0.0/0 | draws=736 objects=6868 prims=206635 nodes=3258 gpu=281MB
sim-profile t=470.667s ticks=240 us/tick | Tick=401.94 AI=60.72 AICommand=0.65 AIThink=3.14 AIDrive=21.01 AIEngage=34.74 Gunnery=0.15 ShipStep=94.15 Collision=36.80 Projectiles=0.19 Missiles=36.29 PointDefense=138.86 Drones=27.62 Sensors=1.33 Post=5.03
perf t=475s fps=122.3 frame=8ms | hudDraw=1.9/2 fxSync=1.4/2 physics=0.9/2 sim=0.8/1 shipViews=0.5/1 ordnance=0.1/0 fxObserve=0.0/0 ballistics=0.0/1 shipCombat=0.0/2 audioObserve=0.0/0 contacts=0.0/0 audioListener=0.0/0 combat+am=0.0/0 | draws=673 objects=6782 prims=184635 nodes=3238 gpu=281MB
sim-profile t=474.667s ticks=240 us/tick | Tick=411.95 AI=67.02 AICommand=0.47 AIThink=5.46 AIDrive=21.09 AIEngage=38.84 Gunnery=0.14 ShipStep=91.52 Collision=35.95 Projectiles=0.18 Missiles=35.44 PointDefense=146.99 Drones=27.61 Sensors=1.29 Post=4.99
perf t=479s fps=116.1 frame=9ms | hudDraw=1.9/3 fxSync=1.4/2 physics=1.2/4 sim=1.1/1 shipViews=0.5/1 ballistics=0.1/1 ordnance=0.1/0 fxObserve=0.0/0 audioObserve=0.0/0 contacts=0.0/0 shipCombat=0.0/0 audioListener=0.0/0 combat+am=0.0/0 | draws=674 objects=6818 prims=183989 nodes=3253 gpu=281MB
sim-profile t=478.733s ticks=244 us/tick | Tick=521.97 AI=111.11 AICommand=0.57 AIThink=13.63 AIDrive=24.99 AIEngage=70.70 Gunnery=0.14 ShipStep=99.21 Collision=36.96 Projectiles=0.20 Missiles=41.42 PointDefense=191.21 Drones=34.22 Sensors=1.28 Post=5.23
perf t=483s fps=126.8 frame=8ms | hudDraw=1.8/3 fxSync=1.1/1 physics=1.0/3 sim=1.0/1 shipViews=0.5/1 ordnance=0.1/0 ballistics=0.1/1 fxObserve=0.0/0 audioObserve=0.0/0 contacts=0.0/0 shipCombat=0.0/0 audioListener=0.0/0 combat+am=0.0/0 | draws=609 objects=6693 prims=164925 nodes=3279 gpu=281MB
sim-profile t=482.733s ticks=240 us/tick | Tick=508.43 AI=114.35 AICommand=0.56 AIThink=14.56 AIDrive=22.67 AIEngage=75.34 Gunnery=0.14 ShipStep=93.38 Collision=35.66 Projectiles=0.20 Missiles=41.15 PointDefense=186.34 Drones=29.83 Sensors=1.32 Post=5.19
perf t=487s fps=138.1 frame=7ms | hudDraw=1.7/2 physics=0.9/3 fxSync=0.8/1 sim=0.8/1 shipViews=0.5/1 ballistics=0.1/1 ordnance=0.1/0 audioObserve=0.0/0 fxObserve=0.0/0 contacts=0.0/0 shipCombat=0.0/0 audioListener=0.0/0 combat+am=0.0/0 | draws=611 objects=6684 prims=139005 nodes=3259 gpu=281MB
sim-profile t=486.800s ticks=244 us/tick | Tick=456.64 AI=95.51 AICommand=0.54 AIThink=13.20 AIDrive=21.22 AIEngage=59.36 Gunnery=0.13 ShipStep=87.40 Collision=34.81 Projectiles=0.20 Missiles=36.59 PointDefense=166.05 Drones=28.91 Sensors=1.35 Post=4.96
perf t=491s fps=142.0 frame=7ms | hudDraw=1.8/6 fxSync=0.8/1 physics=0.7/2 sim=0.7/1 shipViews=0.5/1 ordnance=0.1/0 ballistics=0.0/0 fxObserve=0.0/0 audioObserve=0.0/0 contacts=0.0/0 shipCombat=0.0/0 audioListener=0.0/0 combat+am=0.0/0 | draws=754 objects=7552 prims=179279 nodes=3276 gpu=281MB
sim-profile t=490.733s ticks=236 us/tick | Tick=398.29 AI=77.62 AICommand=0.50 AIThink=11.77 AIDrive=19.92 AIEngage=44.35 Gunnery=0.13 ShipStep=85.04 Collision=34.69 Projectiles=0.18 Missiles=33.87 PointDefense=132.94 Drones=26.58 Sensors=1.27 Post=5.21
perf t=495s fps=107.0 frame=9ms | hudDraw=2.9/5 fxSync=1.2/2 physics=1.0/3 sim=0.9/1 shipViews=0.5/1 ordnance=0.1/0 fxObserve=0.0/0 audioObserve=0.0/0 contacts=0.0/0 ballistics=0.0/0 shipCombat=0.0/0 audioListener=0.0/0 combat+am=0.0/0 | draws=701 objects=7444 prims=131544 nodes=3291 gpu=281MB
sim-profile t=494.800s ticks=244 us/tick | Tick=414.59 AI=61.62 AICommand=0.61 AIThink=3.23 AIDrive=20.49 AIEngage=36.05 Gunnery=0.14 ShipStep=87.96 Collision=35.70 Projectiles=0.17 Missiles=41.23 PointDefense=149.33 Drones=31.33 Sensors=1.40 Post=4.93
perf t=499s fps=94.9 frame=11ms | hudDraw=3.3/4 fxSync=1.4/2 physics=1.3/3 sim=1.2/1 shipViews=0.5/1 ordnance=0.1/0 fxObserve=0.1/0 ballistics=0.0/1 contacts=0.0/0 audioObserve=0.0/0 shipCombat=0.0/0 audioListener=0.0/0 combat+am=0.0/0 | draws=804 objects=7663 prims=177159 nodes=3299 gpu=281MB
sim-profile t=498.800s ticks=240 us/tick | Tick=460.65 AI=64.88 AICommand=0.57 AIThink=4.89 AIDrive=20.44 AIEngage=37.78 Gunnery=0.14 ShipStep=90.08 Collision=36.19 Projectiles=0.18 Missiles=47.43 PointDefense=178.31 Drones=36.34 Sensors=1.29 Post=4.99
perf t=503s fps=89.7 frame=11ms | hudDraw=3.1/5 physics=1.7/3 sim=1.5/1 fxSync=1.5/2 shipViews=0.6/1 ordnance=0.1/0 ballistics=0.1/1 fxObserve=0.1/0 audioObserve=0.0/0 contacts=0.0/0 shipCombat=0.0/0 audioListener=0.0/0 combat+am=0.0/0 | draws=833 objects=7718 prims=178493 nodes=3277 gpu=281MB
sim-profile t=502.867s ticks=244 us/tick | Tick=557.79 AI=89.06 AICommand=0.85 AIThink=9.06 AIDrive=23.69 AIEngage=54.05 Gunnery=0.16 ShipStep=96.55 Collision=39.48 Projectiles=0.22 Missiles=50.92 PointDefense=232.79 Drones=40.41 Sensors=1.38 Post=5.98
perf t=507s fps=86.1 frame=12ms | hudDraw=3.6/6 physics=1.6/4 fxSync=1.5/2 sim=1.5/1 shipViews=0.6/1 ballistics=0.1/1 ordnance=0.1/0 fxObserve=0.1/0 audioObserve=0.0/0 contacts=0.0/0 shipCombat=0.0/0 audioListener=0.0/0 combat+am=0.0/0 | draws=745 objects=7655 prims=172869 nodes=3261 gpu=281MB
sim-profile t=506.800s ticks=236 us/tick | Tick=541.74 AI=100.24 AICommand=0.69 AIThink=9.64 AIDrive=26.41 AIEngage=62.06 Gunnery=0.17 ShipStep=102.43 Collision=39.56 Projectiles=0.22 Missiles=46.54 PointDefense=209.76 Drones=34.59 Sensors=1.40 Post=5.98
perf t=511s fps=83.1 frame=12ms | hudDraw=3.7/6 physics=1.8/4 sim=1.7/1 fxSync=1.3/2 shipViews=0.6/1 ballistics=0.2/7 ordnance=0.1/0 fxObserve=0.0/0 audioObserve=0.0/0 contacts=0.0/0 shipCombat=0.0/0 audioListener=0.0/0 combat+am=0.0/0 | draws=797 objects=7675 prims=173685 nodes=3243 gpu=281MB
sim-profile t=510.933s ticks=248 us/tick | Tick=559.86 AI=97.17 AICommand=0.57 AIThink=8.69 AIDrive=25.55 AIEngage=60.96 Gunnery=0.16 ShipStep=104.81 Collision=39.78 Projectiles=0.23 Missiles=46.85 PointDefense=230.87 Drones=31.46 Sensors=1.49 Post=6.14
perf t=515s fps=84.6 frame=12ms | hudDraw=3.9/6 physics=1.6/6 sim=1.5/3 fxSync=1.2/2 shipViews=0.6/1 ballistics=0.3/10 ordnance=0.1/0 audioObserve=0.0/0 fxObserve=0.0/0 contacts=0.0/1 shipCombat=0.0/0 audioListener=0.0/0 combat+am=0.0/0 | draws=804 objects=7722 prims=179316 nodes=3235 gpu=281MB
sim-profile t=514.867s ticks=236 us/tick | Tick=543.00 AI=111.98 AICommand=0.68 AIThink=9.07 AIDrive=25.48 AIEngage=75.34 Gunnery=0.17 ShipStep=106.28 Collision=39.48 Projectiles=24.61 Missiles=40.00 PointDefense=186.55 Drones=25.54 Sensors=1.42 Post=6.11
perf t=519s fps=85.9 frame=12ms | hudDraw=3.9/8 physics=1.6/5 sim=1.5/3 fxSync=1.1/2 shipViews=0.6/2 ballistics=0.1/1 ordnance=0.1/0 fxObserve=0.0/0 audioObserve=0.0/0 contacts=0.0/0 shipCombat=0.0/0 audioListener=0.0/0 combat+am=0.0/0 | draws=771 objects=7604 prims=126548 nodes=3243 gpu=281MB
sim-profile t=518.933s ticks=244 us/tick | Tick=530.19 AI=106.53 AICommand=0.68 AIThink=3.54 AIDrive=38.12 AIEngage=62.74 Gunnery=0.18 ShipStep=107.65 Collision=42.12 Projectiles=48.23 Missiles=38.20 PointDefense=151.07 Drones=27.73 Sensors=1.45 Post=6.13
perf t=523s fps=89.6 frame=11ms | hudDraw=3.5/5 physics=1.4/3 sim=1.3/1 fxSync=1.0/1 shipViews=0.6/1 ballistics=0.3/2 ordnance=0.1/0 fxObserve=0.0/0 audioObserve=0.0/0 contacts=0.0/0 shipCombat=0.0/0 audioListener=0.0/0 combat+am=0.0/0 | draws=715 objects=7527 prims=125319 nodes=3310 gpu=281MB
sim-profile t=523.000s ticks=244 us/tick | Tick=493.37 AI=94.62 AICommand=0.60 AIThink=6.76 AIDrive=23.69 AIEngage=62.20 Gunnery=0.16 ShipStep=102.05 Collision=39.83 Projectiles=54.48 Missiles=34.57 PointDefense=133.71 Drones=25.77 Sensors=1.51 Post=5.80
perf t=527s fps=83.6 frame=12ms | hudDraw=3.9/7 physics=1.8/4 sim=1.6/1 fxSync=1.2/2 shipViews=0.6/1 ballistics=0.2/9 ordnance=0.1/0 audioObserve=0.0/0 fxObserve=0.0/0 contacts=0.0/0 shipCombat=0.0/1 audioListener=0.0/0 combat+am=0.0/0 | draws=723 objects=7480 prims=125739 nodes=3301 gpu=281MB
sim-profile t=527.000s ticks=240 us/tick | Tick=574.04 AI=121.81 AICommand=0.79 AIThink=9.61 AIDrive=25.88 AIEngage=84.06 Gunnery=0.17 ShipStep=107.28 Collision=42.15 Projectiles=53.97 Missiles=39.83 PointDefense=173.28 Drones=26.87 Sensors=1.51 Post=6.26
perf t=531s fps=67.6 frame=15ms | hudDraw=4.5/8 physics=2.6/6 sim=2.4/3 fxSync=1.1/3 shipViews=0.7/1 ballistics=0.5/4 ordnance=0.1/0 audioObserve=0.1/0 fxObserve=0.1/0 contacts=0.0/0 shipCombat=0.0/0 audioListener=0.0/0 combat+am=0.0/0 | draws=639 objects=7452 prims=118617 nodes=3343 gpu=281MB
sim-profile t=531.000s ticks=240 us/tick | Tick=689.83 AI=131.47 AICommand=0.85 AIThink=13.27 AIDrive=33.22 AIEngage=82.42 Gunnery=0.21 ShipStep=143.30 Collision=55.97 Projectiles=72.74 Missiles=44.90 PointDefense=195.91 Drones=34.95 Sensors=1.81 Post=7.42
perf t=535s fps=100.6 frame=10ms | hudDraw=3.5/6 physics=1.2/4 sim=1.1/1 fxSync=0.6/1 shipViews=0.5/1 ballistics=0.2/1 ordnance=0.1/0 audioObserve=0.0/0 contacts=0.0/1 fxObserve=0.0/0 shipCombat=0.0/0 audioListener=0.0/0 combat+am=0.0/0 | draws=696 objects=7522 prims=116993 nodes=3310 gpu=281MB
sim-profile t=534.933s ticks=236 us/tick | Tick=478.21 AI=76.19 AICommand=0.81 AIThink=7.90 AIDrive=24.68 AIEngage=41.54 Gunnery=0.15 ShipStep=92.40 Collision=38.81 Projectiles=50.39 Missiles=34.22 PointDefense=154.02 Drones=24.23 Sensors=1.31 Post=5.66
perf t=539s fps=101.6 frame=10ms | hudDraw=3.5/7 physics=1.0/3 sim=1.0/1 shipViews=0.5/1 fxSync=0.5/1 ballistics=0.2/1 ordnance=0.0/0 audioObserve=0.0/0 contacts=0.0/0 fxObserve=0.0/0 shipCombat=0.0/0 audioListener=0.0/0 combat+am=0.0/0 | draws=733 objects=7577 prims=134458 nodes=3315 gpu=281MB
sim-profile t=539.067s ticks=248 us/tick | Tick=399.82 AI=74.38 AICommand=0.70 AIThink=9.46 AIDrive=22.36 AIEngage=40.57 Gunnery=0.14 ShipStep=91.29 Collision=38.78 Projectiles=37.53 Missiles=28.36 PointDefense=103.41 Drones=18.41 Sensors=1.36 Post=5.34
perf t=543s fps=106.8 frame=9ms | hudDraw=3.4/5 physics=1.0/3 sim=0.9/1 fxSync=0.6/1 shipViews=0.5/1 ballistics=0.1/1 ordnance=0.0/0 audioObserve=0.0/0 contacts=0.0/0 fxObserve=0.0/0 shipCombat=0.0/0 audioListener=0.0/0 combat+am=0.0/0 | draws=795 objects=7695 prims=155370 nodes=3319 gpu=281MB
sim-profile t=543.000s ticks=236 us/tick | Tick=407.84 AI=76.68 AICommand=0.61 AIThink=6.19 AIDrive=21.46 AIEngage=47.11 Gunnery=0.13 ShipStep=89.45 Collision=36.89 Projectiles=53.68 Missiles=26.63 PointDefense=99.35 Drones=17.93 Sensors=1.35 Post=4.95
perf t=547s fps=99.8 frame=10ms | hudDraw=3.4/5 physics=1.3/3 sim=1.2/1 fxSync=0.6/1 shipViews=0.5/1 ballistics=0.3/1 ordnance=0.0/0 audioObserve=0.0/0 contacts=0.0/0 fxObserve=0.0/0 shipCombat=0.0/0 audioListener=0.0/0 combat+am=0.0/0 | draws=780 objects=7596 prims=129232 nodes=3351 gpu=281MB
sim-profile t=547.000s ticks=240 us/tick | Tick=514.72 AI=87.01 AICommand=0.65 AIThink=7.60 AIDrive=21.22 AIEngage=56.34 Gunnery=0.13 ShipStep=88.03 Collision=35.33 Projectiles=157.94 Missiles=26.06 PointDefense=95.93 Drones=17.19 Sensors=1.30 Post=5.00
perf t=551s fps=94.1 frame=11ms | hudDraw=3.6/6 physics=1.6/3 sim=1.6/1 fxSync=0.8/1 shipViews=0.5/1 ballistics=0.2/1 ordnance=0.0/0 audioObserve=0.0/0 fxObserve=0.0/0 contacts=0.0/0 shipCombat=0.0/0 audioListener=0.0/0 combat+am=0.0/0 | draws=752 objects=7595 prims=140731 nodes=3368 gpu=281MB
sim-profile t=551.067s ticks=244 us/tick | Tick=603.61 AI=94.65 AICommand=0.70 AIThink=9.56 AIDrive=22.27 AIEngage=60.83 Gunnery=0.14 ShipStep=95.09 Collision=36.91 Projectiles=221.91 Missiles=28.13 PointDefense=101.15 Drones=18.12 Sensors=1.25 Post=5.43
perf t=555s fps=87.1 frame=11ms | hudDraw=3.5/6 physics=2.0/6 sim=1.9/2 fxSync=0.8/1 shipViews=0.5/1 ballistics=0.4/2 ordnance=0.1/0 audioObserve=0.0/0 contacts=0.0/0 fxObserve=0.0/0 shipCombat=0.0/1 audioListener=0.0/0 combat+am=0.0/0 | draws=766 objects=7610 prims=119912 nodes=3371 gpu=281MB
sim-profile t=555.067s ticks=240 us/tick | Tick=713.61 AI=102.80 AICommand=3.75 AIThink=8.75 AIDrive=23.45 AIEngage=65.52 Gunnery=0.16 ShipStep=98.69 Collision=39.57 Projectiles=278.27 Missiles=27.71 PointDefense=136.87 Drones=21.22 Sensors=1.44 Post=6.04
perf t=559s fps=89.8 frame=11ms | hudDraw=3.5/6 physics=2.0/5 sim=1.9/2 shipViews=0.5/1 fxSync=0.5/1 ballistics=0.4/3 ordnance=0.0/0 audioObserve=0.0/1 contacts=0.0/0 fxObserve=0.0/0 shipCombat=0.0/0 audioListener=0.0/0 combat+am=0.0/0 | draws=702 objects=7797 prims=113406 nodes=3366 gpu=281MB
sim-profile t=559.133s ticks=244 us/tick | Tick=710.90 AI=130.76 AICommand=1.40 AIThink=16.87 AIDrive=26.16 AIEngage=84.43 Gunnery=0.15 ShipStep=101.43 Collision=40.04 Projectiles=264.53 Missiles=22.69 PointDefense=122.35 Drones=20.79 Sensors=1.40 Post=5.88
perf t=563s fps=109.4 frame=9ms | hudDraw=2.1/4 physics=1.3/7 sim=1.2/3 shipCombat=0.8/84 shipViews=0.5/1 fxSync=0.4/1 ballistics=0.2/1 fxObserve=0.1/2 ordnance=0.0/0 audioObserve=0.0/0 contacts=0.0/0 audioListener=0.0/0 combat+am=0.0/0 | draws=743 objects=6834 prims=161282 nodes=3391 gpu=284MB
sim-profile t=563.133s ticks=240 us/tick | Tick=555.24 AI=76.16 AICommand=0.52 AIThink=4.66 AIDrive=21.39 AIEngage=48.43 Gunnery=0.13 ShipStep=90.11 Collision=45.42 Projectiles=208.98 Missiles=18.54 PointDefense=89.29 Drones=16.25 Sensors=1.41 Post=8.15
perf t=567s fps=126.4 frame=8ms | hudDraw=2.6/3 physics=0.8/2 sim=0.7/1 shipViews=0.5/1 fxSync=0.3/1 ballistics=0.1/1 ordnance=0.0/0 audioObserve=0.0/0 contacts=0.0/0 shipCombat=0.0/0 fxObserve=0.0/0 audioListener=0.0/0 combat+am=0.0/0 | draws=721 objects=6842 prims=175156 nodes=3390 gpu=284MB
sim-profile t=567.133s ticks=240 us/tick | Tick=388.22 AI=71.52 AICommand=0.53 AIThink=9.63 AIDrive=19.91 AIEngage=40.32 Gunnery=0.12 ShipStep=80.46 Collision=40.88 Projectiles=75.21 Missiles=17.24 PointDefense=81.12 Drones=14.65 Sensors=1.27 Post=4.95
perf t=571s fps=124.1 frame=8ms | hudDraw=2.8/4 physics=0.7/2 sim=0.7/1 shipViews=0.5/1 fxSync=0.4/1 ballistics=0.1/1 ordnance=0.0/0 audioObserve=0.0/0 shipCombat=0.0/0 contacts=0.0/0 fxObserve=0.0/0 audioListener=0.0/0 combat+am=0.0/0 | draws=808 objects=7804 prims=182896 nodes=3390 gpu=284MB
sim-profile t=571.133s ticks=240 us/tick | Tick=340.52 AI=64.96 AICommand=0.50 AIThink=6.15 AIDrive=20.40 AIEngage=36.79 Gunnery=0.13 ShipStep=81.22 Collision=39.73 Projectiles=33.46 Missiles=17.14 PointDefense=82.12 Drones=14.90 Sensors=1.25 Post=4.65
perf t=575s fps=109.1 frame=9ms | hudDraw=3.5/7 physics=0.9/2 sim=0.8/1 shipViews=0.5/1 fxSync=0.5/1 ballistics=0.1/0 ordnance=0.0/0 audioObserve=0.0/0 contacts=0.0/0 shipCombat=0.0/0 fxObserve=0.0/0 audioListener=0.0/0 combat+am=0.0/0 | draws=679 objects=7714 prims=143929 nodes=3391 gpu=284MB
sim-profile t=575.200s ticks=244 us/tick | Tick=377.00 AI=93.35 AICommand=0.66 AIThink=7.66 AIDrive=24.96 AIEngage=58.88 Gunnery=0.15 ShipStep=87.21 Collision=41.72 Projectiles=28.24 Missiles=17.95 PointDefense=85.46 Drones=15.76 Sensors=1.30 Post=5.05
perf t=579s fps=105.3 frame=9ms | hudDraw=3.4/4 physics=1.2/3 sim=1.1/1 shipViews=0.5/1 fxSync=0.5/1 ballistics=0.2/5 ordnance=0.0/0 audioObserve=0.0/0 contacts=0.0/0 shipCombat=0.0/0 fxObserve=0.0/0 audioListener=0.0/0 combat+am=0.0/0 | draws=672 objects=7813 prims=141684 nodes=3385 gpu=284MB
sim-profile t=579.200s ticks=240 us/tick | Tick=497.21 AI=94.53 AICommand=0.63 AIThink=6.24 AIDrive=22.06 AIEngage=64.35 Gunnery=0.14 ShipStep=87.80 Collision=41.00 Projectiles=146.57 Missiles=15.92 PointDefense=88.25 Drones=15.77 Sensors=1.21 Post=5.17
perf t=583s fps=113.6 frame=9ms | hudDraw=3.3/5 physics=0.9/2 sim=0.8/1 shipViews=0.5/1 fxSync=0.4/1 ballistics=0.2/3 ordnance=0.0/0 audioObserve=0.0/0 shipCombat=0.0/1 contacts=0.0/0 fxObserve=0.0/0 audioListener=0.0/0 combat+am=0.0/0 | draws=647 objects=7890 prims=146480 nodes=3376 gpu=284MB
sim-profile t=583.267s ticks=244 us/tick | Tick=393.74 AI=100.76 AICommand=0.63 AIThink=9.82 AIDrive=23.15 AIEngage=65.57 Gunnery=0.13 ShipStep=82.22 Collision=39.36 Projectiles=52.69 Missiles=13.27 PointDefense=81.96 Drones=14.82 Sensors=1.35 Post=6.40
perf t=587s fps=117.8 frame=8ms | hudDraw=3.4/4 physics=0.8/2 sim=0.7/1 shipViews=0.5/1 fxSync=0.2/0 ballistics=0.1/1 ordnance=0.0/0 audioObserve=0.0/0 contacts=0.0/0 shipCombat=0.0/0 fxObserve=0.0/0 audioListener=0.0/0 combat+am=0.0/0 | draws=753 objects=8309 prims=151584 nodes=3372 gpu=284MB
sim-profile t=587.267s ticks=240 us/tick | Tick=365.48 AI=96.57 AICommand=0.58 AIThink=8.67 AIDrive=21.73 AIEngage=64.32 Gunnery=0.13 ShipStep=86.00 Collision=39.97 Projectiles=36.69 Missiles=12.04 PointDefense=74.22 Drones=12.89 Sensors=1.29 Post=4.91
perf t=591s fps=113.9 frame=9ms | hudDraw=3.4/5 physics=0.9/2 sim=0.8/1 shipViews=0.5/1 fxSync=0.2/1 ballistics=0.1/2 ordnance=0.0/0 audioObserve=0.0/0 contacts=0.0/0 shipCombat=0.0/0 fxObserve=0.0/0 audioListener=0.0/0 combat+am=0.0/0 | draws=710 objects=10143 prims=143574 nodes=3372 gpu=284MB
sim-profile t=591.267s ticks=240 us/tick | Tick=397.99 AI=95.55 AICommand=0.67 AIThink=8.70 AIDrive=21.35 AIEngage=63.66 Gunnery=0.13 ShipStep=83.21 Collision=41.67 Projectiles=73.94 Missiles=11.76 PointDefense=72.44 Drones=12.41 Sensors=1.27 Post=4.86
perf t=595s fps=111.6 frame=9ms | hudDraw=3.3/4 physics=1.0/3 sim=1.0/1 shipViews=0.5/1 fxSync=0.2/0 ballistics=0.2/1 ordnance=0.0/0 contacts=0.0/0 audioObserve=0.0/0 shipCombat=0.0/0 fxObserve=0.0/0 audioListener=0.0/0 combat+am=0.0/0 | draws=735 objects=11013 prims=157880 nodes=3372 gpu=284MB
sim-profile t=595.267s ticks=240 us/tick | Tick=458.98 AI=91.12 AICommand=0.65 AIThink=6.35 AIDrive=21.18 AIEngage=61.80 Gunnery=0.13 ShipStep=84.26 Collision=39.66 Projectiles=140.86 Missiles=11.09 PointDefense=72.44 Drones=12.43 Sensors=1.22 Post=5.04
perf t=599s fps=103.8 frame=10ms | hudDraw=3.6/26 physics=1.1/3 sim=1.0/1 shipViews=0.5/1 fxSync=0.2/1 ballistics=0.2/8 audioObserve=0.0/0 ordnance=0.0/0 shipCombat=0.0/0 contacts=0.0/0 fxObserve=0.0/0 audioListener=0.0/0 combat+am=0.0/0 | draws=726 objects=11371 prims=152409 nodes=3372 gpu=324MB
sim-profile t=599.333s ticks=244 us/tick | Tick=435.03 AI=96.93 AICommand=0.63 AIThink=10.78 AIDrive=20.96 AIEngage=63.42 Gunnery=0.13 ShipStep=84.41 Collision=40.36 Projectiles=110.90 Missiles=10.08 PointDefense=72.61 Drones=12.80 Sensors=1.22 Post=4.89
autoplay 10min: sim=600.00s FPS min=8.73 mean=132.19 engine=109.0
perf t=603s fps=100.9 frame=10ms | hudDraw=3.4/7 physics=1.3/3 sim=1.2/1 shipViews=0.5/1 ballistics=0.2/1 fxSync=0.2/0 ordnance=0.0/0 audioObserve=0.0/0 contacts=0.0/0 shipCombat=0.0/0 fxObserve=0.0/0 audioListener=0.0/0 combat+am=0.0/0 | draws=716 objects=19038 prims=160962 nodes=3368 gpu=324MB
sim-profile t=603.333s ticks=240 us/tick | Tick=518.22 AI=89.18 AICommand=0.65 AIThink=6.99 AIDrive=23.29 AIEngage=57.07 Gunnery=0.14 ShipStep=86.48 Collision=40.62 Projectiles=198.78 Missiles=9.97 PointDefense=73.33 Drones=12.67 Sensors=1.25 Post=5.10
perf t=607s fps=106.6 frame=9ms | hudDraw=3.1/28 physics=1.1/3 sim=1.1/1 shipViews=0.5/1 ballistics=0.2/2 fxSync=0.1/0 audioObserve=0.0/0 ordnance=0.0/0 shipCombat=0.0/0 contacts=0.0/0 fxObserve=0.0/0 audioListener=0.0/0 combat+am=0.0/0 | draws=671 objects=8814 prims=153782 nodes=3368 gpu=388MB
sim-profile t=607.267s ticks=236 us/tick | Tick=480.54 AI=77.92 AICommand=3.11 AIThink=5.65 AIDrive=21.89 AIEngage=46.07 Gunnery=0.14 ShipStep=85.34 Collision=40.04 Projectiles=176.01 Missiles=9.62 PointDefense=72.27 Drones=12.13 Sensors=1.28 Post=5.09
perf t=611s fps=118.3 frame=8ms | hudDraw=3.0/4 physics=1.0/3 sim=1.0/1 shipViews=0.5/1 ballistics=0.2/1 fxSync=0.1/0 ordnance=0.0/0 audioObserve=0.0/0 shipCombat=0.0/0 contacts=0.0/0 fxObserve=0.0/0 audioListener=0.0/0 combat+am=0.0/0 | draws=689 objects=8862 prims=158344 nodes=3369 gpu=388MB
sim-profile t=611.333s ticks=244 us/tick | Tick=470.04 AI=82.40 AICommand=0.73 AIThink=7.49 AIDrive=22.18 AIEngage=50.82 Gunnery=0.14 ShipStep=85.37 Collision=39.30 Projectiles=167.09 Missiles=9.49 PointDefense=67.32 Drones=12.15 Sensors=1.19 Post=4.93
perf t=615s fps=119.0 frame=8ms | hudDraw=2.9/4 physics=1.0/3 sim=0.9/1 shipViews=0.5/1 ballistics=0.2/1 fxSync=0.2/0 audioObserve=0.0/1 ordnance=0.0/0 shipCombat=0.0/0 contacts=0.0/0 fxObserve=0.0/0 audioListener=0.0/0 combat+am=0.0/0 | draws=694 objects=6778 prims=163899 nodes=3368 gpu=388MB
sim-profile t=615.400s ticks=244 us/tick | Tick=442.85 AI=89.94 AICommand=0.78 AIThink=9.15 AIDrive=21.87 AIEngage=56.96 Gunnery=0.13 ShipStep=81.46 Collision=39.77 Projectiles=135.18 Missiles=9.35 PointDefense=67.99 Drones=12.16 Sensors=1.26 Post=4.91
perf t=619s fps=120.9 frame=8ms | hudDraw=2.8/5 physics=1.0/3 sim=1.0/1 shipViews=0.5/1 ballistics=0.2/1 fxSync=0.2/0 audioObserve=0.0/0 ordnance=0.0/0 shipCombat=0.0/0 contacts=0.0/0 fxObserve=0.0/0 audioListener=0.0/0 combat+am=0.0/0 | draws=662 objects=6745 prims=146083 nodes=3369 gpu=388MB
sim-profile t=619.400s ticks=240 us/tick | Tick=496.96 AI=81.53 AICommand=0.69 AIThink=9.14 AIDrive=22.77 AIEngage=47.71 Gunnery=0.13 ShipStep=84.82 Collision=40.34 Projectiles=188.76 Missiles=10.12 PointDefense=69.17 Drones=14.88 Sensors=1.24 Post=5.24
perf t=623s fps=123.5 frame=8ms | hudDraw=3.0/4 physics=0.8/2 sim=0.8/1 shipViews=0.5/1 fxSync=0.3/1 ballistics=0.1/2 ordnance=0.0/0 audioObserve=0.0/0 shipCombat=0.0/0 contacts=0.0/0 fxObserve=0.0/0 audioListener=0.0/0 combat+am=0.0/0 | draws=639 objects=6776 prims=149237 nodes=3409 gpu=388MB
sim-profile t=623.400s ticks=240 us/tick | Tick=401.32 AI=84.65 AICommand=0.64 AIThink=8.26 AIDrive=22.33 AIEngage=52.26 Gunnery=0.13 ShipStep=82.07 Collision=39.85 Projectiles=79.61 Missiles=16.74 PointDefense=75.70 Drones=15.46 Sensors=1.30 Post=5.08
perf t=627s fps=113.9 frame=9ms | hudDraw=3.1/4 physics=1.1/3 sim=1.0/1 shipViews=0.5/1 fxSync=0.4/1 ballistics=0.2/1 ordnance=0.0/0 audioObserve=0.0/0 contacts=0.0/0 shipCombat=0.0/0 fxObserve=0.0/0 audioListener=0.0/0 combat+am=0.0/0 | draws=719 objects=6896 prims=157867 nodes=3402 gpu=388MB
sim-profile t=627.400s ticks=240 us/tick | Tick=479.64 AI=90.71 AICommand=0.63 AIThink=7.17 AIDrive=22.92 AIEngage=58.76 Gunnery=0.13 ShipStep=82.51 Collision=40.28 Projectiles=137.78 Missiles=19.36 PointDefense=84.39 Drones=17.10 Sensors=1.34 Post=5.31
perf t=631s fps=122.7 frame=8ms | hudDraw=2.4/4 physics=1.1/3 sim=1.0/1 shipViews=0.5/1 fxSync=0.4/1 ballistics=0.3/1 ordnance=0.0/0 audioObserve=0.0/0 shipCombat=0.0/0 contacts=0.0/0 fxObserve=0.0/0 audioListener=0.0/0 combat+am=0.0/0 | draws=674 objects=6781 prims=154109 nodes=3387 gpu=388MB
sim-profile t=631.467s ticks=244 us/tick | Tick=518.18 AI=98.65 AICommand=0.70 AIThink=7.29 AIDrive=24.18 AIEngage=65.20 Gunnery=0.13 ShipStep=90.03 Collision=42.02 Projectiles=174.04 Missiles=14.12 PointDefense=77.48 Drones=14.10 Sensors=1.24 Post=5.62
perf t=635s fps=107.2 frame=9ms | hudDraw=2.1/3 physics=1.8/5 sim=1.7/1 ballistics=0.7/9 shipViews=0.5/1 fxSync=0.4/1 audioObserve=0.1/1 ordnance=0.0/0 contacts=0.0/1 shipCombat=0.0/0 fxObserve=0.0/0 audioListener=0.0/0 combat+am=0.0/0 | draws=674 objects=6893 prims=175604 nodes=3479 gpu=388MB
sim-profile t=635.467s ticks=240 us/tick | Tick=774.34 AI=99.93 AICommand=0.68 AIThink=7.12 AIDrive=24.90 AIEngage=65.99 Gunnery=0.15 ShipStep=87.43 Collision=41.98 Projectiles=411.85 Missiles=21.43 PointDefense=86.72 Drones=17.06 Sensors=1.29 Post=5.76
perf t=640s fps=110.0 frame=9ms | hudDraw=2.3/3 physics=1.7/3 sim=1.6/1 shipViews=0.5/1 ballistics=0.5/1 fxSync=0.4/1 ordnance=0.1/1 audioObserve=0.0/0 shipCombat=0.0/0 contacts=0.0/0 fxObserve=0.0/0 audioListener=0.0/0 combat+am=0.0/0 | draws=723 objects=6846 prims=184014 nodes=3464 gpu=388MB
sim-profile t=639.533s ticks=244 us/tick | Tick=713.98 AI=88.99 AICommand=0.46 AIThink=9.95 AIDrive=24.52 AIEngage=52.87 Gunnery=0.13 ShipStep=82.22 Collision=40.95 Projectiles=356.55 Missiles=22.40 PointDefense=99.40 Drones=15.51 Sensors=1.28 Post=5.83
perf t=644s fps=127.5 frame=8ms | hudDraw=1.8/3 physics=1.2/3 sim=1.2/1 shipViews=0.5/1 fxSync=0.4/1 ballistics=0.3/1 ordnance=0.0/0 audioObserve=0.0/0 shipCombat=0.0/0 contacts=0.0/0 fxObserve=0.0/0 audioListener=0.0/0 combat+am=0.0/0 | draws=728 objects=6801 prims=189691 nodes=3450 gpu=388MB
sim-profile t=643.533s ticks=240 us/tick | Tick=623.41 AI=75.08 AICommand=0.57 AIThink=8.30 AIDrive=21.36 AIEngage=43.68 Gunnery=0.13 ShipStep=82.21 Collision=40.77 Projectiles=309.89 Missiles=18.16 PointDefense=75.45 Drones=14.04 Sensors=1.27 Post=5.64
perf t=648s fps=120.0 frame=8ms | hudDraw=1.9/3 physics=1.3/3 sim=1.3/1 shipViews=0.5/1 fxSync=0.4/1 ballistics=0.3/2 ordnance=0.0/0 audioObserve=0.0/0 shipCombat=0.0/0 contacts=0.0/0 fxObserve=0.0/0 audioListener=0.0/0 combat+am=0.0/0 | draws=710 objects=6942 prims=160600 nodes=3435 gpu=388MB
sim-profile t=647.600s ticks=244 us/tick | Tick=635.77 AI=81.61 AICommand=0.52 AIThink=9.68 AIDrive=24.13 AIEngage=46.02 Gunnery=0.14 ShipStep=83.21 Collision=41.46 Projectiles=332.68 Missiles=15.01 PointDefense=61.62 Drones=12.29 Sensors=1.28 Post=5.66
perf t=652s fps=123.7 frame=8ms | hudDraw=2.0/3 physics=1.2/4 sim=1.1/1 shipViews=0.5/1 fxSync=0.4/1 ballistics=0.2/1 ordnance=0.0/0 audioObserve=0.0/0 contacts=0.0/0 shipCombat=0.0/0 fxObserve=0.0/0 audioListener=0.0/0 combat+am=0.0/0 | draws=766 objects=6875 prims=177761 nodes=3434 gpu=388MB
sim-profile t=651.533s ticks=236 us/tick | Tick=600.72 AI=82.61 AICommand=0.51 AIThink=8.40 AIDrive=22.26 AIEngage=50.16 Gunnery=0.20 ShipStep=85.17 Collision=41.83 Projectiles=260.49 Missiles=14.90 PointDefense=96.29 Drones=11.54 Sensors=1.29 Post=5.59
perf t=656s fps=131.0 frame=8ms | hudDraw=1.8/2 physics=1.0/3 sim=0.9/1 shipViews=0.5/1 fxSync=0.4/1 ballistics=0.3/2 contacts=0.0/1 ordnance=0.0/0 audioObserve=0.0/0 shipCombat=0.0/0 fxObserve=0.0/0 audioListener=0.0/0 combat+am=0.0/0 | draws=725 objects=6868 prims=180220 nodes=3434 gpu=388MB
sim-profile t=655.600s ticks=244 us/tick | Tick=485.36 AI=84.09 AICommand=0.49 AIThink=9.26 AIDrive=20.72 AIEngage=52.44 Gunnery=0.13 ShipStep=77.49 Collision=40.60 Projectiles=188.09 Missiles=13.63 PointDefense=62.85 Drones=11.34 Sensors=1.27 Post=5.07
perf t=660s fps=129.1 frame=8ms | hudDraw=1.9/2 physics=0.9/3 sim=0.9/1 shipViews=0.5/1 ballistics=0.4/2 fxSync=0.3/1 audioObserve=0.0/0 ordnance=0.0/0 shipCombat=0.0/0 contacts=0.0/0 fxObserve=0.0/0 audioListener=0.0/0 combat+am=0.0/0 | draws=764 objects=7049 prims=233462 nodes=3462 gpu=388MB
sim-profile t=659.667s ticks=244 us/tick | Tick=465.06 AI=91.04 AICommand=0.54 AIThink=8.02 AIDrive=24.47 AIEngage=56.82 Gunnery=0.13 ShipStep=80.52 Collision=41.14 Projectiles=166.80 Missiles=9.71 PointDefense=56.73 Drones=11.78 Sensors=1.24 Post=5.14
perf t=664s fps=139.3 frame=7ms | hudDraw=1.9/3 physics=0.6/2 sim=0.6/1 shipViews=0.5/1 ballistics=0.3/2 fxSync=0.2/0 ordnance=0.0/0 shipCombat=0.0/1 audioObserve=0.0/0 contacts=0.0/0 fxObserve=0.0/0 audioListener=0.0/0 combat+am=0.0/0 | draws=681 objects=6750 prims=175883 nodes=3463 gpu=388MB
sim-profile t=663.667s ticks=240 us/tick | Tick=352.21 AI=78.65 AICommand=0.41 AIThink=7.57 AIDrive=20.33 AIEngage=49.24 Gunnery=0.13 ShipStep=73.16 Collision=38.86 Projectiles=83.17 Missiles=8.59 PointDefense=51.73 Drones=11.03 Sensors=1.29 Post=4.92
perf t=668s fps=144.0 frame=7ms | hudDraw=1.9/4 physics=0.6/4 sim=0.5/1 shipViews=0.5/1 ballistics=0.1/1 fxSync=0.1/0 ordnance=0.0/0 audioObserve=0.0/0 contacts=0.0/0 shipCombat=0.0/0 fxObserve=0.0/0 audioListener=0.0/0 combat+am=0.0/0 | draws=649 objects=6777 prims=114989 nodes=3456 gpu=388MB
sim-profile t=667.667s ticks=240 us/tick | Tick=318.99 AI=74.67 AICommand=0.58 AIThink=8.07 AIDrive=21.37 AIEngage=43.53 Gunnery=0.12 ShipStep=75.94 Collision=39.83 Projectiles=51.50 Missiles=8.05 PointDefense=51.43 Drones=10.70 Sensors=1.44 Post=4.61
ERROR: Invalid polygon data, triangulation failed.
   at: canvas_item_add_polygon (servers/rendering/renderer_canvas_cull.cpp:1770)
   C# backtrace (most recent call first):
       [0] void Godot.CanvasItem.DrawColoredPolygon(Godot.Vector2[], Godot.Color, Godot.Vector2[], Godot.Texture2D)
       [1] void SpaceFleet.Game.Hud.DrawSquadOrders(Godot.Camera3D, SpaceFleet.View.ShipView)
       [2] void SpaceFleet.Game.Hud.DrawHudFrame()
       [3] void SpaceFleet.Game.Hud._Draw()
       [4] bool Godot.Control.InvokeGodotClassMethod(Godot.NativeInterop.godot_string_name&, Godot.NativeInterop.NativeVariantPtrArgs, Godot.NativeInterop.godot_variant&)
       [5] bool SpaceFleet.Game.Hud.InvokeGodotClassMethod(Godot.NativeInterop.godot_string_name&, Godot.NativeInterop.NativeVariantPtrArgs, Godot.NativeInterop.godot_variant&)
       [6] Godot.NativeInterop.godot_bool Godot.Bridge.CSharpInstanceBridge.Call(nint, Godot.NativeInterop.godot_string_name*, Godot.NativeInterop.godot_variant**, int, Godot.NativeInterop.godot_variant_call_error*, Godot.NativeInterop.godot_variant*)
perf t=672s fps=142.0 frame=7ms | hudDraw=2.1/22 physics=0.6/4 sim=0.5/1 shipViews=0.5/1 ballistics=0.1/1 fxSync=0.1/0 audioObserve=0.0/0 ordnance=0.0/0 contacts=0.0/0 shipCombat=0.0/0 fxObserve=0.0/0 audioListener=0.0/0 combat+am=0.0/0 | draws=570 objects=6483 prims=101709 nodes=3455 gpu=388MB
sim-profile t=671.733s ticks=244 us/tick | Tick=317.15 AI=78.07 AICommand=0.57 AIThink=7.28 AIDrive=21.48 AIEngage=47.49 Gunnery=0.13 ShipStep=77.36 Collision=41.36 Projectiles=39.50 Missiles=7.99 PointDefense=55.00 Drones=10.86 Sensors=1.25 Post=4.90
perf t=676s fps=143.9 frame=7ms | hudDraw=1.8/3 physics=0.5/2 shipViews=0.5/1 sim=0.5/1 fxSync=0.1/0 ballistics=0.1/1 ordnance=0.0/0 audioObserve=0.0/0 shipCombat=0.0/0 contacts=0.0/0 fxObserve=0.0/0 audioListener=0.0/0 combat+am=0.0/0 | draws=536 objects=6424 prims=99431 nodes=3455 gpu=388MB
sim-profile t=675.800s ticks=244 us/tick | Tick=271.07 AI=68.52 AICommand=0.42 AIThink=5.63 AIDrive=20.16 AIEngage=41.21 Gunnery=0.12 ShipStep=72.92 Collision=38.38 Projectiles=18.83 Missiles=7.36 PointDefense=48.59 Drones=9.90 Sensors=1.27 Post=4.54
perf t=680s fps=143.2 frame=7ms | hudDraw=1.9/4 physics=0.6/4 shipViews=0.5/1 sim=0.5/1 fxSync=0.1/0 ballistics=0.1/0 ordnance=0.0/0 audioObserve=0.0/0 contacts=0.0/0 shipCombat=0.0/0 fxObserve=0.0/0 audioListener=0.0/0 combat+am=0.0/0 | draws=550 objects=6402 prims=102335 nodes=3455 gpu=388MB
sim-profile t=679.733s ticks=236 us/tick | Tick=311.84 AI=81.49 AICommand=0.71 AIThink=8.16 AIDrive=24.99 AIEngage=46.37 Gunnery=0.15 ShipStep=87.06 Collision=43.68 Projectiles=16.80 Missiles=8.39 PointDefense=55.62 Drones=11.31 Sensors=1.43 Post=5.19
perf t=684s fps=144.8 frame=7ms | hudDraw=1.9/4 physics=0.6/2 shipViews=0.5/1 sim=0.5/1 ballistics=0.1/1 fxSync=0.0/0 ordnance=0.0/0 contacts=0.0/0 audioObserve=0.0/0 shipCombat=0.0/0 fxObserve=0.0/0 audioListener=0.0/0 combat+am=0.0/0 | draws=547 objects=6423 prims=103629 nodes=3451 gpu=388MB
sim-profile t=683.800s ticks=244 us/tick | Tick=308.04 AI=81.06 AICommand=0.44 AIThink=9.05 AIDrive=22.93 AIEngage=47.39 Gunnery=0.15 ShipStep=85.92 Collision=43.01 Projectiles=17.20 Missiles=8.02 PointDefense=54.48 Drones=10.94 Sensors=1.50 Post=5.06
perf t=688s fps=144.0 frame=7ms | hudDraw=2.0/3 physics=0.6/2 sim=0.5/1 shipViews=0.5/1 ballistics=0.1/1 fxSync=0.1/0 ordnance=0.0/0 audioObserve=0.0/0 contacts=0.0/0 shipCombat=0.0/0 fxObserve=0.0/0 audioListener=0.0/0 combat+am=0.0/0 | draws=567 objects=6480 prims=105861 nodes=3448 gpu=388MB
sim-profile t=687.800s ticks=240 us/tick | Tick=319.72 AI=84.98 AICommand=0.43 AIThink=9.49 AIDrive=26.03 AIEngage=47.77 Gunnery=0.15 ShipStep=84.56 Collision=42.18 Projectiles=28.36 Missiles=7.54 PointDefense=52.81 Drones=12.09 Sensors=1.36 Post=4.96
perf t=692s fps=143.5 frame=7ms | hudDraw=1.9/3 physics=0.6/2 sim=0.6/1 shipViews=0.5/1 fxSync=0.2/0 ballistics=0.1/1 ordnance=0.0/0 audioObserve=0.0/0 contacts=0.0/0 shipCombat=0.0/0 fxObserve=0.0/0 audioListener=0.0/0 combat+am=0.0/0 | draws=540 objects=6441 prims=105785 nodes=3463 gpu=388MB
sim-profile t=691.800s ticks=240 us/tick | Tick=350.11 AI=78.85 AICommand=0.47 AIThink=8.58 AIDrive=22.27 AIEngage=46.32 Gunnery=0.13 ShipStep=84.00 Collision=41.72 Projectiles=62.60 Missiles=9.97 PointDefense=53.51 Drones=10.55 Sensors=1.32 Post=6.69
perf t=696s fps=140.4 frame=7ms | hudDraw=1.9/2 physics=0.8/4 sim=0.7/2 shipViews=0.5/1 fxSync=0.4/1 ballistics=0.2/8 ordnance=0.0/0 shipCombat=0.0/0 audioObserve=0.0/0 contacts=0.0/0 fxObserve=0.0/0 audioListener=0.0/0 combat+am=0.0/0 | draws=526 objects=6433 prims=110889 nodes=3507 gpu=388MB
sim-profile t=695.733s ticks=236 us/tick | Tick=440.30 AI=93.16 AICommand=0.58 AIThink=7.06 AIDrive=21.95 AIEngage=62.33 Gunnery=0.14 ShipStep=89.80 Collision=42.41 Projectiles=91.36 Missiles=19.71 PointDefense=82.76 Drones=13.28 Sensors=1.28 Post=5.60
perf t=700s fps=125.2 frame=8ms | hudDraw=2.0/3 physics=1.0/4 sim=1.0/1 fxSync=0.7/1 shipViews=0.5/1 ballistics=0.2/11 ordnance=0.1/0 audioObserve=0.0/0 shipCombat=0.0/0 contacts=0.0/1 fxObserve=0.0/0 audioListener=0.0/0 combat+am=0.0/0 | draws=517 objects=6841 prims=114224 nodes=3493 gpu=388MB
sim-profile t=699.800s ticks=244 us/tick | Tick=491.82 AI=78.87 AICommand=0.48 AIThink=5.30 AIDrive=22.75 AIEngage=49.03 Gunnery=0.16 ShipStep=87.68 Collision=45.35 Projectiles=58.14 Missiles=35.20 PointDefense=161.21 Drones=16.50 Sensors=1.45 Post=6.43
perf t=704s fps=122.9 frame=8ms | hudDraw=2.1/4 physics=1.0/3 sim=1.0/2 fxSync=0.6/1 shipViews=0.6/1 ballistics=0.1/2 ordnance=0.1/0 audioObserve=0.0/1 shipCombat=0.0/0 contacts=0.0/0 fxObserve=0.0/0 audioListener=0.0/0 combat+am=0.0/0 | draws=515 objects=6422 prims=118435 nodes=3473 gpu=388MB
sim-profile t=703.800s ticks=240 us/tick | Tick=494.88 AI=105.50 AICommand=4.60 AIThink=6.28 AIDrive=23.54 AIEngage=69.57 Gunnery=0.17 ShipStep=95.77 Collision=48.47 Projectiles=35.04 Missiles=30.59 PointDefense=155.06 Drones=15.25 Sensors=1.55 Post=6.60
perf t=708s fps=136.5 frame=7ms | hudDraw=1.9/3 physics=0.8/3 sim=0.8/1 shipViews=0.6/1 fxSync=0.5/1 ballistics=0.2/1 ordnance=0.0/0 audioObserve=0.0/0 shipCombat=0.0/0 contacts=0.0/0 fxObserve=0.0/0 audioListener=0.0/0 combat+am=0.0/0 | draws=504 objects=6411 prims=117485 nodes=3469 gpu=388MB
sim-profile t=707.800s ticks=240 us/tick | Tick=440.26 AI=104.46 AICommand=0.49 AIThink=9.53 AIDrive=22.54 AIEngage=70.49 Gunnery=0.16 ShipStep=93.42 Collision=45.65 Projectiles=51.60 Missiles=20.76 PointDefense=102.51 Drones=13.11 Sensors=1.52 Post=6.16
perf t=712s fps=128.7 frame=8ms | hudDraw=2.1/3 physics=0.9/3 sim=0.9/1 shipViews=0.5/1 fxSync=0.5/1 ballistics=0.3/1 audioObserve=0.0/1 ordnance=0.0/0 shipCombat=0.0/0 contacts=0.0/0 fxObserve=0.0/0 audioListener=0.0/0 combat+am=0.0/0 | draws=490 objects=6422 prims=115653 nodes=3468 gpu=388MB
sim-profile t=711.800s ticks=240 us/tick | Tick=464.49 AI=99.77 AICommand=0.53 AIThink=8.42 AIDrive=23.87 AIEngage=65.50 Gunnery=0.18 ShipStep=91.36 Collision=46.66 Projectiles=85.23 Missiles=20.88 PointDefense=98.01 Drones=13.47 Sensors=1.47 Post=6.64
perf t=716s fps=140.7 frame=7ms | hudDraw=1.8/3 physics=0.9/5 sim=0.8/3 shipViews=0.5/1 fxSync=0.5/1 ballistics=0.3/10 ordnance=0.0/0 audioObserve=0.0/1 shipCombat=0.0/0 contacts=0.0/0 fxObserve=0.0/0 audioListener=0.0/0 combat+am=0.0/0 | draws=492 objects=6424 prims=116050 nodes=3473 gpu=388MB
sim-profile t=715.867s ticks=244 us/tick | Tick=487.95 AI=92.47 AICommand=0.46 AIThink=8.53 AIDrive=22.13 AIEngage=60.10 Gunnery=0.15 ShipStep=85.13 Collision=119.20 Projectiles=63.78 Missiles=24.13 PointDefense=82.57 Drones=12.49 Sensors=1.34 Post=5.96
perf t=720s fps=141.5 frame=7ms | hudDraw=1.8/3 physics=0.7/3 sim=0.6/1 shipViews=0.5/1 fxSync=0.4/1 ballistics=0.2/1 ordnance=0.0/0 audioObserve=0.0/0 shipCombat=0.0/0 contacts=0.0/0 fxObserve=0.0/0 audioListener=0.0/0 combat+am=0.0/0 | draws=496 objects=6407 prims=120578 nodes=3487 gpu=388MB
sim-profile t=719.800s ticks=236 us/tick | Tick=388.04 AI=88.21 AICommand=0.52 AIThink=6.96 AIDrive=24.18 AIEngage=55.34 Gunnery=0.14 ShipStep=80.51 Collision=43.63 Projectiles=53.82 Missiles=21.84 PointDefense=79.23 Drones=12.97 Sensors=1.34 Post=5.66
perf t=724s fps=139.7 frame=7ms | hudDraw=1.9/3 physics=0.9/3 sim=0.8/1 shipViews=0.5/1 fxSync=0.3/0 ballistics=0.3/1 ordnance=0.0/0 audioObserve=0.0/0 shipCombat=0.0/0 contacts=0.0/0 fxObserve=0.0/0 audioListener=0.0/0 combat+am=0.0/0 | draws=507 objects=6418 prims=120540 nodes=3484 gpu=388MB
sim-profile t=723.867s ticks=244 us/tick | Tick=463.86 AI=103.39 AICommand=0.49 AIThink=8.99 AIDrive=24.64 AIEngage=67.92 Gunnery=0.16 ShipStep=88.27 Collision=45.01 Projectiles=99.88 Missiles=18.96 PointDefense=85.69 Drones=13.88 Sensors=1.48 Post=6.36
perf t=728s fps=126.3 frame=8ms | hudDraw=1.9/3 physics=0.9/3 sim=0.8/1 shipViews=0.5/1 shipCombat=0.5/64 fxSync=0.3/0 ballistics=0.2/1 ordnance=0.0/0 audioObserve=0.0/0 contacts=0.0/1 fxObserve=0.0/0 audioListener=0.0/0 combat+am=0.0/0 | draws=513 objects=6427 prims=115096 nodes=3508 gpu=390MB
sim-profile t=727.867s ticks=240 us/tick | Tick=434.51 AI=89.61 AICommand=0.52 AIThink=7.32 AIDrive=22.22 AIEngage=58.14 Gunnery=0.17 ShipStep=85.94 Collision=47.07 Projectiles=78.82 Missiles=19.46 PointDefense=90.27 Drones=14.28 Sensors=1.63 Post=6.48
perf t=732s fps=138.7 frame=7ms | hudDraw=1.9/3 physics=0.8/3 sim=0.7/1 shipViews=0.5/1 fxSync=0.3/1 ballistics=0.2/1 ordnance=0.0/0 shipCombat=0.0/0 audioObserve=0.0/0 contacts=0.0/0 fxObserve=0.0/0 audioListener=0.0/0 combat+am=0.0/0 | draws=515 objects=6431 prims=114950 nodes=3505 gpu=390MB
sim-profile t=731.867s ticks=240 us/tick | Tick=430.67 AI=102.79 AICommand=0.52 AIThink=8.74 AIDrive=21.12 AIEngage=71.04 Gunnery=0.17 ShipStep=86.61 Collision=49.47 Projectiles=60.02 Missiles=17.53 PointDefense=91.26 Drones=14.13 Sensors=1.46 Post=6.42
autoplay outcome: sim=735.27s FPS min=8.73 mean=131.71 engine=142.0
perf t=735s fps=140.0 frame=7ms | hudDraw=2.1/4 physics=0.6/2 sim=0.6/1 shipViews=0.5/1 fxSync=0.3/0 ballistics=0.2/1 ordnance=0.0/0 shipCombat=0.0/0 audioObserve=0.0/0 contacts=0.0/0 fxObserve=0.0/0 audioListener=0.0/0 combat+am=0.0/0 | draws=957 objects=7544 prims=264972 nodes=3505 gpu=391MB
sim-profile t=735.417s ticks=213 us/tick | Tick=395.72 AI=90.99 AICommand=0.54 AIThink=8.34 AIDrive=19.31 AIEngage=61.51 Gunnery=0.15 ShipStep=79.64 Collision=44.38 Projectiles=74.90 Missiles=9.08 PointDefense=71.31 Drones=15.36 Sensors=1.35 Post=7.84
perf t=736s fps=114.3 frame=9ms | hudDraw=3.7/6 shipViews=0.5/1 fxSync=0.3/0 physics=0.2/0 sim=0.2/0 ballistics=0.1/1 shipCombat=0.0/0 ordnance=0.0/0 contacts=0.0/0 fxObserve=0.0/0 audioListener=0.0/0 combat+am=0.0/0 audioObserve=0.0/0 | draws=915 objects=7559 prims=246706 nodes=3504 gpu=391MB
sim-profile t=736.433s ticks=61 us/tick | Tick=330.75 AI=76.42 AICommand=1.18 AIThink=9.36 AIDrive=23.66 AIEngage=39.96 Gunnery=0.28 ShipStep=90.30 Collision=50.45 Projectiles=25.62 Missiles=10.82 PointDefense=50.90 Drones=12.91 Sensors=1.60 Post=10.58
autoplay after outcome: sim=737.30s projectiles=3 missiles=11 impacts=17 ordnanceEvents=0 battleEvents=126 intervals=25
