seed,mirror,scope,section,ticks,calls,totalMs,usPerTick
1,0,All,Tick,44113,44113,20918.241200,474.197
1,0,All,AI,44113,44113,3052.918300,69.207
1,0,All,AICommand,44113,44113,64.082000,1.453
1,0,All,AIThink,44113,68419,210.356100,4.769
1,0,All,AIDrive,44113,1026330,930.592300,21.096
1,0,All,AIEngage,44113,44113,1793.793200,40.664
1,0,All,Gunnery,44113,44113,8.143100,0.185
1,0,All,ShipStep,44113,176452,5164.457200,117.073
1,0,All,Collision,44113,176452,2573.078700,58.329
1,0,All,Projectiles,44113,176452,1639.438400,37.165
1,0,All,Missiles,44113,176452,1144.694200,25.949
1,0,All,PointDefense,44113,176452,6015.927100,136.375
1,0,All,Drones,44113,176452,1004.949000,22.781
1,0,All,Sensors,44113,44113,73.791300,1.673
1,0,All,Post,44113,176452,200.859900,4.553
1,0,phase:Approach,Tick,7200,7200,2576.136600,357.797
1,0,phase:Approach,AI,7200,7200,252.566900,35.079
1,0,phase:Approach,AICommand,7200,7200,34.082800,4.734
1,0,phase:Approach,AIThink,7200,11520,22.835700,3.172
1,0,phase:Approach,AIDrive,7200,172800,153.339700,21.297
1,0,phase:Approach,AIEngage,7200,7200,30.684200,4.262
1,0,phase:Approach,Gunnery,7200,7200,2.273800,0.316
1,0,phase:Approach,ShipStep,7200,28800,923.915800,128.322
1,0,phase:Approach,Collision,7200,28800,623.307600,86.570
1,0,phase:Approach,Projectiles,7200,28800,2.603500,0.362
1,0,phase:Approach,Missiles,7200,28800,49.194900,6.833
1,0,phase:Approach,PointDefense,7200,28800,557.230600,77.393
1,0,phase:Approach,Drones,7200,28800,96.789300,13.443
1,0,phase:Approach,Sensors,7200,7200,16.820900,2.336
1,0,phase:Approach,Post,7200,28800,43.099300,5.986
1,0,phase:Missile,Tick,21600,21600,10555.888300,488.699
1,0,phase:Missile,AI,21600,21600,1538.901700,71.245
1,0,phase:Missile,AICommand,21600,21600,21.260300,0.984
1,0,phase:Missile,AIThink,21600,34556,104.875500,4.855
1,0,phase:Missile,AIDrive,21600,518400,476.958000,22.081
1,0,phase:Missile,AIEngage,21600,21600,910.051900,42.132
1,0,phase:Missile,Gunnery,21600,21600,3.777000,0.175
1,0,phase:Missile,ShipStep,21600,86400,2741.749200,126.933
1,0,phase:Missile,Collision,21600,86400,1215.403300,56.269
1,0,phase:Missile,Projectiles,21600,86400,5.283600,0.245
1,0,phase:Missile,Missiles,21600,86400,702.901200,32.542
1,0,phase:Missile,PointDefense,21600,86400,3605.929700,166.941
1,0,phase:Missile,Drones,21600,86400,589.826200,27.307
1,0,phase:Missile,Sensors,21600,21600,35.722600,1.654
1,0,phase:Missile,Post,21600,86400,96.811200,4.482
1,0,phase:Sniping,Tick,7200,7200,4023.816300,558.863
1,0,phase:Sniping,AI,7200,7200,642.195200,89.194
1,0,phase:Sniping,AICommand,7200,7200,4.367100,0.607
1,0,phase:Sniping,AIThink,7200,11358,44.017400,6.114
1,0,phase:Sniping,AIDrive,7200,170374,149.298700,20.736
1,0,phase:Sniping,AIEngage,7200,7200,436.343800,60.603
1,0,phase:Sniping,Gunnery,7200,7200,1.064800,0.148
1,0,phase:Sniping,ShipStep,7200,28800,787.075000,109.316
1,0,phase:Sniping,Collision,7200,28800,350.538100,48.686
1,0,phase:Sniping,Projectiles,7200,28800,554.612600,77.030
1,0,phase:Sniping,Missiles,7200,28800,253.853100,35.257
1,0,phase:Sniping,PointDefense,7200,28800,1181.905700,164.154
1,0,phase:Sniping,Drones,7200,28800,206.620000,28.697
1,0,phase:Sniping,Sensors,7200,7200,10.341500,1.436
1,0,phase:Sniping,Post,7200,28800,29.573800,4.107
1,0,phase:Brawl,Tick,8113,8113,3762.400000,463.750
1,0,phase:Brawl,AI,8113,8113,619.254500,76.329
1,0,phase:Brawl,AICommand,8113,8113,4.371800,0.539
1,0,phase:Brawl,AIThink,8113,10985,38.627500,4.761
1,0,phase:Brawl,AIDrive,8113,164756,150.995900,18.612
1,0,phase:Brawl,AIEngage,8113,8113,416.713300,51.364
1,0,phase:Brawl,Gunnery,8113,8113,1.027500,0.127
1,0,phase:Brawl,ShipStep,8113,32452,711.717200,87.726
1,0,phase:Brawl,Collision,8113,32452,383.829700,47.310
1,0,phase:Brawl,Projectiles,8113,32452,1076.938700,132.742
1,0,phase:Brawl,Missiles,8113,32452,138.745000,17.102
1,0,phase:Brawl,PointDefense,8113,32452,670.861100,82.690
1,0,phase:Brawl,Drones,8113,32452,111.713500,13.770
1,0,phase:Brawl,Sensors,8113,8113,10.906300,1.344
1,0,phase:Brawl,Post,8113,32452,31.375600,3.867
1,0,time:0-300,Tick,18000,18000,6803.344000,377.964
1,0,time:0-300,AI,18000,18000,824.294900,45.794
1,0,time:0-300,AICommand,18000,18000,49.428000,2.746
1,0,time:0-300,AIThink,18000,28796,49.787900,2.766
1,0,time:0-300,AIDrive,18000,432000,386.854400,21.492
1,0,time:0-300,AIEngage,18000,18000,313.583300,17.421
1,0,time:0-300,Gunnery,18000,18000,4.255700,0.236
1,0,time:0-300,ShipStep,18000,72000,2295.549300,127.531
1,0,time:0-300,Collision,18000,72000,1242.381000,69.021
1,0,time:0-300,Projectiles,18000,72000,5.339400,0.297
1,0,time:0-300,Missiles,18000,72000,270.304700,15.017
1,0,time:0-300,PointDefense,18000,72000,1750.264200,97.237
1,0,time:0-300,Drones,18000,72000,267.822500,14.879
1,0,time:0-300,Sensors,18000,18000,35.095300,1.950
1,0,time:0-300,Post,18000,72000,89.894300,4.994
1,0,time:300-540,Tick,14400,14400,8560.452500,594.476
1,0,time:300-540,AI,14400,14400,1298.377100,90.165
1,0,time:300-540,AICommand,14400,14400,7.766800,0.539
1,0,time:300-540,AIThink,14400,23040,100.765400,6.998
1,0,time:300-540,AIDrive,14400,345600,324.124100,22.509
1,0,time:300-540,AIEngage,14400,14400,848.728000,58.939
1,0,time:300-540,Gunnery,14400,14400,2.400000,0.167
1,0,time:300-540,ShipStep,14400,57600,1818.324700,126.273
1,0,time:300-540,Collision,14400,57600,788.279300,54.742
1,0,time:300-540,Projectiles,14400,57600,88.585500,6.152
1,0,time:300-540,Missiles,14400,57600,663.654700,46.087
1,0,time:300-540,PointDefense,14400,57600,3234.312100,224.605
1,0,time:300-540,Drones,14400,57600,563.601700,39.139
1,0,time:300-540,Sensors,14400,14400,23.124000,1.606
1,0,time:300-540,Post,14400,57600,66.732800,4.634
1,0,time:540+,Tick,11713,11713,5554.444700,474.212
1,0,time:540+,AI,11713,11713,930.246300,79.420
1,0,time:540+,AICommand,11713,11713,6.887200,0.588
1,0,time:540+,AIThink,11713,16583,59.802800,5.106
1,0,time:540+,AIDrive,11713,248730,219.613800,18.750
1,0,time:540+,AIEngage,11713,11713,631.481900,53.913
1,0,time:540+,Gunnery,11713,11713,1.487400,0.127
1,0,time:540+,ShipStep,11713,46852,1050.583200,89.694
1,0,time:540+,Collision,11713,46852,542.418400,46.309
1,0,time:540+,Projectiles,11713,46852,1545.513500,131.949
1,0,time:540+,Missiles,11713,46852,210.734800,17.992
1,0,time:540+,PointDefense,11713,46852,1031.350800,88.052
1,0,time:540+,Drones,11713,46852,173.524800,14.815
1,0,time:540+,Sensors,11713,11713,15.572000,1.329
1,0,time:540+,Post,11713,46852,44.232800,3.776
1,1,All,Tick,38488,38488,15263.504100,396.578
1,1,All,AI,38488,38488,2033.822700,52.843
1,1,All,AICommand,38488,38488,17.760500,0.461
1,1,All,AIThink,38488,61017,153.417900,3.986
1,1,All,AIDrive,38488,915291,674.253400,17.519
1,1,All,AIEngage,38488,38488,1144.465200,29.736
1,1,All,Gunnery,38488,38488,4.818900,0.125
1,1,All,ShipStep,38488,153952,3866.228000,100.453
1,1,All,Collision,38488,153952,1788.467600,46.468
1,1,All,Projectiles,38488,153952,992.416300,25.785
1,1,All,Missiles,38488,153952,916.924800,23.824
1,1,All,PointDefense,38488,153952,4676.418000,121.503
1,1,All,Drones,38488,153952,758.127300,19.698
1,1,All,Sensors,38488,38488,54.879300,1.426
1,1,All,Post,38488,153952,141.896100,3.687
1,1,phase:Approach,Tick,7200,7200,1628.460500,226.175
1,1,phase:Approach,AI,7200,7200,139.333800,19.352
1,1,phase:Approach,AICommand,7200,7200,2.899500,0.403
1,1,phase:Approach,AIThink,7200,11520,10.646300,1.479
1,1,phase:Approach,AIDrive,7200,172800,98.357300,13.661
1,1,phase:Approach,AIEngage,7200,7200,20.169300,2.801
1,1,phase:Approach,Gunnery,7200,7200,0.662500,0.092
1,1,phase:Approach,ShipStep,7200,28800,622.274500,86.427
1,1,phase:Approach,Collision,7200,28800,337.796500,46.916
1,1,phase:Approach,Projectiles,7200,28800,1.203300,0.167
1,1,phase:Approach,Missiles,7200,28800,29.330600,4.074
1,1,phase:Approach,PointDefense,7200,28800,413.191300,57.388
1,1,phase:Approach,Drones,7200,28800,49.190500,6.832
1,1,phase:Approach,Sensors,7200,7200,9.364600,1.301
1,1,phase:Approach,Post,7200,28800,21.059000,2.925
1,1,phase:Missile,Tick,23400,23400,8959.141200,382.869
1,1,phase:Missile,AI,23400,23400,1186.422000,50.702
1,1,phase:Missile,AICommand,23400,23400,10.216200,0.437
1,1,phase:Missile,AIThink,23400,37436,92.909200,3.970
1,1,phase:Missile,AIDrive,23400,561600,408.248200,17.447
1,1,phase:Missile,AIEngage,23400,23400,648.550500,27.716
1,1,phase:Missile,Gunnery,23400,23400,2.886700,0.123
1,1,phase:Missile,ShipStep,23400,93600,2322.540500,99.254
1,1,phase:Missile,Collision,23400,93600,1046.459200,44.720
1,1,phase:Missile,Projectiles,23400,93600,4.317100,0.184
1,1,phase:Missile,Missiles,23400,93600,631.968300,27.007
1,1,phase:Missile,PointDefense,23400,93600,3092.344700,132.151
1,1,phase:Missile,Drones,23400,93600,540.992900,23.119
1,1,phase:Missile,Sensors,23400,23400,32.716500,1.398
1,1,phase:Missile,Post,23400,93600,80.809000,3.453
1,1,phase:Sniping,Tick,5400,5400,3112.345800,576.360
1,1,phase:Sniping,AI,5400,5400,481.611800,89.187
1,1,phase:Sniping,AICommand,5400,5400,3.314700,0.614
1,1,phase:Sniping,AIThink,5400,8439,34.358700,6.363
1,1,phase:Sniping,AIDrive,5400,126577,118.122700,21.875
1,1,phase:Sniping,AIEngage,5400,5400,318.679600,59.015
1,1,phase:Sniping,Gunnery,5400,5400,0.871600,0.161
1,1,phase:Sniping,ShipStep,5400,21600,669.484400,123.979
1,1,phase:Sniping,Collision,5400,21600,289.971200,53.698
1,1,phase:Sniping,Projectiles,5400,21600,376.051500,69.639
1,1,phase:Sniping,Missiles,5400,21600,200.325600,37.097
1,1,phase:Sniping,PointDefense,5400,21600,910.181400,168.552
1,1,phase:Sniping,Drones,5400,21600,141.760800,26.252
1,1,phase:Sniping,Sensors,5400,5400,8.945300,1.657
1,1,phase:Sniping,Post,5400,21600,28.489100,5.276
1,1,phase:Brawl,Tick,2488,2488,1563.556600,628.439
1,1,phase:Brawl,AI,2488,2488,226.455100,91.019
1,1,phase:Brawl,AICommand,2488,2488,1.330100,0.535
1,1,phase:Brawl,AIThink,2488,3622,15.503700,6.231
1,1,phase:Brawl,AIDrive,2488,54314,49.525200,19.906
1,1,phase:Brawl,AIEngage,2488,2488,157.065800,63.129
1,1,phase:Brawl,Gunnery,2488,2488,0.398100,0.160
1,1,phase:Brawl,ShipStep,2488,9952,251.928600,101.257
1,1,phase:Brawl,Collision,2488,9952,114.240700,45.917
1,1,phase:Brawl,Projectiles,2488,9952,610.844400,245.516
1,1,phase:Brawl,Missiles,2488,9952,55.300300,22.227
1,1,phase:Brawl,PointDefense,2488,9952,260.700600,104.783
1,1,phase:Brawl,Drones,2488,9952,26.183100,10.524
1,1,phase:Brawl,Sensors,2488,2488,3.852900,1.549
1,1,phase:Brawl,Post,2488,9952,11.539000,4.638
1,1,time:0-300,Tick,18000,18000,4459.279500,247.738
1,1,time:0-300,AI,18000,18000,439.785000,24.433
1,1,time:0-300,AICommand,18000,18000,7.268400,0.404
1,1,time:0-300,AIThink,18000,28796,31.153700,1.731
1,1,time:0-300,AIDrive,18000,432000,260.057200,14.448
1,1,time:0-300,AIEngage,18000,18000,122.760100,6.820
1,1,time:0-300,Gunnery,18000,18000,1.772700,0.098
1,1,time:0-300,ShipStep,18000,72000,1569.672600,87.204
1,1,time:0-300,Collision,18000,72000,805.735300,44.763
1,1,time:0-300,Projectiles,18000,72000,2.843000,0.158
1,1,time:0-300,Missiles,18000,72000,153.156600,8.509
1,1,time:0-300,PointDefense,18000,72000,1227.895700,68.216
1,1,time:0-300,Drones,18000,72000,169.054400,9.392
1,1,time:0-300,Sensors,18000,18000,23.721700,1.318
1,1,time:0-300,Post,18000,72000,52.941300,2.941
1,1,time:300-540,Tick,14400,14400,7254.050800,503.754
1,1,time:300-540,AI,14400,14400,1084.647900,75.323
1,1,time:300-540,AICommand,14400,14400,6.691300,0.465
1,1,time:300-540,AIThink,14400,23040,88.606500,6.153
1,1,time:300-540,AIDrive,14400,345600,287.542500,19.968
1,1,time:300-540,AIEngage,14400,14400,684.313800,47.522
1,1,time:300-540,Gunnery,14400,14400,2.063400,0.143
1,1,time:300-540,ShipStep,14400,57600,1608.623400,111.710
1,1,time:300-540,Collision,14400,57600,669.973700,46.526
1,1,time:300-540,Projectiles,14400,57600,3.104800,0.216
1,1,time:300-540,Missiles,14400,57600,600.256800,41.684
1,1,time:300-540,PointDefense,14400,57600,2694.000800,187.083
1,1,time:300-540,Drones,14400,57600,501.210200,34.806
1,1,time:300-540,Sensors,14400,14400,21.183300,1.471
1,1,time:300-540,Post,14400,57600,57.451700,3.990
1,1,time:540+,Tick,6088,6088,3550.173800,583.143
1,1,time:540+,AI,6088,6088,509.389800,83.671
1,1,time:540+,AICommand,6088,6088,3.800800,0.624
1,1,time:540+,AIThink,6088,9181,33.657700,5.529
1,1,time:540+,AIDrive,6088,137691,126.653700,20.804
1,1,time:540+,AIEngage,6088,6088,337.391300,55.419
1,1,time:540+,Gunnery,6088,6088,0.982800,0.161
1,1,time:540+,ShipStep,6088,24352,687.932000,112.998
1,1,time:540+,Collision,6088,24352,312.758600,51.373
1,1,time:540+,Projectiles,6088,24352,986.468500,162.035
1,1,time:540+,Missiles,6088,24352,163.511400,26.858
1,1,time:540+,PointDefense,6088,24352,754.521500,123.936
1,1,time:540+,Drones,6088,24352,87.862700,14.432
1,1,time:540+,Sensors,6088,6088,9.974300,1.638
1,1,time:540+,Post,6088,24352,31.503100,5.175
2,0,All,Tick,73049,73049,22791.124800,311.998
2,0,All,AI,73049,73049,3587.544800,49.111
2,0,All,AICommand,73049,73049,30.478100,0.417
2,0,All,AIThink,73049,99017,231.936600,3.175
2,0,All,AIDrive,73049,1485319,1121.844700,15.357
2,0,All,AIEngage,73049,73049,2133.593400,29.208
2,0,All,Gunnery,73049,73049,8.270600,0.113
2,0,All,ShipStep,73049,292196,6009.870900,82.272
2,0,All,Collision,73049,292196,2976.872300,40.752
2,0,All,Projectiles,73049,292196,2738.729400,37.492
2,0,All,Missiles,73049,292196,893.225300,12.228
2,0,All,PointDefense,73049,292196,5379.186000,73.638
2,0,All,Drones,73049,292196,816.512200,11.178
2,0,All,Sensors,73049,73049,90.220100,1.235
2,0,All,Post,73049,292196,240.697200,3.295
2,0,phase:Approach,Tick,9000,9000,1859.304800,206.589
2,0,phase:Approach,AI,9000,9000,175.043600,19.449
2,0,phase:Approach,AICommand,9000,9000,4.539400,0.504
2,0,phase:Approach,AIThink,9000,13200,12.344100,1.372
2,0,phase:Approach,AIDrive,9000,198000,112.384000,12.487
2,0,phase:Approach,AIEngage,9000,9000,37.801600,4.200
2,0,phase:Approach,Gunnery,9000,9000,0.824100,0.092
2,0,phase:Approach,ShipStep,9000,36000,695.770300,77.308
2,0,phase:Approach,Collision,9000,36000,422.101700,46.900
2,0,phase:Approach,Projectiles,9000,36000,1.332000,0.148
2,0,phase:Approach,Missiles,9000,36000,33.156600,3.684
2,0,phase:Approach,PointDefense,9000,36000,436.522500,48.503
2,0,phase:Approach,Drones,9000,36000,52.823400,5.869
2,0,phase:Approach,Sensors,9000,9000,10.945600,1.216
2,0,phase:Approach,Post,9000,36000,24.995000,2.777
2,0,phase:Missile,Tick,25200,25200,8456.682000,335.583
2,0,phase:Missile,AI,25200,25200,1269.095500,50.361
2,0,phase:Missile,AICommand,25200,25200,10.401400,0.413
2,0,phase:Missile,AIThink,25200,40316,85.314400,3.385
2,0,phase:Missile,AIDrive,25200,604800,411.822000,16.342
2,0,phase:Missile,AIEngage,25200,25200,736.796000,29.238
2,0,phase:Missile,Gunnery,25200,25200,2.800700,0.111
2,0,phase:Missile,ShipStep,25200,100800,2293.513900,91.012
2,0,phase:Missile,Collision,25200,100800,967.202500,38.381
2,0,phase:Missile,Projectiles,25200,100800,4.237100,0.168
2,0,phase:Missile,Missiles,25200,100800,564.563200,22.403
2,0,phase:Missile,PointDefense,25200,100800,2756.706300,109.393
2,0,phase:Missile,Drones,25200,100800,469.819600,18.644
2,0,phase:Missile,Sensors,25200,25200,30.638900,1.216
2,0,phase:Missile,Post,25200,100800,81.019700,3.215
2,0,phase:Sniping,Tick,9000,9000,3899.037200,433.226
2,0,phase:Sniping,AI,9000,9000,603.162800,67.018
2,0,phase:Sniping,AICommand,9000,9000,4.018300,0.446
2,0,phase:Sniping,AIThink,9000,13299,39.129200,4.348
2,0,phase:Sniping,AIDrive,9000,199490,157.592400,17.510
2,0,phase:Sniping,AIEngage,9000,9000,393.075300,43.675
2,0,phase:Sniping,Gunnery,9000,9000,1.079400,0.120
2,0,phase:Sniping,ShipStep,9000,36000,790.560200,87.840
2,0,phase:Sniping,Collision,9000,36000,346.289000,38.477
2,0,phase:Sniping,Projectiles,9000,36000,1240.930400,137.881
2,0,phase:Sniping,Missiles,9000,36000,99.015800,11.002
2,0,phase:Sniping,PointDefense,9000,36000,668.479600,74.276
2,0,phase:Sniping,Drones,9000,36000,101.966400,11.330
2,0,phase:Sniping,Sensors,9000,9000,11.300800,1.256
2,0,phase:Sniping,Post,9000,36000,30.095900,3.344
2,0,phase:Brawl,Tick,29849,29849,8576.100800,287.316
2,0,phase:Brawl,AI,29849,29849,1540.242900,51.601
2,0,phase:Brawl,AICommand,29849,29849,11.519000,0.386
2,0,phase:Brawl,AIThink,29849,32202,95.148900,3.188
2,0,phase:Brawl,AIDrive,29849,483029,440.046300,14.742
2,0,phase:Brawl,AIEngage,29849,29849,965.920500,32.360
2,0,phase:Brawl,Gunnery,29849,29849,3.566400,0.119
2,0,phase:Brawl,ShipStep,29849,119396,2230.026500,74.710
2,0,phase:Brawl,Collision,29849,119396,1241.279100,41.585
2,0,phase:Brawl,Projectiles,29849,119396,1492.229900,49.993
2,0,phase:Brawl,Missiles,29849,119396,196.489700,6.583
2,0,phase:Brawl,PointDefense,29849,119396,1517.477600,50.838
2,0,phase:Brawl,Drones,29849,119396,191.902800,6.429
2,0,phase:Brawl,Sensors,29849,29849,37.334800,1.251
2,0,phase:Brawl,Post,29849,119396,104.586600,3.504
2,0,time:0-300,Tick,18000,18000,4241.422400,235.635
2,0,time:0-300,AI,18000,18000,458.946200,25.497
2,0,time:0-300,AICommand,18000,18000,7.963600,0.442
2,0,time:0-300,AIThink,18000,28796,26.465100,1.470
2,0,time:0-300,AIDrive,18000,432000,255.972300,14.221
2,0,time:0-300,AIEngage,18000,18000,151.928800,8.440
2,0,time:0-300,Gunnery,18000,18000,1.718700,0.095
2,0,time:0-300,ShipStep,18000,72000,1513.648500,84.092
2,0,time:0-300,Collision,18000,72000,768.642000,42.702
2,0,time:0-300,Projectiles,18000,72000,2.770300,0.154
2,0,time:0-300,Missiles,18000,72000,127.369500,7.076
2,0,time:0-300,PointDefense,18000,72000,1132.558600,62.920
2,0,time:0-300,Drones,18000,72000,149.712900,8.317
2,0,time:0-300,Sensors,18000,18000,21.287400,1.183
2,0,time:0-300,Post,18000,72000,53.059300,2.948
2,0,time:300-540,Tick,14400,14400,5792.071700,402.227
2,0,time:300-540,AI,14400,14400,943.848900,65.545
2,0,time:300-540,AICommand,14400,14400,6.356300,0.441
2,0,time:300-540,AIThink,14400,23040,68.659300,4.768
2,0,time:300-540,AIDrive,14400,345600,250.745700,17.413
2,0,time:300-540,AIEngage,14400,14400,603.323900,41.897
2,0,time:300-540,Gunnery,14400,14400,1.747500,0.121
2,0,time:300-540,ShipStep,14400,57600,1365.598000,94.833
2,0,time:300-540,Collision,14400,57600,556.290500,38.631
2,0,time:300-540,Projectiles,14400,57600,2.558600,0.178
2,0,time:300-540,Missiles,14400,57600,464.091300,32.229
2,0,time:300-540,PointDefense,14400,57600,2015.679800,139.978
2,0,time:300-540,Drones,14400,57600,365.964400,25.414
2,0,time:300-540,Sensors,14400,14400,18.340100,1.274
2,0,time:300-540,Post,14400,57600,47.988500,3.333
2,0,time:540+,Tick,40649,40649,12757.630700,313.849
2,0,time:540+,AI,40649,40649,2184.749700,53.747
2,0,time:540+,AICommand,40649,40649,16.158200,0.398
2,0,time:540+,AIThink,40649,47181,136.812200,3.366
2,0,time:540+,AIDrive,40649,707719,615.126700,15.133
2,0,time:540+,AIEngage,40649,40649,1378.340700,33.908
2,0,time:540+,Gunnery,40649,40649,4.804400,0.118
2,0,time:540+,ShipStep,40649,162596,3130.624400,77.016
2,0,time:540+,Collision,40649,162596,1651.939800,40.639
2,0,time:540+,Projectiles,40649,162596,2733.400500,67.244
2,0,time:540+,Missiles,40649,162596,301.764500,7.424
2,0,time:540+,PointDefense,40649,162596,2230.947600,54.883
2,0,time:540+,Drones,40649,162596,300.834900,7.401
2,0,time:540+,Sensors,40649,40649,50.592600,1.245
2,0,time:540+,Post,40649,162596,139.649400,3.435
2,1,All,Tick,41377,41377,19736.061300,476.981
2,1,All,AI,41377,41377,2642.505800,63.864
2,1,All,AICommand,41377,41377,21.712200,0.525
2,1,All,AIThink,41377,65054,192.290200,4.647
2,1,All,AIDrive,41377,975810,832.290300,20.115
2,1,All,AIEngage,41377,41377,1547.252200,37.394
2,1,All,Gunnery,41377,41377,6.171100,0.149
2,1,All,ShipStep,41377,165508,4873.739600,117.789
2,1,All,Collision,41377,165508,2458.944600,59.428
2,1,All,Projectiles,41377,165508,1893.003900,45.750
2,1,All,Missiles,41377,165508,977.577000,23.626
2,1,All,PointDefense,41377,165508,5718.248300,138.199
2,1,All,Drones,41377,165508,892.360400,21.567
2,1,All,Sensors,41377,41377,66.944200,1.618
2,1,All,Post,41377,165508,172.497500,4.169
2,1,phase:Approach,Tick,7200,7200,1799.642900,249.950
2,1,phase:Approach,AI,7200,7200,144.025000,20.003
2,1,phase:Approach,AICommand,7200,7200,2.984000,0.414
2,1,phase:Approach,AIThink,7200,11520,11.209800,1.557
2,1,phase:Approach,AIDrive,7200,172800,102.651100,14.257
2,1,phase:Approach,AIEngage,7200,7200,19.655900,2.730
2,1,phase:Approach,Gunnery,7200,7200,0.809800,0.112
2,1,phase:Approach,ShipStep,7200,28800,655.069200,90.982
2,1,phase:Approach,Collision,7200,28800,446.388700,61.998
2,1,phase:Approach,Projectiles,7200,28800,1.257400,0.175
2,1,phase:Approach,Missiles,7200,28800,31.666600,4.398
2,1,phase:Approach,PointDefense,7200,28800,431.515500,59.933
2,1,phase:Approach,Drones,7200,28800,51.866000,7.204
2,1,phase:Approach,Sensors,7200,7200,9.917400,1.377
2,1,phase:Approach,Post,7200,28800,22.117900,3.072
2,1,phase:Missile,Tick,21600,21600,9708.834200,449.483
2,1,phase:Missile,AI,21600,21600,1334.758200,61.794
2,1,phase:Missile,AICommand,21600,21600,11.041100,0.511
2,1,phase:Missile,AIThink,21600,34556,103.397600,4.787
2,1,phase:Missile,AIDrive,21600,518400,461.205000,21.352
2,1,phase:Missile,AIEngage,21600,21600,732.672700,33.920
2,1,phase:Missile,Gunnery,21600,21600,3.383900,0.157
2,1,phase:Missile,ShipStep,21600,86400,2666.123000,123.432
2,1,phase:Missile,Collision,21600,86400,1237.264900,57.281
2,1,phase:Missile,Projectiles,21600,86400,5.611500,0.260
2,1,phase:Missile,Missiles,21600,86400,593.129600,27.460
2,1,phase:Missile,PointDefense,21600,86400,3200.531900,148.173
2,1,phase:Missile,Drones,21600,86400,525.429800,24.325
2,1,phase:Missile,Sensors,21600,21600,34.900600,1.616
2,1,phase:Missile,Post,21600,86400,89.288300,4.134
2,1,phase:Gunnery,Tick,1800,1800,1123.779500,624.322
2,1,phase:Gunnery,AI,1800,1800,164.710100,91.506
2,1,phase:Gunnery,AICommand,1800,1800,1.045400,0.581
2,1,phase:Gunnery,AIThink,1800,2880,10.834200,6.019
2,1,phase:Gunnery,AIDrive,1800,43200,40.799000,22.666
2,1,phase:Gunnery,AIEngage,1800,1800,109.774600,60.986
2,1,phase:Gunnery,Gunnery,1800,1800,0.300500,0.167
2,1,phase:Gunnery,ShipStep,1800,7200,230.876600,128.265
2,1,phase:Gunnery,Collision,1800,7200,108.820000,60.456
2,1,phase:Gunnery,Projectiles,1800,7200,1.215500,0.675
2,1,phase:Gunnery,Missiles,1800,7200,89.972100,49.984
2,1,phase:Gunnery,PointDefense,1800,7200,440.815200,244.897
2,1,phase:Gunnery,Drones,1800,7200,73.736300,40.965
2,1,phase:Gunnery,Sensors,1800,1800,3.271800,1.818
2,1,phase:Gunnery,Post,1800,7200,8.550700,4.750
2,1,phase:Sniping,Tick,10777,10777,7103.804700,659.163
2,1,phase:Sniping,AI,10777,10777,999.012500,92.699
2,1,phase:Sniping,AICommand,10777,10777,6.641700,0.616
2,1,phase:Sniping,AIThink,10777,16098,66.848600,6.203
2,1,phase:Sniping,AIDrive,10777,241410,227.635200,21.122
2,1,phase:Sniping,AIEngage,10777,10777,685.149000,63.575
2,1,phase:Sniping,Gunnery,10777,10777,1.676900,0.156
2,1,phase:Sniping,ShipStep,10777,43108,1321.670800,122.638
2,1,phase:Sniping,Collision,10777,43108,666.471000,61.842
2,1,phase:Sniping,Projectiles,10777,43108,1884.919500,174.902
2,1,phase:Sniping,Missiles,10777,43108,262.808700,24.386
2,1,phase:Sniping,PointDefense,10777,43108,1645.385700,152.676
2,1,phase:Sniping,Drones,10777,43108,241.328300,22.393
2,1,phase:Sniping,Sensors,10777,10777,18.854400,1.750
2,1,phase:Sniping,Post,10777,43108,52.540600,4.875
2,1,time:0-300,Tick,18000,18000,5520.868800,306.715
2,1,time:0-300,AI,18000,18000,594.164600,33.009
2,1,time:0-300,AICommand,18000,18000,7.810700,0.434
2,1,time:0-300,AIThink,18000,28796,35.854700,1.992
2,1,time:0-300,AIDrive,18000,432000,308.299300,17.128
2,1,time:0-300,AIEngage,18000,18000,222.472100,12.360
2,1,time:0-300,Gunnery,18000,18000,2.261600,0.126
2,1,time:0-300,ShipStep,18000,72000,1903.224200,105.735
2,1,time:0-300,Collision,18000,72000,1072.549800,59.586
2,1,time:0-300,Projectiles,18000,72000,3.797000,0.211
2,1,time:0-300,Missiles,18000,72000,187.937000,10.441
2,1,time:0-300,PointDefense,18000,72000,1457.445700,80.969
2,1,time:0-300,Drones,18000,72000,200.189100,11.122
2,1,time:0-300,Sensors,18000,18000,26.224000,1.457
2,1,time:0-300,Post,18000,72000,59.631500,3.313
2,1,time:300-540,Tick,14400,14400,8352.998500,580.069
2,1,time:300-540,AI,14400,14400,1236.932100,85.898
2,1,time:300-540,AICommand,14400,14400,8.192700,0.569
2,1,time:300-540,AIThink,14400,23040,103.118700,7.161
2,1,time:300-540,AIDrive,14400,345600,338.384500,23.499
2,1,time:300-540,AIEngage,14400,14400,768.569800,53.373
2,1,time:300-540,Gunnery,14400,14400,2.496100,0.173
2,1,time:300-540,ShipStep,14400,57600,1883.204800,130.778
2,1,time:300-540,Collision,14400,57600,824.844000,57.281
2,1,time:300-540,Projectiles,14400,57600,4.684200,0.325
2,1,time:300-540,Missiles,14400,57600,637.748900,44.288
2,1,time:300-540,PointDefense,14400,57600,3117.578900,216.499
2,1,time:300-540,Drones,14400,57600,539.118000,37.439
2,1,time:300-540,Sensors,14400,14400,24.817200,1.723
2,1,time:300-540,Post,14400,57600,68.485000,4.756
2,1,time:540+,Tick,8977,8977,5862.194000,653.024
2,1,time:540+,AI,8977,8977,811.409100,90.388
2,1,time:540+,AICommand,8977,8977,5.708800,0.636
2,1,time:540+,AIThink,8977,13218,53.316800,5.939
2,1,time:540+,AIDrive,8977,198210,185.606500,20.676
2,1,time:540+,AIEngage,8977,8977,556.210300,61.959
2,1,time:540+,Gunnery,8977,8977,1.413400,0.157
2,1,time:540+,ShipStep,8977,35908,1087.310600,121.122
2,1,time:540+,Collision,8977,35908,561.550800,62.554
2,1,time:540+,Projectiles,8977,35908,1884.522700,209.928
2,1,time:540+,Missiles,8977,35908,151.891100,16.920
2,1,time:540+,PointDefense,8977,35908,1143.223700,127.350
2,1,time:540+,Drones,8977,35908,153.053300,17.049
2,1,time:540+,Sensors,8977,8977,15.903000,1.772
2,1,time:540+,Post,8977,35908,44.381000,4.944
3,0,All,Tick,54966,54966,21135.638900,384.522
3,0,All,AI,54966,54966,3186.377600,57.970
3,0,All,AICommand,54966,54966,24.606200,0.448
3,0,All,AIThink,54966,82507,203.350200,3.700
3,0,All,AIDrive,54966,1237607,938.907000,17.082
3,0,All,AIEngage,54966,54966,1963.186100,35.716
3,0,All,Gunnery,54966,54966,6.523600,0.119
3,0,All,ShipStep,54966,219864,5153.736900,93.762
3,0,All,Collision,54966,219864,2357.685000,42.894
3,0,All,Projectiles,54966,219864,3356.654100,61.068
3,0,All,Missiles,54966,219864,818.496000,14.891
3,0,All,PointDefense,54966,219864,5197.657400,94.561
3,0,All,Drones,54966,219864,761.660900,13.857
3,0,All,Sensors,54966,54966,72.686900,1.322
3,0,All,Post,54966,219864,185.271000,3.371
3,0,phase:Approach,Tick,9000,9000,2628.766800,292.085
3,0,phase:Approach,AI,9000,9000,204.585500,22.732
3,0,phase:Approach,AICommand,9000,9000,3.981700,0.442
3,0,phase:Approach,AIThink,9000,14396,16.271400,1.808
3,0,phase:Approach,AIDrive,9000,216000,144.566500,16.063
3,0,phase:Approach,AIEngage,9000,9000,30.549400,3.394
3,0,phase:Approach,Gunnery,9000,9000,1.059100,0.118
3,0,phase:Approach,ShipStep,9000,36000,968.604400,107.623
3,0,phase:Approach,Collision,9000,36000,545.392700,60.599
3,0,phase:Approach,Projectiles,9000,36000,1.649800,0.183
3,0,phase:Approach,Missiles,9000,36000,47.732300,5.304
3,0,phase:Approach,PointDefense,9000,36000,725.646800,80.627
3,0,phase:Approach,Drones,9000,36000,81.513100,9.057
3,0,phase:Approach,Sensors,9000,9000,14.362700,1.596
3,0,phase:Approach,Post,9000,36000,31.556200,3.506
3,0,phase:Missile,Tick,21600,21600,7353.519500,340.441
3,0,phase:Missile,AI,21600,21600,1084.279300,50.198
3,0,phase:Missile,AICommand,21600,21600,9.000300,0.417
3,0,phase:Missile,AIThink,21600,34560,74.172600,3.434
3,0,phase:Missile,AIDrive,21600,518400,355.702600,16.468
3,0,phase:Missile,AIEngage,21600,21600,623.677300,28.874
3,0,phase:Missile,Gunnery,21600,21600,2.391700,0.111
3,0,phase:Missile,ShipStep,21600,86400,2003.400800,92.750
3,0,phase:Missile,Collision,21600,86400,859.029000,39.770
3,0,phase:Missile,Projectiles,21600,86400,3.543700,0.164
3,0,phase:Missile,Missiles,21600,86400,486.226100,22.510
3,0,phase:Missile,PointDefense,21600,86400,2397.162600,110.980
3,0,phase:Missile,Drones,21600,86400,409.365700,18.952
3,0,phase:Missile,Sensors,21600,21600,26.938000,1.247
3,0,phase:Missile,Post,21600,86400,66.115800,3.061
3,0,phase:Sniping,Tick,7200,7200,2612.770100,362.885
3,0,phase:Sniping,AI,7200,7200,494.196900,68.638
3,0,phase:Sniping,AICommand,7200,7200,3.606700,0.501
3,0,phase:Sniping,AIThink,7200,11520,35.232000,4.893
3,0,phase:Sniping,AIDrive,7200,172800,124.459200,17.286
3,0,phase:Sniping,AIEngage,7200,7200,323.515800,44.933
3,0,phase:Sniping,Gunnery,7200,7200,0.827800,0.115
3,0,phase:Sniping,ShipStep,7200,28800,648.746200,90.104
3,0,phase:Sniping,Collision,7200,28800,271.528700,37.712
3,0,phase:Sniping,Projectiles,7200,28800,121.488500,16.873
3,0,phase:Sniping,Missiles,7200,28800,145.023400,20.142
3,0,phase:Sniping,PointDefense,7200,28800,771.590200,107.165
3,0,phase:Sniping,Drones,7200,28800,123.283600,17.123
3,0,phase:Sniping,Sensors,7200,7200,8.592700,1.193
3,0,phase:Sniping,Post,7200,28800,22.675900,3.149
3,0,phase:Brawl,Tick,17166,17166,8540.582500,497.529
3,0,phase:Brawl,AI,17166,17166,1403.315900,81.750
3,0,phase:Brawl,AICommand,17166,17166,8.017500,0.467
3,0,phase:Brawl,AIThink,17166,22031,77.674200,4.525
3,0,phase:Brawl,AIDrive,17166,330407,314.178700,18.302
3,0,phase:Brawl,AIEngage,17166,17166,985.443600,57.407
3,0,phase:Brawl,Gunnery,17166,17166,2.245000,0.131
3,0,phase:Brawl,ShipStep,17166,68664,1532.985500,89.304
3,0,phase:Brawl,Collision,17166,68664,681.734600,39.714
3,0,phase:Brawl,Projectiles,17166,68664,3229.972100,188.161
3,0,phase:Brawl,Missiles,17166,68664,139.514200,8.127
3,0,phase:Brawl,PointDefense,17166,68664,1303.257800,75.921
3,0,phase:Brawl,Drones,17166,68664,147.498500,8.592
3,0,phase:Brawl,Sensors,17166,17166,22.793500,1.328
3,0,phase:Brawl,Post,17166,68664,64.923100,3.782
3,0,time:0-300,Tick,18000,18000,4961.773500,275.654
3,0,time:0-300,AI,18000,18000,466.099300,25.894
3,0,time:0-300,AICommand,18000,18000,7.875700,0.438
3,0,time:0-300,AIThink,18000,28796,32.377200,1.799
3,0,time:0-300,AIDrive,18000,432000,282.671000,15.704
3,0,time:0-300,AIEngage,18000,18000,124.868400,6.937
3,0,time:0-300,Gunnery,18000,18000,2.042300,0.113
3,0,time:0-300,ShipStep,18000,72000,1788.386900,99.355
3,0,time:0-300,Collision,18000,72000,919.009600,51.056
3,0,time:0-300,Projectiles,18000,72000,3.034600,0.169
3,0,time:0-300,Missiles,18000,72000,136.220900,7.568
3,0,time:0-300,PointDefense,18000,72000,1378.740100,76.597
3,0,time:0-300,Drones,18000,72000,171.609000,9.534
3,0,time:0-300,Sensors,18000,18000,25.909300,1.439
3,0,time:0-300,Post,18000,72000,57.960200,3.220
3,0,time:300-540,Tick,14400,14400,5784.484900,401.700
3,0,time:300-540,AI,14400,14400,962.937200,66.871
3,0,time:300-540,AICommand,14400,14400,6.144300,0.427
3,0,time:300-540,AIThink,14400,23040,69.099400,4.799
3,0,time:300-540,AIDrive,14400,345600,249.313100,17.313
3,0,time:300-540,AIEngage,14400,14400,623.826200,43.321
3,0,time:300-540,Gunnery,14400,14400,1.638000,0.114
3,0,time:300-540,ShipStep,14400,57600,1350.267500,93.769
3,0,time:300-540,Collision,14400,57600,554.013800,38.473
3,0,time:300-540,Projectiles,14400,57600,2.423600,0.168
3,0,time:300-540,Missiles,14400,57600,457.529800,31.773
3,0,time:300-540,PointDefense,14400,57600,2014.449200,139.892
3,0,time:300-540,Drones,14400,57600,368.082800,25.561
3,0,time:300-540,Sensors,14400,14400,17.445900,1.212
3,0,time:300-540,Post,14400,57600,45.501600,3.160
3,0,time:540+,Tick,22566,22566,10389.380500,460.400
3,0,time:540+,AI,22566,22566,1757.341100,77.876
3,0,time:540+,AICommand,22566,22566,10.586200,0.469
3,0,time:540+,AIThink,22566,30671,101.873600,4.514
3,0,time:540+,AIDrive,22566,460007,406.922900,18.033
3,0,time:540+,AIEngage,22566,22566,1214.491500,53.820
3,0,time:540+,Gunnery,22566,22566,2.843300,0.126
3,0,time:540+,ShipStep,22566,90264,2015.082500,89.297
3,0,time:540+,Collision,22566,90264,884.661600,39.203
3,0,time:540+,Projectiles,22566,90264,3351.195900,148.506
3,0,time:540+,Missiles,22566,90264,224.745300,9.959
3,0,time:540+,PointDefense,22566,90264,1804.468100,79.964
3,0,time:540+,Drones,22566,90264,221.969100,9.836
3,0,time:540+,Sensors,22566,22566,29.331700,1.300
3,0,time:540+,Post,22566,90264,81.809200,3.625
3,1,All,Tick,41286,41286,17454.870600,422.779
3,1,All,AI,41286,41286,2455.367900,59.472
3,1,All,AICommand,41286,41286,19.687000,0.477
3,1,All,AIThink,41286,65156,170.569600,4.131
3,1,All,AIDrive,41286,977356,752.367200,18.223
3,1,All,AIEngage,41286,41286,1467.764300,35.551
3,1,All,Gunnery,41286,41286,5.544300,0.134
3,1,All,ShipStep,41286,165144,4195.139400,101.612
3,1,All,Collision,41286,165144,1975.704900,47.854
3,1,All,Projectiles,41286,165144,1903.456900,46.104
3,1,All,Missiles,41286,165144,933.051500,22.600
3,1,All,PointDefense,41286,165144,4974.629900,120.492
3,1,All,Drones,41286,165144,760.856400,18.429
3,1,All,Sensors,41286,41286,56.971700,1.380
3,1,All,Post,41286,165144,161.581500,3.914
3,1,phase:Approach,Tick,10800,10800,2376.571200,220.053
3,1,phase:Approach,AI,10800,10800,244.135500,22.605
3,1,phase:Approach,AICommand,10800,10800,4.464500,0.413
3,1,phase:Approach,AIThink,10800,17276,15.257100,1.413
3,1,phase:Approach,AIDrive,10800,259200,142.803200,13.223
3,1,phase:Approach,AIEngage,10800,10800,71.673200,6.636
3,1,phase:Approach,Gunnery,10800,10800,1.090600,0.101
3,1,phase:Approach,ShipStep,10800,43200,889.550000,82.366
3,1,phase:Approach,Collision,10800,43200,442.313800,40.955
3,1,phase:Approach,Projectiles,10800,43200,1.680400,0.156
3,1,phase:Approach,Missiles,10800,43200,59.203700,5.482
3,1,phase:Approach,PointDefense,10800,43200,611.085700,56.582
3,1,phase:Approach,Drones,10800,43200,75.127200,6.956
3,1,phase:Approach,Sensors,10800,10800,12.454000,1.153
3,1,phase:Approach,Post,10800,43200,32.657200,3.024
3,1,phase:Missile,Tick,21600,21600,8904.213000,412.232
3,1,phase:Missile,AI,21600,21600,1322.021600,61.205
3,1,phase:Missile,AICommand,21600,21600,9.915600,0.459
3,1,phase:Missile,AIThink,21600,34560,97.037600,4.492
3,1,phase:Missile,AIDrive,21600,518400,412.931300,19.117
3,1,phase:Missile,AIEngage,21600,21600,778.171700,36.026
3,1,phase:Missile,Gunnery,21600,21600,2.909100,0.135
3,1,phase:Missile,ShipStep,21600,86400,2287.283200,105.893
3,1,phase:Missile,Collision,21600,86400,1002.317200,46.404
3,1,phase:Missile,Projectiles,21600,86400,4.483000,0.208
3,1,phase:Missile,Missiles,21600,86400,619.739700,28.692
3,1,phase:Missile,PointDefense,21600,86400,3024.352200,140.016
3,1,phase:Missile,Drones,21600,86400,509.712500,23.598
3,1,phase:Missile,Sensors,21600,21600,30.113800,1.394
3,1,phase:Missile,Post,21600,86400,83.736900,3.877
3,1,phase:Gunnery,Tick,1800,1800,917.274500,509.597
3,1,phase:Gunnery,AI,1800,1800,126.663000,70.368
3,1,phase:Gunnery,AICommand,1800,1800,1.023500,0.569
3,1,phase:Gunnery,AIThink,1800,2880,9.644200,5.358
3,1,phase:Gunnery,AIDrive,1800,43200,36.960300,20.533
3,1,phase:Gunnery,AIEngage,1800,1800,77.033600,42.796
3,1,phase:Gunnery,Gunnery,1800,1800,0.261600,0.145
3,1,phase:Gunnery,ShipStep,1800,7200,208.497200,115.832
3,1,phase:Gunnery,Collision,1800,7200,94.891000,52.717
3,1,phase:Gunnery,Projectiles,1800,7200,3.323300,1.846
3,1,phase:Gunnery,Missiles,1800,7200,69.126700,38.404
3,1,phase:Gunnery,PointDefense,1800,7200,346.527700,192.515
3,1,phase:Gunnery,Drones,1800,7200,56.240400,31.245
3,1,phase:Gunnery,Sensors,1800,1800,2.835200,1.575
3,1,phase:Gunnery,Post,1800,7200,7.469700,4.150
3,1,phase:Sniping,Tick,3600,3600,2693.766700,748.269
3,1,phase:Sniping,AI,3600,3600,409.859000,113.850
3,1,phase:Sniping,AICommand,3600,3600,2.136500,0.593
3,1,phase:Sniping,AIThink,3600,5417,26.065400,7.240
3,1,phase:Sniping,AIDrive,3600,81257,80.311900,22.309
3,1,phase:Sniping,AIEngage,3600,3600,296.743800,82.429
3,1,phase:Sniping,Gunnery,3600,3600,0.709500,0.197
3,1,phase:Sniping,ShipStep,3600,14400,425.086400,118.080
3,1,phase:Sniping,Collision,3600,14400,213.731400,59.370
3,1,phase:Sniping,Projectiles,3600,14400,843.553200,234.320
3,1,phase:Sniping,Missiles,3600,14400,110.561900,30.712
3,1,phase:Sniping,PointDefense,3600,14400,582.147700,161.708
3,1,phase:Sniping,Drones,3600,14400,79.197200,21.999
3,1,phase:Sniping,Sensors,3600,3600,5.643600,1.568
3,1,phase:Sniping,Post,3600,14400,20.030800,5.564
3,1,phase:Brawl,Tick,3486,3486,2563.045200,735.240
3,1,phase:Brawl,AI,3486,3486,352.688800,101.173
3,1,phase:Brawl,AICommand,3486,3486,2.146900,0.616
3,1,phase:Brawl,AIThink,3486,5023,22.565300,6.473
3,1,phase:Brawl,AIDrive,3486,75299,79.360500,22.765
3,1,phase:Brawl,AIEngage,3486,3486,244.142000,70.035
3,1,phase:Brawl,Gunnery,3486,3486,0.573500,0.165
3,1,phase:Brawl,ShipStep,3486,13944,384.722600,110.362
3,1,phase:Brawl,Collision,3486,13944,222.451500,63.813
3,1,phase:Brawl,Projectiles,3486,13944,1050.417000,301.324
3,1,phase:Brawl,Missiles,3486,13944,74.419500,21.348
3,1,phase:Brawl,PointDefense,3486,13944,410.516600,117.762
3,1,phase:Brawl,Drones,3486,13944,40.579100,11.641
3,1,phase:Brawl,Sensors,3486,3486,5.925100,1.700
3,1,phase:Brawl,Post,3486,13944,17.686900,5.074
3,1,time:0-300,Tick,18000,18000,4163.606300,231.311
3,1,time:0-300,AI,18000,18000,453.129900,25.174
3,1,time:0-300,AICommand,18000,18000,7.021500,0.390
3,1,time:0-300,AIThink,18000,28796,27.521100,1.529
3,1,time:0-300,AIDrive,18000,432000,247.028700,13.724
3,1,time:0-300,AIEngage,18000,18000,154.879900,8.604
3,1,time:0-300,Gunnery,18000,18000,1.811100,0.101
3,1,time:0-300,ShipStep,18000,72000,1493.422800,82.968
3,1,time:0-300,Collision,18000,72000,714.007600,39.667
3,1,time:0-300,Projectiles,18000,72000,2.659700,0.148
3,1,time:0-300,Missiles,18000,72000,139.686000,7.760
3,1,time:0-300,PointDefense,18000,72000,1124.015800,62.445
3,1,time:0-300,Drones,18000,72000,149.813900,8.323
3,1,time:0-300,Sensors,18000,18000,20.707500,1.150
3,1,time:0-300,Post,18000,72000,52.161800,2.898
3,1,time:300-540,Tick,14400,14400,7117.177900,494.248
3,1,time:300-540,AI,14400,14400,1113.027200,77.294
3,1,time:300-540,AICommand,14400,14400,7.358600,0.511
3,1,time:300-540,AIThink,14400,23040,84.773600,5.887
3,1,time:300-540,AIDrive,14400,345600,308.705800,21.438
3,1,time:300-540,AIEngage,14400,14400,694.965000,48.261
3,1,time:300-540,Gunnery,14400,14400,2.188600,0.152
3,1,time:300-540,ShipStep,14400,57600,1683.410400,116.903
3,1,time:300-540,Collision,14400,57600,730.623400,50.738
3,1,time:300-540,Projectiles,14400,57600,3.503700,0.243
3,1,time:300-540,Missiles,14400,57600,539.257400,37.448
3,1,time:300-540,PointDefense,14400,57600,2511.422100,174.404
3,1,time:300-540,Drones,14400,57600,435.025800,30.210
3,1,time:300-540,Sensors,14400,14400,21.860300,1.518
3,1,time:300-540,Post,14400,57600,64.232300,4.461
3,1,time:540+,Tick,8886,8886,6174.086400,694.811
3,1,time:540+,AI,8886,8886,889.210800,100.069
3,1,time:540+,AICommand,8886,8886,5.306900,0.597
3,1,time:540+,AIThink,8886,13320,58.274900,6.558
3,1,time:540+,AIDrive,8886,199756,196.632700,22.128
3,1,time:540+,AIEngage,8886,8886,617.919400,69.539
3,1,time:540+,Gunnery,8886,8886,1.544600,0.174
3,1,time:540+,ShipStep,8886,35544,1018.306200,114.597
3,1,time:540+,Collision,8886,35544,531.073900,59.765
3,1,time:540+,Projectiles,8886,35544,1897.293500,213.515
3,1,time:540+,Missiles,8886,35544,254.108100,28.596
3,1,time:540+,PointDefense,8886,35544,1339.192000,150.708
3,1,time:540+,Drones,8886,35544,176.016700,19.808
3,1,time:540+,Sensors,8886,8886,14.403900,1.621
3,1,time:540+,Post,8886,35544,45.187400,5.085
4,0,All,Tick,39760,39760,19199.026200,482.873
4,0,All,AI,39760,39760,2571.725700,64.681
4,0,All,AICommand,39760,39760,19.216600,0.483
4,0,All,AIThink,39760,63300,180.696100,4.545
4,0,All,AIDrive,39760,949492,781.164000,19.647
4,0,All,AIEngage,39760,39760,1544.953700,38.857
4,0,All,Gunnery,39760,39760,5.487000,0.138
4,0,All,ShipStep,39760,159040,4401.392700,110.699
4,0,All,Collision,39760,159040,2058.478000,51.773
4,0,All,Projectiles,39760,159040,2872.202800,72.239
4,0,All,Missiles,39760,159040,907.806800,22.832
4,0,All,PointDefense,39760,159040,5302.010200,133.350
4,0,All,Drones,39760,159040,826.028900,20.775
4,0,All,Sensors,39760,39760,60.822300,1.530
4,0,All,Post,39760,159040,161.212400,4.055
4,0,phase:Approach,Tick,7200,7200,2009.162000,279.050
4,0,phase:Approach,AI,7200,7200,161.520400,22.433
4,0,phase:Approach,AICommand,7200,7200,3.659400,0.508
4,0,phase:Approach,AIThink,7200,11520,13.568700,1.885
4,0,phase:Approach,AIDrive,7200,172800,112.411500,15.613
4,0,phase:Approach,AIEngage,7200,7200,24.049300,3.340
4,0,phase:Approach,Gunnery,7200,7200,0.805900,0.112
4,0,phase:Approach,ShipStep,7200,28800,743.498100,103.264
4,0,phase:Approach,Collision,7200,28800,415.750700,57.743
4,0,phase:Approach,Projectiles,7200,28800,1.378400,0.191
4,0,phase:Approach,Missiles,7200,28800,35.634400,4.949
4,0,phase:Approach,PointDefense,7200,28800,547.325600,76.017
4,0,phase:Approach,Drones,7200,28800,61.525700,8.545
4,0,phase:Approach,Sensors,7200,7200,11.412800,1.585
4,0,phase:Approach,Post,7200,28800,25.177300,3.497
4,0,phase:Missile,Tick,25200,25200,10535.249600,418.065
4,0,phase:Missile,AI,25200,25200,1568.540400,62.244
4,0,phase:Missile,AICommand,25200,25200,11.386300,0.452
4,0,phase:Missile,AIThink,25200,40316,109.115300,4.330
4,0,phase:Missile,AIDrive,25200,604800,482.629400,19.152
4,0,phase:Missile,AIEngage,25200,25200,937.213000,37.191
4,0,phase:Missile,Gunnery,25200,25200,3.321900,0.132
4,0,phase:Missile,ShipStep,25200,100800,2726.022600,108.175
4,0,phase:Missile,Collision,25200,100800,1193.167000,47.348
4,0,phase:Missile,Projectiles,25200,100800,5.290800,0.210
4,0,phase:Missile,Missiles,25200,100800,680.588000,27.007
4,0,phase:Missile,PointDefense,25200,100800,3598.257500,142.788
4,0,phase:Missile,Drones,25200,100800,607.299800,24.099
4,0,phase:Missile,Sensors,25200,25200,37.049300,1.470
4,0,phase:Missile,Post,25200,100800,95.802100,3.802
4,0,phase:Sniping,Tick,3600,3600,2621.790200,728.275
4,0,phase:Sniping,AI,3600,3600,393.933000,109.426
4,0,phase:Sniping,AICommand,3600,3600,1.979000,0.550
4,0,phase:Sniping,AIThink,3600,5760,28.391800,7.887
4,0,phase:Sniping,AIDrive,3600,86400,87.093300,24.193
4,0,phase:Sniping,AIEngage,3600,3600,272.074100,75.576
4,0,phase:Sniping,Gunnery,3600,3600,0.663900,0.184
4,0,phase:Sniping,ShipStep,3600,14400,457.423700,127.062
4,0,phase:Sniping,Collision,3600,14400,219.086500,60.857
4,0,phase:Sniping,Projectiles,3600,14400,673.348200,187.041
4,0,phase:Sniping,Missiles,3600,14400,110.577900,30.716
4,0,phase:Sniping,PointDefense,3600,14400,641.801800,178.278
4,0,phase:Sniping,Drones,3600,14400,98.974400,27.493
4,0,phase:Sniping,Sensors,3600,3600,5.859900,1.628
4,0,phase:Sniping,Post,3600,14400,17.096500,4.749
4,0,phase:Brawl,Tick,3760,3760,4032.824400,1072.560
4,0,phase:Brawl,AI,3760,3760,447.731900,119.078
4,0,phase:Brawl,AICommand,3760,3760,2.191900,0.583
4,0,phase:Brawl,AIThink,3760,5704,29.620300,7.878
4,0,phase:Brawl,AIDrive,3760,85492,99.029800,26.338
4,0,phase:Brawl,AIEngage,3760,3760,311.617300,82.877
4,0,phase:Brawl,Gunnery,3760,3760,0.695300,0.185
4,0,phase:Brawl,ShipStep,3760,15040,474.448300,126.183
4,0,phase:Brawl,Collision,3760,15040,230.473800,61.296
4,0,phase:Brawl,Projectiles,3760,15040,2192.185400,583.028
4,0,phase:Brawl,Missiles,3760,15040,81.006500,21.544
4,0,phase:Brawl,PointDefense,3760,15040,514.625300,136.868
4,0,phase:Brawl,Drones,3760,15040,58.229000,15.486
4,0,phase:Brawl,Sensors,3760,3760,6.500300,1.729
4,0,phase:Brawl,Post,3760,15040,23.136500,6.153
4,0,time:0-300,Tick,18000,18000,5039.965400,279.998
4,0,time:0-300,AI,18000,18000,518.715000,28.818
4,0,time:0-300,AICommand,18000,18000,7.724500,0.429
4,0,time:0-300,AIThink,18000,28796,33.498000,1.861
4,0,time:0-300,AIDrive,18000,432000,284.089800,15.783
4,0,time:0-300,AIEngage,18000,18000,174.498100,9.694
4,0,time:0-300,Gunnery,18000,18000,1.983000,0.110
4,0,time:0-300,ShipStep,18000,72000,1758.404200,97.689
4,0,time:0-300,Collision,18000,72000,866.871100,48.160
4,0,time:0-300,Projectiles,18000,72000,3.326600,0.185
4,0,time:0-300,Missiles,18000,72000,173.145100,9.619
4,0,time:0-300,PointDefense,18000,72000,1426.522900,79.251
4,0,time:0-300,Drones,18000,72000,193.888000,10.772
4,0,time:0-300,Sensors,18000,18000,25.182800,1.399
4,0,time:0-300,Post,18000,72000,59.085900,3.283
4,0,time:300-540,Tick,14400,14400,7504.446200,521.142
4,0,time:300-540,AI,14400,14400,1211.345800,84.121
4,0,time:300-540,AICommand,14400,14400,7.321200,0.508
4,0,time:300-540,AIThink,14400,23040,89.186000,6.193
4,0,time:300-540,AIDrive,14400,345600,310.951100,21.594
4,0,time:300-540,AIEngage,14400,14400,786.764200,54.636
4,0,time:300-540,Gunnery,14400,14400,2.144800,0.149
4,0,time:300-540,ShipStep,14400,57600,1711.116500,118.828
4,0,time:300-540,Collision,14400,57600,742.046600,51.531
4,0,time:300-540,Projectiles,14400,57600,3.342600,0.232
4,0,time:300-540,Missiles,14400,57600,543.077300,37.714
4,0,time:300-540,PointDefense,14400,57600,2719.060200,188.824
4,0,time:300-540,Drones,14400,57600,474.937500,32.982
4,0,time:300-540,Sensors,14400,14400,23.279300,1.617
4,0,time:300-540,Post,14400,57600,61.893500,4.298
4,0,time:540+,Tick,7360,7360,6654.614600,904.160
4,0,time:540+,AI,7360,7360,841.664900,114.357
4,0,time:540+,AICommand,7360,7360,4.170900,0.567
4,0,time:540+,AIThink,7360,11464,58.012100,7.882
4,0,time:540+,AIDrive,7360,171892,186.123100,25.288
4,0,time:540+,AIEngage,7360,7360,583.691400,79.306
4,0,time:540+,Gunnery,7360,7360,1.359200,0.185
4,0,time:540+,ShipStep,7360,29440,931.872000,126.613
4,0,time:540+,Collision,7360,29440,449.560300,61.082
4,0,time:540+,Projectiles,7360,29440,2865.533600,389.339
4,0,time:540+,Missiles,7360,29440,191.584400,26.030
4,0,time:540+,PointDefense,7360,29440,1156.427100,157.123
4,0,time:540+,Drones,7360,29440,157.203400,21.359
4,0,time:540+,Sensors,7360,7360,12.360200,1.679
4,0,time:540+,Post,7360,29440,40.233000,5.466
4,1,All,Tick,41825,41825,19087.983400,456.377
4,1,All,AI,41825,41825,2812.162600,67.236
4,1,All,AICommand,41825,41825,20.386200,0.487
4,1,All,AIThink,41825,66079,197.891500,4.731
4,1,All,AIDrive,41825,991161,825.194000,19.730
4,1,All,AIEngage,41825,41825,1719.565300,41.113
4,1,All,Gunnery,41825,41825,5.766500,0.138
4,1,All,ShipStep,41825,167300,4665.964800,111.559
4,1,All,Collision,41825,167300,2317.289900,55.404
4,1,All,Projectiles,41825,167300,1713.258700,40.963
4,1,All,Missiles,41825,167300,913.491300,21.841
4,1,All,PointDefense,41825,167300,5544.614400,132.567
4,1,All,Drones,41825,167300,850.715400,20.340
4,1,All,Sensors,41825,41825,63.488900,1.518
4,1,All,Post,41825,167300,167.998800,4.017
4,1,phase:Approach,Tick,7200,7200,2260.255800,313.924
4,1,phase:Approach,AI,7200,7200,168.988300,23.471
4,1,phase:Approach,AICommand,7200,7200,3.372300,0.468
4,1,phase:Approach,AIThink,7200,11520,13.052500,1.813
4,1,phase:Approach,AIDrive,7200,172800,118.395600,16.444
4,1,phase:Approach,AIEngage,7200,7200,26.290100,3.651
4,1,phase:Approach,Gunnery,7200,7200,0.807900,0.112
4,1,phase:Approach,ShipStep,7200,28800,786.444100,109.228
4,1,phase:Approach,Collision,7200,28800,573.346900,79.632
4,1,phase:Approach,Projectiles,7200,28800,1.783300,0.248
4,1,phase:Approach,Missiles,7200,28800,38.683100,5.373
4,1,phase:Approach,PointDefense,7200,28800,582.349300,80.882
4,1,phase:Approach,Drones,7200,28800,65.091300,9.040
4,1,phase:Approach,Sensors,7200,7200,11.423900,1.587
4,1,phase:Approach,Post,7200,28800,25.605800,3.556
4,1,phase:Missile,Tick,19800,19800,7178.963700,362.574
4,1,phase:Missile,AI,19800,19800,1047.635100,52.911
4,1,phase:Missile,AICommand,19800,19800,8.685700,0.439
4,1,phase:Missile,AIThink,19800,31676,67.008000,3.384
4,1,phase:Missile,AIDrive,19800,475200,350.188200,17.686
4,1,phase:Missile,AIEngage,19800,19800,600.081400,30.307
4,1,phase:Missile,Gunnery,19800,19800,2.334100,0.118
4,1,phase:Missile,ShipStep,19800,79200,1984.559200,100.230
4,1,phase:Missile,Collision,19800,79200,842.007900,42.526
4,1,phase:Missile,Projectiles,19800,79200,3.711900,0.187
4,1,phase:Missile,Missiles,19800,79200,439.672100,22.206
4,1,phase:Missile,PointDefense,19800,79200,2362.474500,119.317
4,1,phase:Missile,Drones,19800,79200,389.479700,19.671
4,1,phase:Missile,Sensors,19800,19800,26.223400,1.324
4,1,phase:Missile,Post,19800,79200,66.422900,3.355
4,1,phase:Sniping,Tick,10800,10800,6222.499100,576.157
4,1,phase:Sniping,AI,10800,10800,1090.202600,100.945
4,1,phase:Sniping,AICommand,10800,10800,6.090300,0.564
4,1,phase:Sniping,AIThink,10800,17201,87.297300,8.083
4,1,phase:Sniping,AIDrive,10800,258015,261.469400,24.210
4,1,phase:Sniping,AIEngage,10800,10800,720.894900,66.750
4,1,phase:Sniping,Gunnery,10800,10800,1.861400,0.172
4,1,phase:Sniping,ShipStep,10800,43200,1399.800700,129.611
4,1,phase:Sniping,Collision,10800,43200,650.698500,60.250
4,1,phase:Sniping,Projectiles,10800,43200,138.129100,12.790
4,1,phase:Sniping,Missiles,10800,43200,375.190900,34.740
4,1,phase:Sniping,PointDefense,10800,43200,2125.632100,196.818
4,1,phase:Sniping,Drones,10800,43200,360.777300,33.405
4,1,phase:Sniping,Sensors,10800,10800,18.593300,1.722
4,1,phase:Sniping,Post,10800,43200,52.173800,4.831
4,1,phase:Brawl,Tick,4025,4025,3426.264800,851.246
4,1,phase:Brawl,AI,4025,4025,505.336600,125.549
4,1,phase:Brawl,AICommand,4025,4025,2.237900,0.556
4,1,phase:Brawl,AIThink,4025,5682,30.533700,7.586
4,1,phase:Brawl,AIDrive,4025,85146,95.140800,23.637
4,1,phase:Brawl,AIEngage,4025,4025,372.298900,92.497
4,1,phase:Brawl,Gunnery,4025,4025,0.763100,0.190
4,1,phase:Brawl,ShipStep,4025,16100,495.160800,123.021
4,1,phase:Brawl,Collision,4025,16100,251.236600,62.419
4,1,phase:Brawl,Projectiles,4025,16100,1569.634400,389.971
4,1,phase:Brawl,Missiles,4025,16100,59.945200,14.893
4,1,phase:Brawl,PointDefense,4025,16100,474.158500,117.803
4,1,phase:Brawl,Drones,4025,16100,35.367100,8.787
4,1,phase:Brawl,Sensors,4025,4025,7.248300,1.801
4,1,phase:Brawl,Post,4025,16100,23.796300,5.912
4,1,time:0-300,Tick,18000,18000,5207.585100,289.310
4,1,time:0-300,AI,18000,18000,598.541700,33.252
4,1,time:0-300,AICommand,18000,18000,7.736700,0.430
4,1,time:0-300,AIThink,18000,28796,32.053500,1.781
4,1,time:0-300,AIDrive,18000,432000,290.781500,16.155
4,1,time:0-300,AIEngage,18000,18000,249.018400,13.834
4,1,time:0-300,Gunnery,18000,18000,1.901700,0.106
4,1,time:0-300,ShipStep,18000,72000,1807.629000,100.424
4,1,time:0-300,Collision,18000,72000,999.551600,55.531
4,1,time:0-300,Projectiles,18000,72000,3.535800,0.196
4,1,time:0-300,Missiles,18000,72000,153.820500,8.546
4,1,time:0-300,PointDefense,18000,72000,1372.487900,76.249
4,1,time:0-300,Drones,18000,72000,175.554000,9.753
4,1,time:0-300,Sensors,18000,18000,24.858600,1.381
4,1,time:0-300,Post,18000,72000,56.599700,3.144
4,1,time:300-540,Tick,14400,14400,7905.431800,548.988
4,1,time:300-540,AI,14400,14400,1205.586700,83.721
4,1,time:300-540,AICommand,14400,14400,7.191300,0.499
4,1,time:300-540,AIThink,14400,23040,96.547800,6.705
4,1,time:300-540,AIDrive,14400,345600,311.040400,21.600
4,1,time:300-540,AIEngage,14400,14400,773.229900,53.697
4,1,time:300-540,Gunnery,14400,14400,2.217200,0.154
4,1,time:300-540,ShipStep,14400,57600,1673.813800,116.237
4,1,time:300-540,Collision,14400,57600,731.753700,50.816
4,1,time:300-540,Projectiles,14400,57600,54.524100,3.786
4,1,time:300-540,Missiles,14400,57600,614.305900,42.660
4,1,time:300-540,PointDefense,14400,57600,2984.077000,207.228
4,1,time:300-540,Drones,14400,57600,542.280300,37.658
4,1,time:300-540,Sensors,14400,14400,22.092100,1.534
4,1,time:300-540,Post,14400,57600,62.858300,4.365
4,1,time:540+,Tick,9425,9425,5974.966500,633.949
4,1,time:540+,AI,9425,9425,1008.034200,106.953
4,1,time:540+,AICommand,9425,9425,5.458200,0.579
4,1,time:540+,AIThink,9425,14243,69.290200,7.352
4,1,time:540+,AIDrive,9425,213561,223.372100,23.700
4,1,time:540+,AIEngage,9425,9425,697.317000,73.986
4,1,time:540+,Gunnery,9425,9425,1.647600,0.175
4,1,time:540+,ShipStep,9425,37700,1184.522000,125.679
4,1,time:540+,Collision,9425,37700,585.984600,62.173
4,1,time:540+,Projectiles,9425,37700,1655.198800,175.618
4,1,time:540+,Missiles,9425,37700,145.364900,15.423
4,1,time:540+,PointDefense,9425,37700,1188.049500,126.053
4,1,time:540+,Drones,9425,37700,132.881100,14.099
4,1,time:540+,Sensors,9425,9425,16.538200,1.755
4,1,time:540+,Post,9425,37700,48.540800,5.150
5,0,All,Tick,40987,40987,19638.353900,479.136
5,0,All,AI,40987,40987,2532.631000,61.791
5,0,All,AICommand,40987,40987,20.311000,0.496
5,0,All,AIThink,40987,62536,172.784300,4.216
5,0,All,AIDrive,40987,938059,825.797800,20.148
5,0,All,AIEngage,40987,40987,1463.169100,35.698
5,0,All,Gunnery,40987,40987,6.082200,0.148
5,0,All,ShipStep,40987,163948,4863.771700,118.666
5,0,All,Collision,40987,163948,3504.553800,85.504
5,0,All,Projectiles,40987,163948,1423.720100,34.736
5,0,All,Missiles,40987,163948,897.865500,21.906
5,0,All,PointDefense,40987,163948,5325.888600,129.941
5,0,All,Drones,40987,163948,800.401100,19.528
5,0,All,Sensors,40987,40987,67.144300,1.638
5,0,All,Post,40987,163948,182.509500,4.453
5,0,phase:Approach,Tick,5400,5400,1777.404300,329.149
5,0,phase:Approach,AI,5400,5400,127.242500,23.563
5,0,phase:Approach,AICommand,5400,5400,2.379000,0.441
5,0,phase:Approach,AIThink,5400,8280,10.045100,1.860
5,0,phase:Approach,AIDrive,5400,124200,89.204500,16.519
5,0,phase:Approach,AIEngage,5400,5400,19.405800,3.594
5,0,phase:Approach,Gunnery,5400,5400,0.690000,0.128
5,0,phase:Approach,ShipStep,5400,21600,600.274000,111.162
5,0,phase:Approach,Collision,5400,21600,491.491300,91.017
5,0,phase:Approach,Projectiles,5400,21600,0.972200,0.180
5,0,phase:Approach,Missiles,5400,21600,28.801800,5.334
5,0,phase:Approach,PointDefense,5400,21600,444.795900,82.370
5,0,phase:Approach,Drones,5400,21600,49.472700,9.162
5,0,phase:Approach,Sensors,5400,5400,8.776800,1.625
5,0,phase:Approach,Post,5400,21600,20.699300,3.833
5,0,phase:Missile,Tick,23400,23400,10397.516400,444.338
5,0,phase:Missile,AI,23400,23400,1448.645500,61.908
5,0,phase:Missile,AICommand,23400,23400,11.719200,0.501
5,0,phase:Missile,AIThink,23400,35877,96.856800,4.139
5,0,phase:Missile,AIDrive,23400,538200,484.987800,20.726
5,0,phase:Missile,AIEngage,23400,23400,826.450100,35.318
5,0,phase:Missile,Gunnery,23400,23400,3.421100,0.146
5,0,phase:Missile,ShipStep,23400,93600,2868.021500,122.565
5,0,phase:Missile,Collision,23400,93600,1543.762300,65.973
5,0,phase:Missile,Projectiles,23400,93600,5.133600,0.219
5,0,phase:Missile,Missiles,23400,93600,583.236300,24.925
5,0,phase:Missile,PointDefense,23400,93600,3255.972700,139.144
5,0,phase:Missile,Drones,23400,93600,528.968900,22.606
5,0,phase:Missile,Sensors,23400,23400,38.701500,1.654
5,0,phase:Missile,Post,23400,93600,101.954800,4.357
5,0,phase:Gunnery,Tick,3600,3600,1750.009300,486.114
5,0,phase:Gunnery,AI,3600,3600,264.807100,73.558
5,0,phase:Gunnery,AICommand,3600,3600,2.045400,0.568
5,0,phase:Gunnery,AIThink,3600,5400,19.268700,5.352
5,0,phase:Gunnery,AIDrive,3600,81000,72.280800,20.078
5,0,phase:Gunnery,AIEngage,3600,3600,166.528700,46.258
5,0,phase:Gunnery,Gunnery,3600,3600,0.553700,0.154
5,0,phase:Gunnery,ShipStep,3600,14400,425.564900,118.212
5,0,phase:Gunnery,Collision,3600,14400,245.185200,68.107
5,0,phase:Gunnery,Projectiles,3600,14400,109.770500,30.492
5,0,phase:Gunnery,Missiles,3600,14400,85.120600,23.645
5,0,phase:Gunnery,PointDefense,3600,14400,518.862700,144.129
5,0,phase:Gunnery,Drones,3600,14400,74.486800,20.691
5,0,phase:Gunnery,Sensors,3600,3600,5.847600,1.624
5,0,phase:Gunnery,Post,3600,14400,16.967300,4.713
5,0,phase:Sniping,Tick,5400,5400,3171.196300,587.259
5,0,phase:Sniping,AI,5400,5400,359.107300,66.501
5,0,phase:Sniping,AICommand,5400,5400,2.708500,0.502
5,0,phase:Sniping,AIThink,5400,8321,27.717900,5.133
5,0,phase:Sniping,AIDrive,5400,124816,113.432700,21.006
5,0,phase:Sniping,AIEngage,5400,5400,208.465100,38.605
5,0,phase:Sniping,Gunnery,5400,5400,0.836300,0.155
5,0,phase:Sniping,ShipStep,5400,21600,648.312000,120.058
5,0,phase:Sniping,Collision,5400,21600,1042.825500,193.116
5,0,phase:Sniping,Projectiles,5400,21600,89.297300,16.537
5,0,phase:Sniping,Missiles,5400,21600,133.356300,24.696
5,0,phase:Sniping,PointDefense,5400,21600,739.992700,137.036
5,0,phase:Sniping,Drones,5400,21600,117.652000,21.787
5,0,phase:Sniping,Sensors,5400,5400,9.106100,1.686
5,0,phase:Sniping,Post,5400,21600,26.195800,4.851
5,0,phase:Brawl,Tick,3187,3187,2542.227600,797.687
5,0,phase:Brawl,AI,3187,3187,332.828600,104.433
5,0,phase:Brawl,AICommand,3187,3187,1.458900,0.458
5,0,phase:Brawl,AIThink,3187,4658,18.895800,5.929
5,0,phase:Brawl,AIDrive,3187,69843,65.892000,20.675
5,0,phase:Brawl,AIEngage,3187,3187,242.319400,76.034
5,0,phase:Brawl,Gunnery,3187,3187,0.581100,0.182
5,0,phase:Brawl,ShipStep,3187,12748,321.599300,100.910
5,0,phase:Brawl,Collision,3187,12748,181.289500,56.884
5,0,phase:Brawl,Projectiles,3187,12748,1218.546500,382.349
5,0,phase:Brawl,Missiles,3187,12748,67.350500,21.133
5,0,phase:Brawl,PointDefense,3187,12748,366.264600,114.925
5,0,phase:Brawl,Drones,3187,12748,29.820700,9.357
5,0,phase:Brawl,Sensors,3187,3187,4.712300,1.479
5,0,phase:Brawl,Post,3187,12748,16.692300,5.238
5,0,time:0-300,Tick,18000,18000,6916.519700,384.251
5,0,time:0-300,AI,18000,18000,627.004100,34.834
5,0,time:0-300,AICommand,18000,18000,7.958400,0.442
5,0,time:0-300,AIThink,18000,27654,36.746700,2.041
5,0,time:0-300,AIDrive,18000,414858,326.018500,18.112
5,0,time:0-300,AIEngage,18000,18000,235.263600,13.070
5,0,time:0-300,Gunnery,18000,18000,2.381400,0.132
5,0,time:0-300,ShipStep,18000,72000,2077.962500,115.442
5,0,time:0-300,Collision,18000,72000,2025.305100,112.517
5,0,time:0-300,Projectiles,18000,72000,3.859500,0.214
5,0,time:0-300,Missiles,18000,72000,174.845600,9.714
5,0,time:0-300,PointDefense,18000,72000,1677.105400,93.173
5,0,time:0-300,Drones,18000,72000,210.955300,11.720
5,0,time:0-300,Sensors,18000,18000,29.701900,1.650
5,0,time:0-300,Post,18000,72000,73.261500,4.070
5,0,time:300-540,Tick,14400,14400,7578.599700,526.292
5,0,time:300-540,AI,14400,14400,1173.187200,81.471
5,0,time:300-540,AICommand,14400,14400,7.952300,0.552
5,0,time:300-540,AIThink,14400,22080,87.691500,6.090
5,0,time:300-540,AIDrive,14400,331200,324.160800,22.511
5,0,time:300-540,AIEngage,14400,14400,735.100400,51.049
5,0,time:300-540,Gunnery,14400,14400,2.314300,0.161
5,0,time:300-540,ShipStep,14400,57600,1832.654400,127.268
5,0,time:300-540,Collision,14400,57600,944.111100,65.563
5,0,time:300-540,Projectiles,14400,57600,3.256000,0.226
5,0,time:300-540,Missiles,14400,57600,531.127500,36.884
5,0,time:300-540,PointDefense,14400,57600,2535.971500,176.109
5,0,time:300-540,Drones,14400,57600,451.636100,31.364
5,0,time:300-540,Sensors,14400,14400,24.144700,1.677
5,0,time:300-540,Post,14400,57600,67.362500,4.678
5,0,time:540+,Tick,8587,8587,5143.234500,598.956
5,0,time:540+,AI,8587,8587,732.439700,85.296
5,0,time:540+,AICommand,8587,8587,4.400300,0.512
5,0,time:540+,AIThink,8587,12802,48.346100,5.630
5,0,time:540+,AIDrive,8587,192001,175.618500,20.452
5,0,time:540+,AIEngage,8587,8587,492.805100,57.390
5,0,time:540+,Gunnery,8587,8587,1.386500,0.161
5,0,time:540+,ShipStep,8587,34348,953.154800,111.000
5,0,time:540+,Collision,8587,34348,535.137600,62.320
5,0,time:540+,Projectiles,8587,34348,1416.604600,164.971
5,0,time:540+,Missiles,8587,34348,191.892400,22.347
5,0,time:540+,PointDefense,8587,34348,1112.811700,129.593
5,0,time:540+,Drones,8587,34348,137.809700,16.049
5,0,time:540+,Sensors,8587,8587,13.297700,1.549
5,0,time:540+,Post,8587,34348,41.885500,4.878
5,1,All,Tick,41573,41573,17731.368700,426.512
5,1,All,AI,41573,41573,2415.539500,58.104
5,1,All,AICommand,41573,41573,19.321900,0.465
5,1,All,AIThink,41573,65835,167.563700,4.031
5,1,All,AIDrive,41573,987573,754.139900,18.140
5,1,All,AIEngage,41573,41573,1428.755200,34.367
5,1,All,Gunnery,41573,41573,5.586700,0.134
5,1,All,ShipStep,41573,166292,4317.937600,103.864
5,1,All,Collision,41573,166292,2248.358100,54.082
5,1,All,Projectiles,41573,166292,1694.349400,40.756
5,1,All,Missiles,41573,166292,977.222300,23.506
5,1,All,PointDefense,41573,166292,5007.475500,120.450
5,1,All,Drones,41573,166292,809.728300,19.477
5,1,All,Sensors,41573,41573,59.152600,1.423
5,1,All,Post,41573,166292,164.021600,3.945
5,1,phase:Approach,Tick,9000,9000,2188.603600,243.178
5,1,phase:Approach,AI,9000,9000,168.276500,18.697
5,1,phase:Approach,AICommand,9000,9000,3.488600,0.388
5,1,phase:Approach,AIThink,9000,14396,12.803000,1.423
5,1,phase:Approach,AIDrive,9000,216000,119.194000,13.244
5,1,phase:Approach,AIEngage,9000,9000,24.351700,2.706
5,1,phase:Approach,Gunnery,9000,9000,0.908500,0.101
5,1,phase:Approach,ShipStep,9000,36000,767.718600,85.302
5,1,phase:Approach,Collision,9000,36000,602.900100,66.989
5,1,phase:Approach,Projectiles,9000,36000,1.468500,0.163
5,1,phase:Approach,Missiles,9000,36000,36.222700,4.025
5,1,phase:Approach,PointDefense,9000,36000,506.015500,56.224
5,1,phase:Approach,Drones,9000,36000,59.743300,6.638
5,1,phase:Approach,Sensors,9000,9000,11.872000,1.319
5,1,phase:Approach,Post,9000,36000,27.354300,3.039
5,1,phase:Missile,Tick,23400,23400,9865.794800,421.615
5,1,phase:Missile,AI,23400,23400,1406.385100,60.102
5,1,phase:Missile,AICommand,23400,23400,10.959300,0.468
5,1,phase:Missile,AIThink,23400,37440,98.942900,4.228
5,1,phase:Missile,AIDrive,23400,561600,452.600200,19.342
5,1,phase:Missile,AIEngage,23400,23400,817.581800,34.939
5,1,phase:Missile,Gunnery,23400,23400,3.349500,0.143
5,1,phase:Missile,ShipStep,23400,93600,2608.692300,111.483
5,1,phase:Missile,Collision,23400,93600,1243.259800,53.131
5,1,phase:Missile,Projectiles,23400,93600,4.992100,0.213
5,1,phase:Missile,Missiles,23400,93600,658.848700,28.156
5,1,phase:Missile,PointDefense,23400,93600,3243.553600,138.613
5,1,phase:Missile,Drones,23400,93600,550.170500,23.512
5,1,phase:Missile,Sensors,23400,23400,34.570900,1.477
5,1,phase:Missile,Post,23400,93600,93.526000,3.997
5,1,phase:Gunnery,Tick,1800,1800,1133.296200,629.609
5,1,phase:Gunnery,AI,1800,1800,173.412000,96.340
5,1,phase:Gunnery,AICommand,1800,1800,1.220000,0.678
5,1,phase:Gunnery,AIThink,1800,2880,11.137800,6.188
5,1,phase:Gunnery,AIDrive,1800,43200,42.300100,23.500
5,1,phase:Gunnery,AIEngage,1800,1800,116.105700,64.503
5,1,phase:Gunnery,Gunnery,1800,1800,0.311100,0.173
5,1,phase:Gunnery,ShipStep,1800,7200,231.245900,128.470
5,1,phase:Gunnery,Collision,1800,7200,97.399100,54.111
5,1,phase:Gunnery,Projectiles,1800,7200,36.711900,20.396
5,1,phase:Gunnery,Missiles,1800,7200,106.102300,58.946
5,1,phase:Gunnery,PointDefense,1800,7200,398.394400,221.330
5,1,phase:Gunnery,Drones,1800,7200,75.597600,41.999
5,1,phase:Gunnery,Sensors,1800,1800,2.941900,1.634
5,1,phase:Gunnery,Post,1800,7200,9.451500,5.251
5,1,phase:Sniping,Tick,3773,3773,2275.217000,603.026
5,1,phase:Sniping,AI,3773,3773,337.585000,89.474
5,1,phase:Sniping,AICommand,3773,3773,1.934900,0.513
5,1,phase:Sniping,AIThink,3773,5910,22.304300,5.912
5,1,phase:Sniping,AIDrive,3773,88638,72.326500,19.169
5,1,phase:Sniping,AIEngage,3773,3773,236.553100,62.696
5,1,phase:Sniping,Gunnery,3773,3773,0.532100,0.141
5,1,phase:Sniping,ShipStep,3773,15092,371.180400,98.378
5,1,phase:Sniping,Collision,3773,15092,155.472200,41.207
5,1,phase:Sniping,Projectiles,3773,15092,703.477100,186.450
5,1,phase:Sniping,Missiles,3773,15092,101.310100,26.851
5,1,phase:Sniping,PointDefense,3773,15092,496.184700,131.509
5,1,phase:Sniping,Drones,3773,15092,84.431900,22.378
5,1,phase:Sniping,Sensors,3773,3773,5.019800,1.330
5,1,phase:Sniping,Post,3773,15092,16.996900,4.505
5,1,phase:Brawl,Tick,3600,3600,2268.457100,630.127
5,1,phase:Brawl,AI,3600,3600,329.880900,91.634
5,1,phase:Brawl,AICommand,3600,3600,1.719100,0.478
5,1,phase:Brawl,AIThink,3600,5209,22.375700,6.215
5,1,phase:Brawl,AIDrive,3600,78135,67.719100,18.811
5,1,phase:Brawl,AIEngage,3600,3600,234.162900,65.045
5,1,phase:Brawl,Gunnery,3600,3600,0.485500,0.135
5,1,phase:Brawl,ShipStep,3600,14400,339.100400,94.195
5,1,phase:Brawl,Collision,3600,14400,149.326900,41.480
5,1,phase:Brawl,Projectiles,3600,14400,947.699800,263.250
5,1,phase:Brawl,Missiles,3600,14400,74.738500,20.761
5,1,phase:Brawl,PointDefense,3600,14400,363.327300,100.924
5,1,phase:Brawl,Drones,3600,14400,39.785000,11.051
5,1,phase:Brawl,Sensors,3600,3600,4.748000,1.319
5,1,phase:Brawl,Post,3600,14400,16.692900,4.637
5,1,time:0-300,Tick,18000,18000,4787.588500,265.977
5,1,time:0-300,AI,18000,18000,474.095500,26.339
5,1,time:0-300,AICommand,18000,18000,7.390500,0.411
5,1,time:0-300,AIThink,18000,28796,31.056900,1.725
5,1,time:0-300,AIDrive,18000,432000,270.092000,15.005
5,1,time:0-300,AIEngage,18000,18000,147.733600,8.207
5,1,time:0-300,Gunnery,18000,18000,2.151200,0.120
5,1,time:0-300,ShipStep,18000,72000,1656.889800,92.049
5,1,time:0-300,Collision,18000,72000,1003.812600,55.767
5,1,time:0-300,Projectiles,18000,72000,3.105200,0.173
5,1,time:0-300,Missiles,18000,72000,143.243800,7.958
5,1,time:0-300,PointDefense,18000,72000,1242.654900,69.036
5,1,time:0-300,Drones,18000,72000,165.600400,9.200
5,1,time:0-300,Sensors,18000,18000,24.608900,1.367
5,1,time:0-300,Post,18000,72000,58.768200,3.265
5,1,time:300-540,Tick,14400,14400,7266.809900,504.640
5,1,time:300-540,AI,14400,14400,1100.566100,76.428
5,1,time:300-540,AICommand,14400,14400,7.057400,0.490
5,1,time:300-540,AIThink,14400,23040,80.689000,5.603
5,1,time:300-540,AIDrive,14400,345600,301.702200,20.952
5,1,time:300-540,AIEngage,14400,14400,694.199900,48.208
5,1,time:300-540,Gunnery,14400,14400,2.106800,0.146
5,1,time:300-540,ShipStep,14400,57600,1719.521100,119.411
5,1,time:300-540,Collision,14400,57600,842.347300,58.496
5,1,time:300-540,Projectiles,14400,57600,3.355400,0.233
5,1,time:300-540,Missiles,14400,57600,551.827600,38.321
5,1,time:300-540,PointDefense,14400,57600,2506.914200,174.091
5,1,time:300-540,Drones,14400,57600,444.313400,30.855
5,1,time:300-540,Sensors,14400,14400,21.834000,1.516
5,1,time:300-540,Post,14400,57600,62.112100,4.313
5,1,time:540+,Tick,9173,9173,5676.970300,618.878
5,1,time:540+,AI,9173,9173,840.877900,91.669
5,1,time:540+,AICommand,9173,9173,4.874000,0.531
5,1,time:540+,AIThink,9173,13999,55.817800,6.085
5,1,time:540+,AIDrive,9173,209973,182.345700,19.879
5,1,time:540+,AIEngage,9173,9173,586.821700,63.973
5,1,time:540+,Gunnery,9173,9173,1.328700,0.145
5,1,time:540+,ShipStep,9173,36692,941.526700,102.641
5,1,time:540+,Collision,9173,36692,402.198200,43.846
5,1,time:540+,Projectiles,9173,36692,1687.888800,184.006
5,1,time:540+,Missiles,9173,36692,282.150900,30.759
5,1,time:540+,PointDefense,9173,36692,1257.906400,137.131
5,1,time:540+,Drones,9173,36692,199.814500,21.783
5,1,time:540+,Sensors,9173,9173,12.709700,1.386
5,1,time:540+,Post,9173,36692,43.141300,4.703
6,0,All,Tick,40779,40779,15289.465300,374.935
6,0,All,AI,40779,40779,1874.694000,45.972
6,0,All,AICommand,40779,40779,17.472600,0.428
6,0,All,AIThink,40779,64493,134.322700,3.294
6,0,All,AIDrive,40779,967347,628.779300,15.419
6,0,All,AIEngage,40779,40779,1052.435300,25.808
6,0,All,Gunnery,40779,40779,4.399700,0.108
6,0,All,ShipStep,40779,163116,3570.639000,87.561
6,0,All,Collision,40779,163116,2055.742400,50.412
6,0,All,Projectiles,40779,163116,1814.311800,44.491
6,0,All,Missiles,40779,163116,828.542400,20.318
6,0,All,PointDefense,40779,163116,4252.009100,104.270
6,0,All,Drones,40779,163116,669.657800,16.422
6,0,All,Sensors,40779,40779,51.961800,1.274
6,0,All,Post,40779,163116,139.374700,3.418
6,0,phase:Approach,Tick,10800,10800,2689.075100,248.988
6,0,phase:Approach,AI,10800,10800,195.174800,18.072
6,0,phase:Approach,AICommand,10800,10800,3.905900,0.362
6,0,phase:Approach,AIThink,10800,17276,14.577200,1.350
6,0,phase:Approach,AIDrive,10800,259200,138.457000,12.820
6,0,phase:Approach,AIEngage,10800,10800,27.716900,2.566
6,0,phase:Approach,Gunnery,10800,10800,0.968600,0.090
6,0,phase:Approach,ShipStep,10800,43200,869.592500,80.518
6,0,phase:Approach,Collision,10800,43200,889.584400,82.369
6,0,phase:Approach,Projectiles,10800,43200,1.656800,0.153
6,0,phase:Approach,Missiles,10800,43200,40.206000,3.723
6,0,phase:Approach,PointDefense,10800,43200,572.852000,53.042
6,0,phase:Approach,Drones,10800,43200,67.446000,6.245
6,0,phase:Approach,Sensors,10800,10800,13.604600,1.260
6,0,phase:Approach,Post,10800,43200,31.012200,2.872
6,0,phase:Missile,Tick,19800,19800,6599.743100,333.320
6,0,phase:Missile,AI,19800,19800,904.522500,45.683
6,0,phase:Missile,AICommand,19800,19800,8.380300,0.423
6,0,phase:Missile,AIThink,19800,31680,67.886500,3.429
6,0,phase:Missile,AIDrive,19800,475200,318.457700,16.084
6,0,phase:Missile,AIEngage,19800,19800,489.608700,24.728
6,0,phase:Missile,Gunnery,19800,19800,2.126300,0.107
6,0,phase:Missile,ShipStep,19800,79200,1749.990700,88.383
6,0,phase:Missile,Collision,19800,79200,753.487400,38.055
6,0,phase:Missile,Projectiles,19800,79200,3.654500,0.185
6,0,phase:Missile,Missiles,19800,79200,468.339400,23.654
6,0,phase:Missile,PointDefense,19800,79200,2228.243100,112.538
6,0,phase:Missile,Drones,19800,79200,386.989400,19.545
6,0,phase:Missile,Sensors,19800,19800,24.829900,1.254
6,0,phase:Missile,Post,19800,79200,64.056300,3.235
6,0,phase:Gunnery,Tick,5400,5400,3223.753000,596.991
6,0,phase:Gunnery,AI,5400,5400,396.373900,73.403
6,0,phase:Gunnery,AICommand,5400,5400,2.660200,0.493
6,0,phase:Gunnery,AIThink,5400,8280,27.799500,5.148
6,0,phase:Gunnery,AIDrive,5400,124200,90.728600,16.802
6,0,phase:Gunnery,AIEngage,5400,5400,269.417100,49.892
6,0,phase:Gunnery,Gunnery,5400,5400,0.663100,0.123
6,0,phase:Gunnery,ShipStep,5400,21600,503.882800,93.312
6,0,phase:Gunnery,Collision,5400,21600,219.095600,40.573
6,0,phase:Gunnery,Projectiles,5400,21600,954.762700,176.808
6,0,phase:Gunnery,Missiles,5400,21600,183.664900,34.012
6,0,phase:Gunnery,PointDefense,5400,21600,808.259300,149.678
6,0,phase:Gunnery,Drones,5400,21600,122.737100,22.729
6,0,phase:Gunnery,Sensors,5400,5400,7.390200,1.369
6,0,phase:Gunnery,Post,5400,21600,23.001900,4.260
6,0,phase:Sniping,Tick,4779,4779,2776.894100,581.062
6,0,phase:Sniping,AI,4779,4779,378.622800,79.226
6,0,phase:Sniping,AICommand,4779,4779,2.526200,0.529
6,0,phase:Sniping,AIThink,4779,7257,24.059500,5.034
6,0,phase:Sniping,AIDrive,4779,108747,81.136000,16.978
6,0,phase:Sniping,AIEngage,4779,4779,265.692600,55.596
6,0,phase:Sniping,Gunnery,4779,4779,0.641700,0.134
6,0,phase:Sniping,ShipStep,4779,19116,447.173000,93.570
6,0,phase:Sniping,Collision,4779,19116,193.575000,40.505
6,0,phase:Sniping,Projectiles,4779,19116,854.237800,178.748
6,0,phase:Sniping,Missiles,4779,19116,136.332100,28.527
6,0,phase:Sniping,PointDefense,4779,19116,642.654700,134.475
6,0,phase:Sniping,Drones,4779,19116,92.485300,19.352
6,0,phase:Sniping,Sensors,4779,4779,6.137100,1.284
6,0,phase:Sniping,Post,4779,19116,21.304300,4.458
6,0,time:0-300,Tick,18000,18000,4547.217100,252.623
6,0,time:0-300,AI,18000,18000,442.698300,24.594
6,0,time:0-300,AICommand,18000,18000,6.756800,0.375
6,0,time:0-300,AIThink,18000,28796,27.011700,1.501
6,0,time:0-300,AIDrive,18000,432000,250.786200,13.933
6,0,time:0-300,AIEngage,18000,18000,140.359600,7.798
6,0,time:0-300,Gunnery,18000,18000,1.659800,0.092
6,0,time:0-300,ShipStep,18000,72000,1503.767600,83.543
6,0,time:0-300,Collision,18000,72000,1160.144300,64.452
6,0,time:0-300,Projectiles,18000,72000,2.840400,0.158
6,0,time:0-300,Missiles,18000,72000,118.858100,6.603
6,0,time:0-300,PointDefense,18000,72000,1089.822600,60.546
6,0,time:0-300,Drones,18000,72000,140.822000,7.823
6,0,time:0-300,Sensors,18000,18000,22.714500,1.262
6,0,time:0-300,Post,18000,72000,52.163500,2.898
6,0,time:300-540,Tick,14400,14400,5661.865500,393.185
6,0,time:300-540,AI,14400,14400,796.621200,55.321
6,0,time:300-540,AICommand,14400,14400,6.478200,0.450
6,0,time:300-540,AIThink,14400,23040,66.235800,4.600
6,0,time:300-540,AIDrive,14400,345600,237.444400,16.489
6,0,time:300-540,AIEngage,14400,14400,471.673100,32.755
6,0,time:300-540,Gunnery,14400,14400,1.637500,0.114
6,0,time:300-540,ShipStep,14400,57600,1282.421600,89.057
6,0,time:300-540,Collision,14400,57600,548.893900,38.118
6,0,time:300-540,Projectiles,14400,57600,4.819000,0.335
6,0,time:300-540,Missiles,14400,57600,488.410500,33.917
6,0,time:300-540,PointDefense,14400,57600,2075.682500,144.145
6,0,time:300-540,Drones,14400,57600,385.709200,26.785
6,0,time:300-540,Sensors,14400,14400,17.986400,1.249
6,0,time:300-540,Post,14400,57600,49.745800,3.455
6,0,time:540+,Tick,8379,8379,5080.382700,606.323
6,0,time:540+,AI,8379,8379,635.374500,75.829
6,0,time:540+,AICommand,8379,8379,4.237600,0.506
6,0,time:540+,AIThink,8379,12657,41.075200,4.902
6,0,time:540+,AIDrive,8379,189747,140.548700,16.774
6,0,time:540+,AIEngage,8379,8379,440.402600,52.560
6,0,time:540+,Gunnery,8379,8379,1.102400,0.132
6,0,time:540+,ShipStep,8379,33516,784.449800,93.621
6,0,time:540+,Collision,8379,33516,346.704200,41.378
6,0,time:540+,Projectiles,8379,33516,1806.652400,215.617
6,0,time:540+,Missiles,8379,33516,221.273800,26.408
6,0,time:540+,PointDefense,8379,33516,1086.504000,129.670
6,0,time:540+,Drones,8379,33516,143.126600,17.082
6,0,time:540+,Sensors,8379,8379,11.260900,1.344
6,0,time:540+,Post,8379,33516,37.465400,4.471
6,1,All,Tick,42301,42301,16038.678300,379.156
6,1,All,AI,42301,42301,2154.965700,50.944
6,1,All,AICommand,42301,42301,18.527300,0.438
6,1,All,AIThink,42301,66731,146.462700,3.462
6,1,All,AIDrive,42301,1000952,663.139400,15.677
6,1,All,AIEngage,42301,42301,1283.948200,30.353
6,1,All,Gunnery,42301,42301,4.720300,0.112
6,1,All,ShipStep,42301,169204,3700.202500,87.473
6,1,All,Collision,42301,169204,2128.033800,50.307
6,1,All,Projectiles,42301,169204,1928.975000,45.601
6,1,All,Missiles,42301,169204,856.180000,20.240
6,1,All,PointDefense,42301,169204,4349.571800,102.824
6,1,All,Drones,42301,169204,694.295800,16.413
6,1,All,Sensors,42301,42301,51.011100,1.206
6,1,All,Post,42301,169204,141.613600,3.348
6,1,phase:Approach,Tick,10800,10800,2813.809900,260.538
6,1,phase:Approach,AI,10800,10800,216.549300,20.051
6,1,phase:Approach,AICommand,10800,10800,4.383500,0.406
6,1,phase:Approach,AIThink,10800,17276,15.068400,1.395
6,1,phase:Approach,AIDrive,10800,259200,139.584000,12.924
6,1,phase:Approach,AIEngage,10800,10800,47.215100,4.372
6,1,phase:Approach,Gunnery,10800,10800,1.064000,0.099
6,1,phase:Approach,ShipStep,10800,43200,873.876200,80.914
6,1,phase:Approach,Collision,10800,43200,933.698500,86.454
6,1,phase:Approach,Projectiles,10800,43200,1.749400,0.162
6,1,phase:Approach,Missiles,10800,43200,58.333900,5.401
6,1,phase:Approach,PointDefense,10800,43200,602.273600,55.766
6,1,phase:Approach,Drones,10800,43200,75.858100,7.024
6,1,phase:Approach,Sensors,10800,10800,12.608400,1.167
6,1,phase:Approach,Post,10800,43200,30.754800,2.848
6,1,phase:Missile,Tick,18000,18000,5806.577000,322.588
6,1,phase:Missile,AI,18000,18000,839.418000,46.634
6,1,phase:Missile,AICommand,18000,18000,6.945800,0.386
6,1,phase:Missile,AIThink,18000,28800,56.105300,3.117
6,1,phase:Missile,AIDrive,18000,432000,283.329400,15.741
6,1,phase:Missile,AIEngage,18000,18000,474.583800,26.366
6,1,phase:Missile,Gunnery,18000,18000,1.931300,0.107
6,1,phase:Missile,ShipStep,18000,72000,1590.041200,88.336
6,1,phase:Missile,Collision,18000,72000,670.178900,37.232
6,1,phase:Missile,Projectiles,18000,72000,2.810400,0.156
6,1,phase:Missile,Missiles,18000,72000,386.667400,21.482
6,1,phase:Missile,PointDefense,18000,72000,1907.609100,105.978
6,1,phase:Missile,Drones,18000,72000,317.256800,17.625
6,1,phase:Missile,Sensors,18000,18000,21.079100,1.171
6,1,phase:Missile,Post,18000,72000,57.610800,3.201
6,1,phase:Gunnery,Tick,1800,1800,1031.421500,573.012
6,1,phase:Gunnery,AI,1800,1800,146.652900,81.474
6,1,phase:Gunnery,AICommand,1800,1800,1.687900,0.938
6,1,phase:Gunnery,AIThink,1800,2880,9.780800,5.434
6,1,phase:Gunnery,AIDrive,1800,43200,35.043800,19.469
6,1,phase:Gunnery,AIEngage,1800,1800,97.963600,54.424
6,1,phase:Gunnery,Gunnery,1800,1800,0.258900,0.144
6,1,phase:Gunnery,ShipStep,1800,7200,195.312100,108.507
6,1,phase:Gunnery,Collision,1800,7200,77.668800,43.149
6,1,phase:Gunnery,Projectiles,1800,7200,1.523000,0.846
6,1,phase:Gunnery,Missiles,1800,7200,109.771900,60.984
6,1,phase:Gunnery,PointDefense,1800,7200,415.375600,230.764
6,1,phase:Gunnery,Drones,1800,7200,73.002900,40.557
6,1,phase:Gunnery,Sensors,1800,1800,2.464000,1.369
6,1,phase:Gunnery,Post,1800,7200,7.921200,4.401
6,1,phase:Sniping,Tick,7200,7200,3980.682800,552.873
6,1,phase:Sniping,AI,7200,7200,596.008000,82.779
6,1,phase:Sniping,AICommand,7200,7200,3.731100,0.518
6,1,phase:Sniping,AIThink,7200,11275,39.866900,5.537
6,1,phase:Sniping,AIDrive,7200,169120,125.195400,17.388
6,1,phase:Sniping,AIEngage,7200,7200,419.638100,58.283
6,1,phase:Sniping,Gunnery,7200,7200,0.923300,0.128
6,1,phase:Sniping,ShipStep,7200,28800,658.750800,91.493
6,1,phase:Sniping,Collision,7200,28800,272.920200,37.906
6,1,phase:Sniping,Projectiles,7200,28800,860.600900,119.528
6,1,phase:Sniping,Missiles,7200,28800,245.214800,34.058
6,1,phase:Sniping,PointDefense,7200,28800,1109.516900,154.100
6,1,phase:Sniping,Drones,7200,28800,195.103900,27.098
6,1,phase:Sniping,Sensors,7200,7200,9.107100,1.265
6,1,phase:Sniping,Post,7200,28800,27.352500,3.799
6,1,phase:Brawl,Tick,4501,4501,2406.187100,534.589
6,1,phase:Brawl,AI,4501,4501,356.337500,79.169
6,1,phase:Brawl,AICommand,4501,4501,1.779000,0.395
6,1,phase:Brawl,AIThink,4501,6500,25.641300,5.697
6,1,phase:Brawl,AIDrive,4501,97432,79.986800,17.771
6,1,phase:Brawl,AIEngage,4501,4501,244.547600,54.332
6,1,phase:Brawl,Gunnery,4501,4501,0.542800,0.121
6,1,phase:Brawl,ShipStep,4501,18004,382.222200,84.919
6,1,phase:Brawl,Collision,4501,18004,173.567400,38.562
6,1,phase:Brawl,Projectiles,4501,18004,1062.291300,236.012
6,1,phase:Brawl,Missiles,4501,18004,56.192000,12.484
6,1,phase:Brawl,PointDefense,4501,18004,314.796600,69.939
6,1,phase:Brawl,Drones,4501,18004,33.074100,7.348
6,1,phase:Brawl,Sensors,4501,4501,5.752500,1.278
6,1,phase:Brawl,Post,4501,18004,17.974300,3.993
6,1,time:0-300,Tick,18000,18000,4587.140300,254.841
6,1,time:0-300,AI,18000,18000,427.784100,23.766
6,1,time:0-300,AICommand,18000,18000,7.020600,0.390
6,1,time:0-300,AIThink,18000,28796,26.712600,1.484
6,1,time:0-300,AIDrive,18000,432000,244.548500,13.586
6,1,time:0-300,AIEngage,18000,18000,132.190700,7.344
6,1,time:0-300,Gunnery,18000,18000,1.771200,0.098
6,1,time:0-300,ShipStep,18000,72000,1478.314300,82.129
6,1,time:0-300,Collision,18000,72000,1197.104900,66.506
6,1,time:0-300,Projectiles,18000,72000,2.812200,0.156
6,1,time:0-300,Missiles,18000,72000,135.763700,7.542
6,1,time:0-300,PointDefense,18000,72000,1109.748000,61.653
6,1,time:0-300,Drones,18000,72000,150.125200,8.340
6,1,time:0-300,Sensors,18000,18000,20.893700,1.161
6,1,time:0-300,Post,18000,72000,51.171600,2.843
6,1,time:300-540,Tick,14400,14400,5952.963600,413.400
6,1,time:300-540,AI,14400,14400,909.210300,63.140
6,1,time:300-540,AICommand,14400,14400,6.769600,0.470
6,1,time:300-540,AIThink,14400,23040,64.210700,4.459
6,1,time:300-540,AIDrive,14400,345600,244.670100,16.991
6,1,time:300-540,AIEngage,14400,14400,577.923100,40.134
6,1,time:300-540,Gunnery,14400,14400,1.704500,0.118
6,1,time:300-540,ShipStep,14400,57600,1347.742700,93.593
6,1,time:300-540,Collision,14400,57600,551.300900,38.285
6,1,time:300-540,Projectiles,14400,57600,3.551300,0.247
6,1,time:300-540,Missiles,14400,57600,511.744900,35.538
6,1,time:300-540,PointDefense,14400,57600,2168.405200,150.584
6,1,time:300-540,Drones,14400,57600,379.907900,26.382
6,1,time:300-540,Sensors,14400,14400,17.582100,1.221
6,1,time:300-540,Post,14400,57600,51.715600,3.591
6,1,time:540+,Tick,9901,9901,5498.574400,555.355
6,1,time:540+,AI,9901,9901,817.971300,82.615
6,1,time:540+,AICommand,9901,9901,4.737100,0.478
6,1,time:540+,AIThink,9901,14895,55.539400,5.609
6,1,time:540+,AIDrive,9901,223352,173.920800,17.566
6,1,time:540+,AIEngage,9901,9901,573.834400,57.957
6,1,time:540+,Gunnery,9901,9901,1.244600,0.126
6,1,time:540+,ShipStep,9901,39604,874.145500,88.289
6,1,time:540+,Collision,9901,39604,379.628000,38.342
6,1,time:540+,Projectiles,9901,39604,1922.611500,194.184
6,1,time:540+,Missiles,9901,39604,208.671400,21.076
6,1,time:540+,PointDefense,9901,39604,1071.418600,108.213
6,1,time:540+,Drones,9901,39604,164.262700,16.591
6,1,time:540+,Sensors,9901,9901,12.535300,1.266
6,1,time:540+,Post,9901,39604,38.726400,3.911
7,0,All,Tick,41312,41312,15102.380200,365.569
7,0,All,AI,41312,41312,2172.975500,52.599
7,0,All,AICommand,41312,41312,17.054600,0.413
7,0,All,AIThink,41312,65386,141.159800,3.417
7,0,All,AIDrive,41312,980764,671.934400,16.265
7,0,All,AIEngage,41312,41312,1300.566000,31.482
7,0,All,Gunnery,41312,41312,5.201900,0.126
7,0,All,ShipStep,41312,165248,3685.646200,89.215
7,0,All,Collision,41312,165248,1571.016200,38.028
7,0,All,Projectiles,41312,165248,1874.997800,45.386
7,0,All,Missiles,41312,165248,801.102600,19.392
7,0,All,PointDefense,41312,165248,4118.247700,99.686
7,0,All,Drones,41312,165248,665.895700,16.119
7,0,All,Sensors,41312,41312,49.794000,1.205
7,0,All,Post,41312,165248,128.864300,3.119
7,0,phase:Approach,Tick,7200,7200,1455.978400,202.219
7,0,phase:Approach,AI,7200,7200,129.132400,17.935
7,0,phase:Approach,AICommand,7200,7200,2.652200,0.368
7,0,phase:Approach,AIThink,7200,11520,9.320500,1.295
7,0,phase:Approach,AIDrive,7200,172800,91.460100,12.703
7,0,phase:Approach,AIEngage,7200,7200,18.996000,2.638
7,0,phase:Approach,Gunnery,7200,7200,0.650600,0.090
7,0,phase:Approach,ShipStep,7200,28800,574.274100,79.760
7,0,phase:Approach,Collision,7200,28800,265.524900,36.878
7,0,phase:Approach,Projectiles,7200,28800,1.003100,0.139
7,0,phase:Approach,Missiles,7200,28800,27.702400,3.848
7,0,phase:Approach,PointDefense,7200,28800,381.309800,52.960
7,0,phase:Approach,Drones,7200,28800,44.422100,6.170
7,0,phase:Approach,Sensors,7200,7200,8.282800,1.150
7,0,phase:Approach,Post,7200,28800,19.024100,2.642
7,0,phase:Missile,Tick,23400,23400,7963.007500,340.299
7,0,phase:Missile,AI,23400,23400,1212.447700,51.814
7,0,phase:Missile,AICommand,23400,23400,9.158900,0.391
7,0,phase:Missile,AIThink,23400,37436,74.924800,3.202
7,0,phase:Missile,AIDrive,23400,561600,380.327700,16.253
7,0,phase:Missile,AIEngage,23400,23400,724.184400,30.948
7,0,phase:Missile,Gunnery,23400,23400,3.088700,0.132
7,0,phase:Missile,ShipStep,23400,93600,2133.991500,91.196
7,0,phase:Missile,Collision,23400,93600,882.786000,37.726
7,0,phase:Missile,Projectiles,23400,93600,4.180900,0.179
7,0,phase:Missile,Missiles,23400,93600,541.039200,23.121
7,0,phase:Missile,PointDefense,23400,93600,2622.248600,112.062
7,0,phase:Missile,Drones,23400,93600,447.375300,19.119
7,0,phase:Missile,Sensors,23400,23400,28.064800,1.199
7,0,phase:Missile,Post,23400,93600,71.711200,3.065
7,0,phase:Sniping,Tick,7200,7200,3296.788900,457.887
7,0,phase:Sniping,AI,7200,7200,535.631800,74.393
7,0,phase:Sniping,AICommand,7200,7200,3.403000,0.473
7,0,phase:Sniping,AIThink,7200,11425,35.021800,4.864
7,0,phase:Sniping,AIDrive,7200,171374,130.901900,18.181
7,0,phase:Sniping,AIEngage,7200,7200,358.537400,49.797
7,0,phase:Sniping,Gunnery,7200,7200,0.987600,0.137
7,0,phase:Sniping,ShipStep,7200,28800,662.455600,92.008
7,0,phase:Sniping,Collision,7200,28800,278.833700,38.727
7,0,phase:Sniping,Projectiles,7200,28800,585.604200,81.334
7,0,phase:Sniping,Missiles,7200,28800,181.004300,25.139
7,0,phase:Sniping,PointDefense,7200,28800,866.349100,120.326
7,0,phase:Sniping,Drones,7200,28800,147.555200,20.494
7,0,phase:Sniping,Sensors,7200,7200,8.817900,1.225
7,0,phase:Sniping,Post,7200,28800,24.314100,3.377
7,0,phase:Brawl,Tick,3512,3512,2386.605400,679.557
7,0,phase:Brawl,AI,3512,3512,295.763600,84.215
7,0,phase:Brawl,AICommand,3512,3512,1.840500,0.524
7,0,phase:Brawl,AIThink,3512,5005,21.892700,6.234
7,0,phase:Brawl,AIDrive,3512,74990,69.244700,19.717
7,0,phase:Brawl,AIEngage,3512,3512,198.848200,56.620
7,0,phase:Brawl,Gunnery,3512,3512,0.475000,0.135
7,0,phase:Brawl,ShipStep,3512,14048,314.925000,89.671
7,0,phase:Brawl,Collision,3512,14048,143.871600,40.966
7,0,phase:Brawl,Projectiles,3512,14048,1284.209600,365.663
7,0,phase:Brawl,Missiles,3512,14048,51.356700,14.623
7,0,phase:Brawl,PointDefense,3512,14048,248.340200,70.712
7,0,phase:Brawl,Drones,3512,14048,26.543100,7.558
7,0,phase:Brawl,Sensors,3512,3512,4.628500,1.318
7,0,phase:Brawl,Post,3512,14048,13.814900,3.934
7,0,time:0-300,Tick,18000,18000,4241.747800,235.653
7,0,time:0-300,AI,18000,18000,532.031700,29.557
7,0,time:0-300,AICommand,18000,18000,6.585700,0.366
7,0,time:0-300,AIThink,18000,28796,27.230200,1.513
7,0,time:0-300,AIDrive,18000,432000,257.914900,14.329
7,0,time:0-300,AIEngage,18000,18000,222.991000,12.388
7,0,time:0-300,Gunnery,18000,18000,2.242300,0.125
7,0,time:0-300,ShipStep,18000,72000,1541.841500,85.658
7,0,time:0-300,Collision,18000,72000,668.495600,37.139
7,0,time:0-300,Projectiles,18000,72000,2.550300,0.142
7,0,time:0-300,Missiles,18000,72000,135.087800,7.505
7,0,time:0-300,PointDefense,18000,72000,1126.715000,62.595
7,0,time:0-300,Drones,18000,72000,149.623600,8.312
7,0,time:0-300,Sensors,18000,18000,21.010100,1.167
7,0,time:0-300,Post,18000,72000,50.345400,2.797
7,0,time:300-540,Tick,14400,14400,6053.739400,420.399
7,0,time:300-540,AI,14400,14400,941.297600,65.368
7,0,time:300-540,AICommand,14400,14400,6.197900,0.430
7,0,time:300-540,AIThink,14400,23040,66.308600,4.605
7,0,time:300-540,AIDrive,14400,345600,245.430100,17.044
7,0,time:300-540,AIEngage,14400,14400,608.208100,42.237
7,0,time:300-540,Gunnery,14400,14400,1.762900,0.122
7,0,time:300-540,ShipStep,14400,57600,1335.112700,92.716
7,0,time:300-540,Collision,14400,57600,548.061900,38.060
7,0,time:300-540,Projectiles,14400,57600,59.875000,4.158
7,0,time:300-540,Missiles,14400,57600,514.186600,35.707
7,0,time:300-540,PointDefense,14400,57600,2182.323300,151.550
7,0,time:300-540,Drones,14400,57600,396.430500,27.530
7,0,time:300-540,Sensors,14400,14400,17.555500,1.219
7,0,time:300-540,Post,14400,57600,46.941000,3.260
7,0,time:540+,Tick,8912,8912,4806.893000,539.373
7,0,time:540+,AI,8912,8912,699.646200,78.506
7,0,time:540+,AICommand,8912,8912,4.271000,0.479
7,0,time:540+,AIThink,8912,13550,47.621000,5.343
7,0,time:540+,AIDrive,8912,203164,168.589400,18.917
7,0,time:540+,AIEngage,8912,8912,469.366900,52.667
7,0,time:540+,Gunnery,8912,8912,1.196700,0.134
7,0,time:540+,ShipStep,8912,35648,808.692000,90.742
7,0,time:540+,Collision,8912,35648,354.458700,39.773
7,0,time:540+,Projectiles,8912,35648,1812.572500,203.386
7,0,time:540+,Missiles,8912,35648,151.828200,17.036
7,0,time:540+,PointDefense,8912,35648,809.209400,90.800
7,0,time:540+,Drones,8912,35648,119.841600,13.447
7,0,time:540+,Sensors,8912,8912,11.228400,1.260
7,0,time:540+,Post,8912,35648,31.577900,3.543
7,1,All,Tick,42142,42142,14601.478800,346.483
7,1,All,AI,42142,42142,2097.437500,49.771
7,1,All,AICommand,42142,42142,18.457000,0.438
7,1,All,AIThink,42142,65338,156.347800,3.710
7,1,All,AIDrive,42142,980069,673.547600,15.983
7,1,All,AIEngage,42142,42142,1203.967100,28.569
7,1,All,Gunnery,42142,42142,4.838500,0.115
7,1,All,ShipStep,42142,168568,3814.753800,90.521
7,1,All,Collision,42142,168568,1676.254300,39.776
7,1,All,Projectiles,42142,168568,1353.738000,32.123
7,1,All,Missiles,42142,168568,759.260200,18.017
7,1,All,PointDefense,42142,168568,4022.797200,95.458
7,1,All,Drones,42142,168568,644.340100,15.290
7,1,All,Sensors,42142,42142,56.019600,1.329
7,1,All,Post,42142,168568,141.216400,3.351
7,1,phase:Approach,Tick,7200,7200,1895.312800,263.238
7,1,phase:Approach,AI,7200,7200,166.937800,23.186
7,1,phase:Approach,AICommand,7200,7200,3.275300,0.455
7,1,phase:Approach,AIThink,7200,11520,13.153600,1.827
7,1,phase:Approach,AIDrive,7200,172800,116.755900,16.216
7,1,phase:Approach,AIEngage,7200,7200,25.206300,3.501
7,1,phase:Approach,Gunnery,7200,7200,0.918700,0.128
7,1,phase:Approach,ShipStep,7200,28800,739.379600,102.692
7,1,phase:Approach,Collision,7200,28800,351.239800,48.783
7,1,phase:Approach,Projectiles,7200,28800,1.712300,0.238
7,1,phase:Approach,Missiles,7200,28800,35.231800,4.893
7,1,phase:Approach,PointDefense,7200,28800,494.834300,68.727
7,1,phase:Approach,Drones,7200,28800,60.652200,8.424
7,1,phase:Approach,Sensors,7200,7200,11.896600,1.652
7,1,phase:Approach,Post,7200,28800,26.776300,3.719
7,1,phase:Missile,Tick,23400,23400,7395.323000,316.039
7,1,phase:Missile,AI,23400,23400,1073.802800,45.889
7,1,phase:Missile,AICommand,23400,23400,9.370900,0.400
7,1,phase:Missile,AIThink,23400,37436,80.133200,3.424
7,1,phase:Missile,AIDrive,23400,561600,368.532300,15.749
7,1,phase:Missile,AIEngage,23400,23400,590.779000,25.247
7,1,phase:Missile,Gunnery,23400,23400,2.327600,0.099
7,1,phase:Missile,ShipStep,23400,93600,2045.272000,87.405
7,1,phase:Missile,Collision,23400,93600,868.512600,37.116
7,1,phase:Missile,Projectiles,23400,93600,3.862000,0.165
7,1,phase:Missile,Missiles,23400,93600,481.017100,20.556
7,1,phase:Missile,PointDefense,23400,93600,2402.142000,102.656
7,1,phase:Missile,Drones,23400,93600,402.552200,17.203
7,1,phase:Missile,Sensors,23400,23400,28.722300,1.227
7,1,phase:Missile,Post,23400,93600,71.228600,3.044
7,1,phase:Sniping,Tick,9000,9000,4352.989000,483.665
7,1,phase:Sniping,AI,9000,9000,683.350200,75.928
7,1,phase:Sniping,AICommand,9000,9000,4.227000,0.470
7,1,phase:Sniping,AIThink,9000,13159,50.015100,5.557
7,1,phase:Sniping,AIDrive,9000,197371,150.686400,16.743
7,1,phase:Sniping,AIEngage,9000,9000,469.166200,52.130
7,1,phase:Sniping,Gunnery,9000,9000,1.287300,0.143
7,1,phase:Sniping,ShipStep,9000,36000,834.103200,92.678
7,1,phase:Sniping,Collision,9000,36000,360.999400,40.111
7,1,phase:Sniping,Projectiles,9000,36000,1051.366700,116.819
7,1,phase:Sniping,Missiles,9000,36000,214.564400,23.840
7,1,phase:Sniping,PointDefense,9000,36000,986.893500,109.655
7,1,phase:Sniping,Drones,9000,36000,166.127800,18.459
7,1,phase:Sniping,Sensors,9000,9000,12.130800,1.348
7,1,phase:Sniping,Post,9000,36000,34.652100,3.850
7,1,phase:Brawl,Tick,2542,2542,957.854000,376.811
7,1,phase:Brawl,AI,2542,2542,173.346700,68.193
7,1,phase:Brawl,AICommand,2542,2542,1.583800,0.623
7,1,phase:Brawl,AIThink,2542,3223,13.045900,5.132
7,1,phase:Brawl,AIDrive,2542,48298,37.573000,14.781
7,1,phase:Brawl,AIEngage,2542,2542,118.815600,46.741
7,1,phase:Brawl,Gunnery,2542,2542,0.304900,0.120
7,1,phase:Brawl,ShipStep,2542,10168,195.999000,77.104
7,1,phase:Brawl,Collision,2542,10168,95.502500,37.570
7,1,phase:Brawl,Projectiles,2542,10168,296.797000,116.757
7,1,phase:Brawl,Missiles,2542,10168,28.446900,11.191
7,1,phase:Brawl,PointDefense,2542,10168,138.927400,54.653
7,1,phase:Brawl,Drones,2542,10168,15.007900,5.904
7,1,phase:Brawl,Sensors,2542,2542,3.269900,1.286
7,1,phase:Brawl,Post,2542,10168,8.559400,3.367
7,1,time:0-300,Tick,18000,18000,4565.834500,253.657
7,1,time:0-300,AI,18000,18000,479.614300,26.645
7,1,time:0-300,AICommand,18000,18000,7.466500,0.415
7,1,time:0-300,AIThink,18000,28796,35.577800,1.977
7,1,time:0-300,AIDrive,18000,432000,274.569300,15.254
7,1,time:0-300,AIEngage,18000,18000,142.493800,7.916
7,1,time:0-300,Gunnery,18000,18000,1.955400,0.109
7,1,time:0-300,ShipStep,18000,72000,1647.961000,91.553
7,1,time:0-300,Collision,18000,72000,751.888400,41.772
7,1,time:0-300,Projectiles,18000,72000,3.431300,0.191
7,1,time:0-300,Missiles,18000,72000,148.478400,8.249
7,1,time:0-300,PointDefense,18000,72000,1266.746800,70.375
7,1,time:0-300,Drones,18000,72000,169.917200,9.440
7,1,time:0-300,Sensors,18000,18000,24.917500,1.384
7,1,time:0-300,Post,18000,72000,57.958400,3.220
7,1,time:300-540,Tick,14400,14400,5597.140900,388.690
7,1,time:300-540,AI,14400,14400,883.822100,61.377
7,1,time:300-540,AICommand,14400,14400,6.177300,0.429
7,1,time:300-540,AIThink,14400,23040,68.779900,4.776
7,1,time:300-540,AIDrive,14400,345600,246.530700,17.120
7,1,time:300-540,AIEngage,14400,14400,546.186800,37.930
7,1,time:300-540,Gunnery,14400,14400,1.595300,0.111
7,1,time:300-540,ShipStep,14400,57600,1327.885300,92.214
7,1,time:300-540,Collision,14400,57600,549.434700,38.155
7,1,time:300-540,Projectiles,14400,57600,2.524500,0.175
7,1,time:300-540,Missiles,14400,57600,453.905000,31.521
7,1,time:300-540,PointDefense,14400,57600,1949.091700,135.354
7,1,time:300-540,Drones,14400,57600,352.046900,24.448
7,1,time:300-540,Sensors,14400,14400,18.353600,1.275
7,1,time:300-540,Post,14400,57600,48.310000,3.355
7,1,time:540+,Tick,9742,9742,4438.503400,455.605
7,1,time:540+,AI,9742,9742,734.001100,75.344
7,1,time:540+,AICommand,9742,9742,4.813200,0.494
7,1,time:540+,AIThink,9742,13502,51.990100,5.337
7,1,time:540+,AIDrive,9742,202469,152.447600,15.648
7,1,time:540+,AIEngage,9742,9742,515.286500,52.893
7,1,time:540+,Gunnery,9742,9742,1.287800,0.132
7,1,time:540+,ShipStep,9742,38968,838.907500,86.112
7,1,time:540+,Collision,9742,38968,374.931200,38.486
7,1,time:540+,Projectiles,9742,38968,1347.782200,138.348
7,1,time:540+,Missiles,9742,38968,156.876800,16.103
7,1,time:540+,PointDefense,9742,38968,806.958700,82.833
7,1,time:540+,Drones,9742,38968,122.376000,12.562
7,1,time:540+,Sensors,9742,9742,12.748500,1.309
7,1,time:540+,Post,9742,38968,34.948000,3.587
8,0,All,Tick,49217,49217,18412.396500,374.106
8,0,All,AI,49217,49217,2735.037900,55.571
8,0,All,AICommand,49217,49217,19.507400,0.396
8,0,All,AIThink,49217,74999,178.130400,3.619
8,0,All,AIDrive,49217,1124977,792.325700,16.099
8,0,All,AIEngage,49217,49217,1695.448800,34.448
8,0,All,Gunnery,49217,49217,5.527400,0.112
8,0,All,ShipStep,49217,196868,4298.890700,87.346
8,0,All,Collision,49217,196868,1970.218300,40.031
8,0,All,Projectiles,49217,196868,2710.403300,55.070
8,0,All,Missiles,49217,196868,916.252700,18.617
8,0,All,PointDefense,49217,196868,4764.343000,96.803
8,0,All,Drones,49217,196868,757.019800,15.381
8,0,All,Sensors,49217,49217,60.778100,1.235
8,0,All,Post,49217,196868,159.743000,3.246
8,0,phase:Approach,Tick,7200,7200,1575.791600,218.860
8,0,phase:Approach,AI,7200,7200,132.535600,18.408
8,0,phase:Approach,AICommand,7200,7200,2.602000,0.361
8,0,phase:Approach,AIThink,7200,11520,9.636900,1.338
8,0,phase:Approach,AIDrive,7200,172800,92.290400,12.818
8,0,phase:Approach,AIEngage,7200,7200,20.916600,2.905
8,0,phase:Approach,Gunnery,7200,7200,0.674900,0.094
8,0,phase:Approach,ShipStep,7200,28800,580.466600,80.620
8,0,phase:Approach,Collision,7200,28800,370.871100,51.510
8,0,phase:Approach,Projectiles,7200,28800,1.085600,0.151
8,0,phase:Approach,Missiles,7200,28800,25.849100,3.590
8,0,phase:Approach,PointDefense,7200,28800,385.384500,53.526
8,0,phase:Approach,Drones,7200,28800,46.828300,6.504
8,0,phase:Approach,Sensors,7200,7200,8.579000,1.192
8,0,phase:Approach,Post,7200,28800,18.918800,2.628
8,0,phase:Missile,Tick,25200,25200,8706.231100,345.485
8,0,phase:Missile,AI,25200,25200,1290.142200,51.196
8,0,phase:Missile,AICommand,25200,25200,9.771700,0.388
8,0,phase:Missile,AIThink,25200,40316,89.658900,3.558
8,0,phase:Missile,AIDrive,25200,604800,416.268700,16.519
8,0,phase:Missile,AIEngage,25200,25200,748.795600,29.714
8,0,phase:Missile,Gunnery,25200,25200,2.658800,0.106
8,0,phase:Missile,ShipStep,25200,100800,2266.678800,89.948
8,0,phase:Missile,Collision,25200,100800,951.553000,37.760
8,0,phase:Missile,Projectiles,25200,100800,4.013200,0.159
8,0,phase:Missile,Missiles,25200,100800,610.014700,24.207
8,0,phase:Missile,PointDefense,25200,100800,2946.632200,116.930
8,0,phase:Missile,Drones,25200,100800,508.303400,20.171
8,0,phase:Missile,Sensors,25200,25200,31.045500,1.232
8,0,phase:Missile,Post,25200,100800,77.666400,3.082
8,0,phase:Sniping,Tick,5400,5400,2560.296300,474.129
8,0,phase:Sniping,AI,5400,5400,403.624700,74.745
8,0,phase:Sniping,AICommand,5400,5400,2.580800,0.478
8,0,phase:Sniping,AIThink,5400,8640,25.428100,4.709
8,0,phase:Sniping,AIDrive,5400,129600,97.540800,18.063
8,0,phase:Sniping,AIEngage,5400,5400,272.357000,50.436
8,0,phase:Sniping,Gunnery,5400,5400,0.649200,0.120
8,0,phase:Sniping,ShipStep,5400,21600,496.921600,92.023
8,0,phase:Sniping,Collision,5400,21600,204.657900,37.900
8,0,phase:Sniping,Projectiles,5400,21600,560.168400,103.735
8,0,phase:Sniping,Missiles,5400,21600,139.317300,25.800
8,0,phase:Sniping,PointDefense,5400,21600,617.239200,114.304
8,0,phase:Sniping,Drones,5400,21600,109.061000,20.196
8,0,phase:Sniping,Sensors,5400,5400,6.777000,1.255
8,0,phase:Sniping,Post,5400,21600,18.038500,3.340
8,0,phase:Brawl,Tick,11417,11417,5570.077500,487.876
8,0,phase:Brawl,AI,11417,11417,908.735400,79.595
8,0,phase:Brawl,AICommand,11417,11417,4.552900,0.399
8,0,phase:Brawl,AIThink,11417,14523,53.406500,4.678
8,0,phase:Brawl,AIDrive,11417,217777,186.225800,16.311
8,0,phase:Brawl,AIEngage,11417,11417,653.379600,57.229
8,0,phase:Brawl,Gunnery,11417,11417,1.544500,0.135
8,0,phase:Brawl,ShipStep,11417,45668,954.823700,83.632
8,0,phase:Brawl,Collision,11417,45668,443.136300,38.814
8,0,phase:Brawl,Projectiles,11417,45668,2145.136100,187.890
8,0,phase:Brawl,Missiles,11417,45668,141.071600,12.356
8,0,phase:Brawl,PointDefense,11417,45668,815.087100,71.392
8,0,phase:Brawl,Drones,11417,45668,92.827100,8.131
8,0,phase:Brawl,Sensors,11417,11417,14.376600,1.259
8,0,phase:Brawl,Post,11417,45668,45.119300,3.952
8,0,time:0-300,Tick,18000,18000,4385.466100,243.637
8,0,time:0-300,AI,18000,18000,484.699200,26.928
8,0,time:0-300,AICommand,18000,18000,6.454000,0.359
8,0,time:0-300,AIThink,18000,28796,28.123400,1.562
8,0,time:0-300,AIDrive,18000,432000,256.217000,14.234
8,0,time:0-300,AIEngage,18000,18000,175.909000,9.773
8,0,time:0-300,Gunnery,18000,18000,1.775100,0.099
8,0,time:0-300,ShipStep,18000,72000,1507.296800,83.739
8,0,time:0-300,Collision,18000,72000,768.732400,42.707
8,0,time:0-300,Projectiles,18000,72000,2.726300,0.151
8,0,time:0-300,Missiles,18000,72000,158.104100,8.784
8,0,time:0-300,PointDefense,18000,72000,1207.124300,67.062
8,0,time:0-300,Drones,18000,72000,172.532400,9.585
8,0,time:0-300,Sensors,18000,18000,21.218800,1.179
8,0,time:0-300,Post,18000,72000,49.403000,2.745
8,0,time:300-540,Tick,14400,14400,5896.556600,409.483
8,0,time:300-540,AI,14400,14400,937.978600,65.137
8,0,time:300-540,AICommand,14400,14400,5.919700,0.411
8,0,time:300-540,AIThink,14400,23040,71.172400,4.943
8,0,time:300-540,AIDrive,14400,345600,252.342100,17.524
8,0,time:300-540,AIEngage,14400,14400,593.803200,41.236
8,0,time:300-540,Gunnery,14400,14400,1.558600,0.108
8,0,time:300-540,ShipStep,14400,57600,1339.848600,93.045
8,0,time:300-540,Collision,14400,57600,553.691700,38.451
8,0,time:300-540,Projectiles,14400,57600,2.372500,0.165
8,0,time:300-540,Missiles,14400,57600,477.759700,33.178
8,0,time:300-540,PointDefense,14400,57600,2124.892400,147.562
8,0,time:300-540,Drones,14400,57600,382.599300,26.569
8,0,time:300-540,Sensors,14400,14400,18.405700,1.278
8,0,time:300-540,Post,14400,57600,47.182200,3.277
8,0,time:540+,Tick,16817,16817,8130.373800,483.462
8,0,time:540+,AI,16817,16817,1312.360100,78.038
8,0,time:540+,AICommand,16817,16817,7.133700,0.424
8,0,time:540+,AIThink,16817,23163,78.834600,4.688
8,0,time:540+,AIDrive,16817,347377,283.766600,16.874
8,0,time:540+,AIEngage,16817,16817,925.736600,55.048
8,0,time:540+,Gunnery,16817,16817,2.193700,0.130
8,0,time:540+,ShipStep,16817,67268,1451.745300,86.326
8,0,time:540+,Collision,16817,67268,647.794200,38.520
8,0,time:540+,Projectiles,16817,67268,2705.304500,160.867
8,0,time:540+,Missiles,16817,67268,280.388900,16.673
8,0,time:540+,PointDefense,16817,67268,1432.326300,85.171
8,0,time:540+,Drones,16817,67268,201.888100,12.005
8,0,time:540+,Sensors,16817,16817,21.153600,1.258
8,0,time:540+,Post,16817,67268,63.157800,3.756
8,1,All,Tick,61348,61348,23253.065000,379.035
8,1,All,AI,61348,61348,3558.763100,58.009
8,1,All,AICommand,61348,61348,26.635300,0.434
8,1,All,AIThink,61348,86763,209.083400,3.408
8,1,All,AIDrive,61348,1301462,1005.682600,16.393
8,1,All,AIEngage,61348,61348,2257.450500,36.797
8,1,All,Gunnery,61348,61348,7.517600,0.123
8,1,All,ShipStep,61348,245392,5645.147400,92.018
8,1,All,Collision,61348,245392,3035.532000,49.481
8,1,All,Projectiles,61348,245392,3100.623100,50.542
8,1,All,Missiles,61348,245392,874.198100,14.250
8,1,All,PointDefense,61348,245392,5848.349200,95.331
8,1,All,Drones,61348,245392,850.974100,13.871
8,1,All,Sensors,61348,61348,77.976700,1.271
8,1,All,Post,61348,245392,209.644400,3.417
8,1,phase:Approach,Tick,7200,7200,1675.744600,232.742
8,1,phase:Approach,AI,7200,7200,126.307400,17.543
8,1,phase:Approach,AICommand,7200,7200,2.935800,0.408
8,1,phase:Approach,AIThink,7200,11520,9.368200,1.301
8,1,phase:Approach,AIDrive,7200,172800,90.244200,12.534
8,1,phase:Approach,AIEngage,7200,7200,16.910100,2.349
8,1,phase:Approach,Gunnery,7200,7200,0.628500,0.087
8,1,phase:Approach,ShipStep,7200,28800,572.781300,79.553
8,1,phase:Approach,Collision,7200,28800,494.349200,68.660
8,1,phase:Approach,Projectiles,7200,28800,1.046900,0.145
8,1,phase:Approach,Missiles,7200,28800,26.086500,3.623
8,1,phase:Approach,PointDefense,7200,28800,377.692400,52.457
8,1,phase:Approach,Drones,7200,28800,44.741400,6.214
8,1,phase:Approach,Sensors,7200,7200,8.343400,1.159
8,1,phase:Approach,Post,7200,28800,19.114200,2.655
8,1,phase:Missile,Tick,25200,25200,8181.817500,324.675
8,1,phase:Missile,AI,25200,25200,1199.151800,47.585
8,1,phase:Missile,AICommand,25200,25200,10.605500,0.421
8,1,phase:Missile,AIThink,25200,40316,87.369600,3.467
8,1,phase:Missile,AIDrive,25200,604800,403.381600,16.007
8,1,phase:Missile,AIEngage,25200,25200,672.932800,26.704
8,1,phase:Missile,Gunnery,25200,25200,2.643900,0.105
8,1,phase:Missile,ShipStep,25200,100800,2260.972900,89.721
8,1,phase:Missile,Collision,25200,100800,959.416700,38.072
8,1,phase:Missile,Projectiles,25200,100800,3.892300,0.154
8,1,phase:Missile,Missiles,25200,100800,528.656000,20.978
8,1,phase:Missile,PointDefense,25200,100800,2656.368600,105.411
8,1,phase:Missile,Drones,25200,100800,445.707700,17.687
8,1,phase:Missile,Sensors,25200,25200,30.689800,1.218
8,1,phase:Missile,Post,25200,100800,77.105500,3.060
8,1,phase:Gunnery,Tick,3600,3600,1174.148200,326.152
8,1,phase:Gunnery,AI,3600,3600,216.661100,60.184
8,1,phase:Gunnery,AICommand,3600,3600,1.605500,0.446
8,1,phase:Gunnery,AIThink,3600,4800,13.590600,3.775
8,1,phase:Gunnery,AIDrive,3600,72000,60.150500,16.708
8,1,phase:Gunnery,AIEngage,3600,3600,137.878600,38.300
8,1,phase:Gunnery,Gunnery,3600,3600,0.515900,0.143
8,1,phase:Gunnery,ShipStep,3600,14400,351.286600,97.580
8,1,phase:Gunnery,Collision,3600,14400,158.697600,44.083
8,1,phase:Gunnery,Projectiles,3600,14400,21.670800,6.020
8,1,phase:Gunnery,Missiles,3600,14400,57.358400,15.933
8,1,phase:Gunnery,PointDefense,3600,14400,296.155100,82.265
8,1,phase:Gunnery,Drones,3600,14400,52.322600,14.534
8,1,phase:Gunnery,Sensors,3600,3600,4.728300,1.313
8,1,phase:Gunnery,Post,3600,14400,12.045500,3.346
8,1,phase:Sniping,Tick,7200,7200,3127.656900,434.397
8,1,phase:Sniping,AI,7200,7200,526.642500,73.145
8,1,phase:Sniping,AICommand,7200,7200,3.719200,0.517
8,1,phase:Sniping,AIThink,7200,11267,28.635400,3.977
8,1,phase:Sniping,AIDrive,7200,169006,128.894200,17.902
8,1,phase:Sniping,AIEngage,7200,7200,358.198700,49.750
8,1,phase:Sniping,Gunnery,7200,7200,0.953300,0.132
8,1,phase:Sniping,ShipStep,7200,28800,662.820200,92.058
8,1,phase:Sniping,Collision,7200,28800,277.070200,38.482
8,1,phase:Sniping,Projectiles,7200,28800,924.888100,128.457
8,1,phase:Sniping,Missiles,7200,28800,79.379500,11.025
8,1,phase:Sniping,PointDefense,7200,28800,538.927700,74.851
8,1,phase:Sniping,Drones,7200,28800,79.961700,11.106
8,1,phase:Sniping,Sensors,7200,7200,8.905100,1.237
8,1,phase:Sniping,Post,7200,28800,23.120300,3.211
8,1,phase:Brawl,Tick,18148,18148,9093.697800,501.085
8,1,phase:Brawl,AI,18148,18148,1490.000300,82.103
8,1,phase:Brawl,AICommand,18148,18148,7.769300,0.428
8,1,phase:Brawl,AIThink,18148,18860,70.119600,3.864
8,1,phase:Brawl,AIDrive,18148,282856,323.012100,17.799
8,1,phase:Brawl,AIEngage,18148,18148,1071.530300,59.044
8,1,phase:Brawl,Gunnery,18148,18148,2.776000,0.153
8,1,phase:Brawl,ShipStep,18148,72592,1797.286400,99.035
8,1,phase:Brawl,Collision,18148,72592,1145.998300,63.147
8,1,phase:Brawl,Projectiles,18148,72592,2149.125000,118.422
8,1,phase:Brawl,Missiles,18148,72592,182.717700,10.068
8,1,phase:Brawl,PointDefense,18148,72592,1979.205400,109.059
8,1,phase:Brawl,Drones,18148,72592,228.240700,12.577
8,1,phase:Brawl,Sensors,18148,18148,25.310100,1.395
8,1,phase:Brawl,Post,18148,72592,78.258900,4.312
8,1,time:0-300,Tick,18000,18000,4428.531300,246.030
8,1,time:0-300,AI,18000,18000,484.502100,26.917
8,1,time:0-300,AICommand,18000,18000,7.758400,0.431
8,1,time:0-300,AIThink,18000,28796,26.354000,1.464
8,1,time:0-300,AIDrive,18000,432000,252.535700,14.030
8,1,time:0-300,AIEngage,18000,18000,180.509100,10.028
8,1,time:0-300,Gunnery,18000,18000,1.646600,0.091
8,1,time:0-300,ShipStep,18000,72000,1525.571500,84.754
8,1,time:0-300,Collision,18000,72000,899.100900,49.950
8,1,time:0-300,Projectiles,18000,72000,2.600500,0.144
8,1,time:0-300,Missiles,18000,72000,135.449700,7.525
8,1,time:0-300,PointDefense,18000,72000,1143.426100,63.524
8,1,time:0-300,Drones,18000,72000,152.465800,8.470
8,1,time:0-300,Sensors,18000,18000,21.518600,1.195
8,1,time:0-300,Post,18000,72000,50.575200,2.810
8,1,time:300-540,Tick,14400,14400,5429.030800,377.016
8,1,time:300-540,AI,14400,14400,840.957100,58.400
8,1,time:300-540,AICommand,14400,14400,5.782900,0.402
8,1,time:300-540,AIThink,14400,23040,70.383800,4.888
8,1,time:300-540,AIDrive,14400,345600,241.090100,16.742
8,1,time:300-540,AIEngage,14400,14400,509.333800,35.370
8,1,time:300-540,Gunnery,14400,14400,1.625800,0.113
8,1,time:300-540,ShipStep,14400,57600,1308.182700,90.846
8,1,time:300-540,Collision,14400,57600,554.665000,38.518
8,1,time:300-540,Projectiles,14400,57600,2.338700,0.162
8,1,time:300-540,Missiles,14400,57600,419.292800,29.118
8,1,time:300-540,PointDefense,14400,57600,1890.634900,131.294
8,1,time:300-540,Drones,14400,57600,337.983300,23.471
8,1,time:300-540,Sensors,14400,14400,17.514600,1.216
8,1,time:300-540,Post,14400,57600,45.644500,3.170
8,1,time:540+,Tick,28948,28948,13395.502900,462.744
8,1,time:540+,AI,28948,28948,2233.303900,77.149
8,1,time:540+,AICommand,28948,28948,13.094000,0.452
8,1,time:540+,AIThink,28948,34927,112.345600,3.881
8,1,time:540+,AIDrive,28948,523862,512.056800,17.689
8,1,time:540+,AIEngage,28948,28948,1567.607600,54.153
8,1,time:540+,Gunnery,28948,28948,4.245200,0.147
8,1,time:540+,ShipStep,28948,115792,2811.393200,97.119
8,1,time:540+,Collision,28948,115792,1581.766100,54.642
8,1,time:540+,Projectiles,28948,115792,3095.683900,106.939
8,1,time:540+,Missiles,28948,115792,319.455600,11.035
8,1,time:540+,PointDefense,28948,115792,2814.288200,97.219
8,1,time:540+,Drones,28948,115792,360.525000,12.454
8,1,time:540+,Sensors,28948,28948,38.943500,1.345
8,1,time:540+,Post,28948,115792,113.424700,3.918
9,0,All,Tick,40687,40687,14265.781900,350.623
9,0,All,AI,40687,40687,2104.861500,51.733
9,0,All,AICommand,40687,40687,16.433900,0.404
9,0,All,AIThink,40687,64479,165.244400,4.061
9,0,All,AIDrive,40687,967205,659.471000,16.208
9,0,All,AIEngage,40687,40687,1221.593500,30.024
9,0,All,Gunnery,40687,40687,4.483600,0.110
9,0,All,ShipStep,40687,162748,3717.519900,91.369
9,0,All,Collision,40687,162748,1625.389600,39.949
9,0,All,Projectiles,40687,162748,1513.759400,37.205
9,0,All,Missiles,40687,162748,699.776700,17.199
9,0,All,PointDefense,40687,162748,3791.782700,93.194
9,0,All,Drones,40687,162748,595.542600,14.637
9,0,All,Sensors,40687,40687,51.908300,1.276
9,0,All,Post,40687,162748,131.464900,3.231
9,0,phase:Approach,Tick,7200,7200,1776.998500,246.805
9,0,phase:Approach,AI,7200,7200,149.376600,20.747
9,0,phase:Approach,AICommand,7200,7200,3.018200,0.419
9,0,phase:Approach,AIThink,7200,11520,11.296400,1.569
9,0,phase:Approach,AIDrive,7200,172800,105.989900,14.721
9,0,phase:Approach,AIEngage,7200,7200,21.783700,3.026
9,0,phase:Approach,Gunnery,7200,7200,0.719700,0.100
9,0,phase:Approach,ShipStep,7200,28800,696.165900,96.690
9,0,phase:Approach,Collision,7200,28800,336.861400,46.786
9,0,phase:Approach,Projectiles,7200,28800,1.233000,0.171
9,0,phase:Approach,Missiles,7200,28800,32.950000,4.576
9,0,phase:Approach,PointDefense,7200,28800,465.827700,64.698
9,0,phase:Approach,Drones,7200,28800,54.641700,7.589
9,0,phase:Approach,Sensors,7200,7200,10.210800,1.418
9,0,phase:Approach,Post,7200,28800,23.749800,3.299
9,0,phase:Missile,Tick,19800,19800,6537.778300,330.191
9,0,phase:Missile,AI,19800,19800,1009.004000,50.960
9,0,phase:Missile,AICommand,19800,19800,7.775400,0.393
9,0,phase:Missile,AIThink,19800,31676,75.131500,3.795
9,0,phase:Missile,AIDrive,19800,475200,325.287800,16.429
9,0,phase:Missile,AIEngage,19800,19800,580.312600,29.309
9,0,phase:Missile,Gunnery,19800,19800,2.161200,0.109
9,0,phase:Missile,ShipStep,19800,79200,1801.932500,91.007
9,0,phase:Missile,Collision,19800,79200,768.317300,38.804
9,0,phase:Missile,Projectiles,19800,79200,3.251900,0.164
9,0,phase:Missile,Missiles,19800,79200,428.254900,21.629
9,0,phase:Missile,PointDefense,19800,79200,2073.941700,104.745
9,0,phase:Missile,Drones,19800,79200,350.486100,17.701
9,0,phase:Missile,Sensors,19800,19800,24.690100,1.247
9,0,phase:Missile,Post,19800,79200,61.446600,3.103
9,0,phase:Gunnery,Tick,1800,1800,1057.877400,587.710
9,0,phase:Gunnery,AI,1800,1800,127.532000,70.851
9,0,phase:Gunnery,AICommand,1800,1800,0.821700,0.456
9,0,phase:Gunnery,AIThink,1800,2760,8.971100,4.984
9,0,phase:Gunnery,AIDrive,1800,41400,29.152600,16.196
9,0,phase:Gunnery,AIEngage,1800,1800,86.695300,48.164
9,0,phase:Gunnery,Gunnery,1800,1800,0.222800,0.124
9,0,phase:Gunnery,ShipStep,1800,7200,160.558800,89.199
9,0,phase:Gunnery,Collision,1800,7200,70.294200,39.052
9,0,phase:Gunnery,Projectiles,1800,7200,554.123700,307.846
9,0,phase:Gunnery,Missiles,1800,7200,15.683200,8.713
9,0,phase:Gunnery,PointDefense,1800,7200,108.778300,60.432
9,0,phase:Gunnery,Drones,1800,7200,10.412600,5.785
9,0,phase:Gunnery,Sensors,1800,1800,2.320600,1.289
9,0,phase:Gunnery,Post,1800,7200,6.662700,3.702
9,0,phase:Sniping,Tick,10800,10800,4256.607100,394.130
9,0,phase:Sniping,AI,10800,10800,744.627500,68.947
9,0,phase:Sniping,AICommand,10800,10800,4.395500,0.407
9,0,phase:Sniping,AIThink,10800,17054,63.545600,5.884
9,0,phase:Sniping,AIDrive,10800,255813,181.174100,16.775
9,0,phase:Sniping,AIEngage,10800,10800,484.222400,44.835
9,0,phase:Sniping,Gunnery,10800,10800,1.245500,0.115
9,0,phase:Sniping,ShipStep,10800,43200,967.728400,89.604
9,0,phase:Sniping,Collision,10800,43200,405.209200,37.519
9,0,phase:Sniping,Projectiles,10800,43200,601.918500,55.733
9,0,phase:Sniping,Missiles,10800,43200,215.020400,19.909
9,0,phase:Sniping,PointDefense,10800,43200,1090.011400,100.927
9,0,phase:Sniping,Drones,10800,43200,174.371900,16.146
9,0,phase:Sniping,Sensors,10800,10800,13.344700,1.236
9,0,phase:Sniping,Post,10800,43200,35.482300,3.285
9,0,phase:Brawl,Tick,1087,1087,636.520600,585.576
9,0,phase:Brawl,AI,1087,1087,74.321400,68.373
9,0,phase:Brawl,AICommand,1087,1087,0.423100,0.389
9,0,phase:Brawl,AIThink,1087,1469,6.299800,5.796
9,0,phase:Brawl,AIDrive,1087,21992,17.866600,16.437
9,0,phase:Brawl,AIEngage,1087,1087,48.579500,44.691
9,0,phase:Brawl,Gunnery,1087,1087,0.134400,0.124
9,0,phase:Brawl,ShipStep,1087,4348,91.134300,83.840
9,0,phase:Brawl,Collision,1087,4348,44.707500,41.129
9,0,phase:Brawl,Projectiles,1087,4348,353.232300,324.961
9,0,phase:Brawl,Missiles,1087,4348,7.868200,7.238
9,0,phase:Brawl,PointDefense,1087,4348,53.223600,48.964
9,0,phase:Brawl,Drones,1087,4348,5.630300,5.180
9,0,phase:Brawl,Sensors,1087,1087,1.342100,1.235
9,0,phase:Brawl,Post,1087,4348,4.123500,3.793
9,0,time:0-300,Tick,18000,18000,4825.337500,268.074
9,0,time:0-300,AI,18000,18000,545.436400,30.302
9,0,time:0-300,AICommand,18000,18000,7.209600,0.401
9,0,time:0-300,AIThink,18000,28796,31.659600,1.759
9,0,time:0-300,AIDrive,18000,432000,279.219700,15.512
9,0,time:0-300,AIEngage,18000,18000,208.906900,11.606
9,0,time:0-300,Gunnery,18000,18000,1.843200,0.102
9,0,time:0-300,ShipStep,18000,72000,1681.346400,93.408
9,0,time:0-300,Collision,18000,72000,766.034000,42.557
9,0,time:0-300,Projectiles,18000,72000,2.965100,0.165
9,0,time:0-300,Missiles,18000,72000,183.268400,10.182
9,0,time:0-300,PointDefense,18000,72000,1362.653700,75.703
9,0,time:0-300,Drones,18000,72000,188.110300,10.451
9,0,time:0-300,Sensors,18000,18000,23.835100,1.324
9,0,time:0-300,Post,18000,72000,56.579000,3.143
9,0,time:300-540,Tick,14400,14400,5542.703400,384.910
9,0,time:300-540,AI,14400,14400,989.679600,68.728
9,0,time:300-540,AICommand,14400,14400,5.680900,0.395
9,0,time:300-540,AIThink,14400,23040,87.171100,6.054
9,0,time:300-540,AIDrive,14400,345600,243.144400,16.885
9,0,time:300-540,AIEngage,14400,14400,638.684000,44.353
9,0,time:300-540,Gunnery,14400,14400,1.640400,0.114
9,0,time:300-540,ShipStep,14400,57600,1305.187500,90.638
9,0,time:300-540,Collision,14400,57600,539.371700,37.456
9,0,time:300-540,Projectiles,14400,57600,33.089800,2.298
9,0,time:300-540,Missiles,14400,57600,423.244700,29.392
9,0,time:300-540,PointDefense,14400,57600,1842.070700,127.922
9,0,time:300-540,Drones,14400,57600,335.048000,23.267
9,0,time:300-540,Sensors,14400,14400,17.792600,1.236
9,0,time:300-540,Post,14400,57600,45.393000,3.152
9,0,time:540+,Tick,8287,8287,3897.741000,470.344
9,0,time:540+,AI,8287,8287,569.745500,68.752
9,0,time:540+,AICommand,8287,8287,3.543400,0.428
9,0,time:540+,AIThink,8287,12643,46.413700,5.601
9,0,time:540+,AIDrive,8287,189605,137.106900,16.545
9,0,time:540+,AIEngage,8287,8287,374.002600,45.131
9,0,time:540+,Gunnery,8287,8287,1.000000,0.121
9,0,time:540+,ShipStep,8287,33148,730.986000,88.209
9,0,time:540+,Collision,8287,33148,319.983900,38.613
9,0,time:540+,Projectiles,8287,33148,1477.704500,178.316
9,0,time:540+,Missiles,8287,33148,93.263600,11.254
9,0,time:540+,PointDefense,8287,33148,587.058300,70.841
9,0,time:540+,Drones,8287,33148,72.384300,8.735
9,0,time:540+,Sensors,8287,8287,10.280600,1.241
9,0,time:540+,Post,8287,33148,29.492900,3.559
9,1,All,Tick,44264,44264,16400.431000,370.514
9,1,All,AI,44264,44264,2322.690500,52.474
9,1,All,AICommand,44264,44264,20.295200,0.459
9,1,All,AIThink,44264,68256,169.271700,3.824
9,1,All,AIDrive,44264,1023902,731.201300,16.519
9,1,All,AIEngage,44264,44264,1355.738300,30.628
9,1,All,Gunnery,44264,44264,5.241600,0.118
9,1,All,ShipStep,44264,177056,4264.423700,96.341
9,1,All,Collision,44264,177056,2221.096000,50.178
9,1,All,Projectiles,44264,177056,1654.589600,37.380
9,1,All,Missiles,44264,177056,765.184400,17.287
9,1,All,PointDefense,44264,177056,4270.534800,96.479
9,1,All,Drones,44264,177056,652.166900,14.734
9,1,All,Sensors,44264,44264,60.306300,1.362
9,1,All,Post,44264,177056,151.302400,3.418
9,1,phase:Approach,Tick,7200,7200,1624.240000,225.589
9,1,phase:Approach,AI,7200,7200,139.450300,19.368
9,1,phase:Approach,AICommand,7200,7200,2.866400,0.398
9,1,phase:Approach,AIThink,7200,11520,10.507700,1.459
9,1,phase:Approach,AIDrive,7200,172800,97.942700,13.603
9,1,phase:Approach,AIEngage,7200,7200,20.882300,2.900
9,1,phase:Approach,Gunnery,7200,7200,0.688000,0.096
9,1,phase:Approach,ShipStep,7200,28800,634.958700,88.189
9,1,phase:Approach,Collision,7200,28800,302.439800,42.006
9,1,phase:Approach,Projectiles,7200,28800,1.242300,0.173
9,1,phase:Approach,Missiles,7200,28800,30.486400,4.234
9,1,phase:Approach,PointDefense,7200,28800,428.083400,59.456
9,1,phase:Approach,Drones,7200,28800,50.075900,6.955
9,1,phase:Approach,Sensors,7200,7200,9.630800,1.338
9,1,phase:Approach,Post,7200,28800,22.312900,3.099
9,1,phase:Missile,Tick,23400,23400,7865.734100,336.142
9,1,phase:Missile,AI,23400,23400,1130.277400,48.302
9,1,phase:Missile,AICommand,23400,23400,10.840800,0.463
9,1,phase:Missile,AIThink,23400,37436,89.608500,3.829
9,1,phase:Missile,AIDrive,23400,561600,383.629800,16.394
9,1,phase:Missile,AIEngage,23400,23400,622.977600,26.623
9,1,phase:Missile,Gunnery,23400,23400,2.485600,0.106
9,1,phase:Missile,ShipStep,23400,93600,2201.377800,94.076
9,1,phase:Missile,Collision,23400,93600,941.663000,40.242
9,1,phase:Missile,Projectiles,23400,93600,4.120200,0.176
9,1,phase:Missile,Missiles,23400,93600,504.703000,21.569
9,1,phase:Missile,PointDefense,23400,93600,2532.136700,108.211
9,1,phase:Missile,Drones,23400,93600,428.367900,18.306
9,1,phase:Missile,Sensors,23400,23400,29.995900,1.282
9,1,phase:Missile,Post,23400,93600,73.769100,3.153
9,1,phase:Sniping,Tick,13664,13664,6910.456900,505.742
9,1,phase:Sniping,AI,13664,13664,1052.962800,77.061
9,1,phase:Sniping,AICommand,13664,13664,6.588000,0.482
9,1,phase:Sniping,AIThink,13664,19300,69.155500,5.061
9,1,phase:Sniping,AIDrive,13664,289502,249.628800,18.269
9,1,phase:Sniping,AIEngage,13664,13664,711.878400,52.099
9,1,phase:Sniping,Gunnery,13664,13664,2.068000,0.151
9,1,phase:Sniping,ShipStep,13664,54656,1428.087200,104.515
9,1,phase:Sniping,Collision,13664,54656,976.993200,71.501
9,1,phase:Sniping,Projectiles,13664,54656,1649.227100,120.699
9,1,phase:Sniping,Missiles,13664,54656,229.995000,16.832
9,1,phase:Sniping,PointDefense,13664,54656,1310.314700,95.895
9,1,phase:Sniping,Drones,13664,54656,173.723100,12.714
9,1,phase:Sniping,Sensors,13664,13664,20.679600,1.513
9,1,phase:Sniping,Post,13664,54656,55.220400,4.041
9,1,time:0-300,Tick,18000,18000,4273.753600,237.431
9,1,time:0-300,AI,18000,18000,440.503900,24.472
9,1,time:0-300,AICommand,18000,18000,7.512400,0.417
9,1,time:0-300,AIThink,18000,28796,32.913200,1.829
9,1,time:0-300,AIDrive,18000,432000,251.662500,13.981
9,1,time:0-300,AIEngage,18000,18000,130.831800,7.268
9,1,time:0-300,Gunnery,18000,18000,1.690800,0.094
9,1,time:0-300,ShipStep,18000,72000,1546.967700,85.943
9,1,time:0-300,Collision,18000,72000,708.375900,39.354
9,1,time:0-300,Projectiles,18000,72000,2.966900,0.165
9,1,time:0-300,Missiles,18000,72000,141.871900,7.882
9,1,time:0-300,PointDefense,18000,72000,1185.709900,65.873
9,1,time:0-300,Drones,18000,72000,157.897100,8.772
9,1,time:0-300,Sensors,18000,18000,22.943300,1.275
9,1,time:0-300,Post,18000,72000,52.507500,2.917
9,1,time:300-540,Tick,14400,14400,6205.939400,430.968
9,1,time:300-540,AI,14400,14400,1014.949600,70.483
9,1,time:300-540,AICommand,14400,14400,6.993600,0.486
9,1,time:300-540,AIThink,14400,23040,82.113300,5.702
9,1,time:300-540,AIDrive,14400,345600,271.079700,18.825
9,1,time:300-540,AIEngage,14400,14400,639.749600,44.427
9,1,time:300-540,Gunnery,14400,14400,1.758900,0.122
9,1,time:300-540,ShipStep,14400,57600,1520.129100,105.565
9,1,time:300-540,Collision,14400,57600,627.030900,43.544
9,1,time:300-540,Projectiles,14400,57600,2.972200,0.206
9,1,time:300-540,Missiles,14400,57600,465.320100,32.314
9,1,time:300-540,PointDefense,14400,57600,2111.173100,146.609
9,1,time:300-540,Drones,14400,57600,381.473900,26.491
9,1,time:300-540,Sensors,14400,14400,19.474100,1.352
9,1,time:300-540,Post,14400,57600,50.759700,3.525
9,1,time:540+,Tick,11864,11864,5920.738000,499.051
9,1,time:540+,AI,11864,11864,867.237000,73.098
9,1,time:540+,AICommand,11864,11864,5.789200,0.488
9,1,time:540+,AIThink,11864,16420,54.245200,4.572
9,1,time:540+,AIDrive,11864,246302,208.459100,17.571
9,1,time:540+,AIEngage,11864,11864,585.156900,49.322
9,1,time:540+,Gunnery,11864,11864,1.791900,0.151
9,1,time:540+,ShipStep,11864,47456,1197.326900,100.921
9,1,time:540+,Collision,11864,47456,885.689200,74.654
9,1,time:540+,Projectiles,11864,47456,1648.650500,138.962
9,1,time:540+,Missiles,11864,47456,157.992400,13.317
9,1,time:540+,PointDefense,11864,47456,973.651800,82.068
9,1,time:540+,Drones,11864,47456,112.795900,9.507
9,1,time:540+,Sensors,11864,11864,17.888900,1.508
9,1,time:540+,Post,11864,47456,48.035200,4.049
10,0,All,Tick,62175,62175,21193.731700,340.872
10,0,All,AI,62175,62175,3403.673300,54.743
10,0,All,AICommand,62175,62175,24.826900,0.399
10,0,All,AIThink,62175,88472,241.030100,3.877
10,0,All,AIDrive,62175,1327112,971.809800,15.630
10,0,All,AIEngage,62175,62175,2107.590400,33.898
10,0,All,Gunnery,62175,62175,7.260900,0.117
10,0,All,ShipStep,62175,248700,5246.576400,84.384
10,0,All,Collision,62175,248700,2665.516200,42.871
10,0,All,Projectiles,62175,248700,2498.828700,40.190
10,0,All,Missiles,62175,248700,926.660100,14.904
10,0,All,PointDefense,62175,248700,5310.480500,85.412
10,0,All,Drones,62175,248700,818.858900,13.170
10,0,All,Sensors,62175,62175,76.201100,1.226
10,0,All,Post,62175,248700,196.903300,3.167
10,0,phase:Approach,Tick,7200,7200,1522.899200,211.514
10,0,phase:Approach,AI,7200,7200,127.494100,17.708
10,0,phase:Approach,AICommand,7200,7200,3.035700,0.422
10,0,phase:Approach,AIThink,7200,11520,9.695100,1.347
10,0,phase:Approach,AIDrive,7200,172800,91.250400,12.674
10,0,phase:Approach,AIEngage,7200,7200,16.719400,2.322
10,0,phase:Approach,Gunnery,7200,7200,0.656800,0.091
10,0,phase:Approach,ShipStep,7200,28800,594.859700,82.619
10,0,phase:Approach,Collision,7200,28800,300.430100,41.726
10,0,phase:Approach,Projectiles,7200,28800,1.048500,0.146
10,0,phase:Approach,Missiles,7200,28800,28.331900,3.935
10,0,phase:Approach,PointDefense,7200,28800,391.773400,54.413
10,0,phase:Approach,Drones,7200,28800,46.233600,6.421
10,0,phase:Approach,Sensors,7200,7200,8.485300,1.179
10,0,phase:Approach,Post,7200,28800,19.010600,2.640
10,0,phase:Missile,Tick,21600,21600,6892.668700,319.105
10,0,phase:Missile,AI,21600,21600,966.097300,44.727
10,0,phase:Missile,AICommand,21600,21600,8.305400,0.385
10,0,phase:Missile,AIThink,21600,34556,64.842100,3.002
10,0,phase:Missile,AIDrive,21600,518400,334.874100,15.503
10,0,phase:Missile,AIEngage,21600,21600,537.145100,24.868
10,0,phase:Missile,Gunnery,21600,21600,2.287000,0.106
10,0,phase:Missile,ShipStep,21600,86400,1889.708400,87.486
10,0,phase:Missile,Collision,21600,86400,806.147500,37.322
10,0,phase:Missile,Projectiles,21600,86400,3.358500,0.155
10,0,phase:Missile,Missiles,21600,86400,459.490700,21.273
10,0,phase:Missile,PointDefense,21600,86400,2278.592600,105.490
10,0,phase:Missile,Drones,21600,86400,382.586800,17.712
10,0,phase:Missile,Sensors,21600,21600,25.834400,1.196
10,0,phase:Missile,Post,21600,86400,64.078100,2.967
10,0,phase:Sniping,Tick,12600,12600,5850.272600,464.307
10,0,phase:Sniping,AI,12600,12600,925.176500,73.427
10,0,phase:Sniping,AICommand,12600,12600,5.646200,0.448
10,0,phase:Sniping,AIThink,12600,19428,66.496300,5.277
10,0,phase:Sniping,AIDrive,12600,291412,219.997600,17.460
10,0,phase:Sniping,AIEngage,12600,12600,620.680900,49.260
10,0,phase:Sniping,Gunnery,12600,12600,1.567700,0.124
10,0,phase:Sniping,ShipStep,12600,50400,1166.485200,92.578
10,0,phase:Sniping,Collision,12600,50400,491.819900,39.033
10,0,phase:Sniping,Projectiles,12600,50400,1439.456600,114.243
10,0,phase:Sniping,Missiles,12600,50400,249.546600,19.805
10,0,phase:Sniping,PointDefense,12600,50400,1288.832300,102.288
10,0,phase:Sniping,Drones,12600,50400,219.290600,17.404
10,0,phase:Sniping,Sensors,12600,12600,16.419400,1.303
10,0,phase:Sniping,Post,12600,50400,42.673900,3.387
10,0,phase:Brawl,Tick,20775,20775,6927.891200,333.473
10,0,phase:Brawl,AI,20775,20775,1384.905400,66.662
10,0,phase:Brawl,AICommand,20775,20775,7.839600,0.377
10,0,phase:Brawl,AIThink,20775,22968,99.996600,4.813
10,0,phase:Brawl,AIDrive,20775,344500,325.687700,15.677
10,0,phase:Brawl,AIEngage,20775,20775,933.045000,44.912
10,0,phase:Brawl,Gunnery,20775,20775,2.749400,0.132
10,0,phase:Brawl,ShipStep,20775,83100,1595.523100,76.800
10,0,phase:Brawl,Collision,20775,83100,1067.118700,51.366
10,0,phase:Brawl,Projectiles,20775,83100,1054.965100,50.781
10,0,phase:Brawl,Missiles,20775,83100,189.290900,9.111
10,0,phase:Brawl,PointDefense,20775,83100,1351.282200,65.044
10,0,phase:Brawl,Drones,20775,83100,170.747900,8.219
10,0,phase:Brawl,Sensors,20775,20775,25.462000,1.226
10,0,phase:Brawl,Post,20775,83100,71.140700,3.424
10,0,time:0-300,Tick,18000,18000,4174.991000,231.944
10,0,time:0-300,AI,18000,18000,437.098100,24.283
10,0,time:0-300,AICommand,18000,18000,7.011700,0.390
10,0,time:0-300,AIThink,18000,28796,26.596800,1.478
10,0,time:0-300,AIDrive,18000,432000,245.508800,13.639
10,0,time:0-300,AIEngage,18000,18000,141.280800,7.849
10,0,time:0-300,Gunnery,18000,18000,1.695000,0.094
10,0,time:0-300,ShipStep,18000,72000,1494.099700,83.006
10,0,time:0-300,Collision,18000,72000,696.625200,38.701
10,0,time:0-300,Projectiles,18000,72000,2.691500,0.150
10,0,time:0-300,Missiles,18000,72000,143.540100,7.974
10,0,time:0-300,PointDefense,18000,72000,1160.418900,64.468
10,0,time:0-300,Drones,18000,72000,157.776000,8.765
10,0,time:0-300,Sensors,18000,18000,20.832000,1.157
10,0,time:0-300,Post,18000,72000,48.533400,2.696
10,0,time:300-540,Tick,14400,14400,5705.709400,396.230
10,0,time:300-540,AI,14400,14400,908.470400,63.088
10,0,time:300-540,AICommand,14400,14400,5.787100,0.402
10,0,time:300-540,AIThink,14400,23040,66.976300,4.651
10,0,time:300-540,AIDrive,14400,345600,242.970200,16.873
10,0,time:300-540,AIEngage,14400,14400,578.269300,40.158
10,0,time:300-540,Gunnery,14400,14400,1.714800,0.119
10,0,time:300-540,ShipStep,14400,57600,1332.182100,92.513
10,0,time:300-540,Collision,14400,57600,548.553100,38.094
10,0,time:300-540,Projectiles,14400,57600,2.335700,0.162
10,0,time:300-540,Missiles,14400,57600,457.994100,31.805
10,0,time:300-540,PointDefense,14400,57600,2020.552200,140.316
10,0,time:300-540,Drones,14400,57600,360.214700,25.015
10,0,time:300-540,Sensors,14400,14400,17.786700,1.235
10,0,time:300-540,Post,14400,57600,46.015600,3.196
10,0,time:540+,Tick,29775,29775,11313.031300,379.951
10,0,time:540+,AI,29775,29775,2058.104800,69.122
10,0,time:540+,AICommand,29775,29775,12.028100,0.404
10,0,time:540+,AIThink,29775,36636,147.457000,4.952
10,0,time:540+,AIDrive,29775,549512,483.330800,16.233
10,0,time:540+,AIEngage,29775,29775,1388.040300,46.618
10,0,time:540+,Gunnery,29775,29775,3.851100,0.129
10,0,time:540+,ShipStep,29775,119100,2420.294600,81.286
10,0,time:540+,Collision,29775,119100,1420.337900,47.702
10,0,time:540+,Projectiles,29775,119100,2493.801500,83.755
10,0,time:540+,Missiles,29775,119100,325.125900,10.919
10,0,time:540+,PointDefense,29775,119100,2129.509400,71.520
10,0,time:540+,Drones,29775,119100,300.868200,10.105
10,0,time:540+,Sensors,29775,29775,37.582400,1.262
10,0,time:540+,Post,29775,119100,102.354300,3.438
10,1,All,Tick,47718,47718,17441.635800,365.515
10,1,All,AI,47718,47718,2523.813500,52.890
10,1,All,AICommand,47718,47718,19.222700,0.403
10,1,All,AIThink,47718,74288,171.534900,3.595
10,1,All,AIDrive,47718,1114279,775.766300,16.257
10,1,All,AIEngage,47718,47718,1510.245500,31.649
10,1,All,Gunnery,47718,47718,5.533100,0.116
10,1,All,ShipStep,47718,190872,4190.775200,87.824
10,1,All,Collision,47718,190872,1827.180400,38.291
10,1,All,Projectiles,47718,190872,2725.809100,57.123
10,1,All,Missiles,47718,190872,819.602400,17.176
10,1,All,PointDefense,47718,190872,4371.851900,91.619
10,1,All,Drones,47718,190872,731.673200,15.333
10,1,All,Sensors,47718,47718,57.912200,1.214
10,1,All,Post,47718,190872,154.113800,3.230
10,1,phase:Approach,Tick,7200,7200,1443.448800,200.479
10,1,phase:Approach,AI,7200,7200,127.118700,17.655
10,1,phase:Approach,AICommand,7200,7200,2.523200,0.350
10,1,phase:Approach,AIThink,7200,11520,9.137200,1.269
10,1,phase:Approach,AIDrive,7200,172800,91.010200,12.640
10,1,phase:Approach,AIEngage,7200,7200,17.728300,2.462
10,1,phase:Approach,Gunnery,7200,7200,0.630600,0.088
10,1,phase:Approach,ShipStep,7200,28800,567.978200,78.886
10,1,phase:Approach,Collision,7200,28800,264.395600,36.722
10,1,phase:Approach,Projectiles,7200,28800,0.988200,0.137
10,1,phase:Approach,Missiles,7200,28800,25.533700,3.546
10,1,phase:Approach,PointDefense,7200,28800,379.005000,52.640
10,1,phase:Approach,Drones,7200,28800,44.645500,6.201
10,1,phase:Approach,Sensors,7200,7200,8.406600,1.168
10,1,phase:Approach,Post,7200,28800,20.208600,2.807
10,1,phase:Missile,Tick,25200,25200,8259.213300,327.747
10,1,phase:Missile,AI,25200,25200,1192.924400,47.338
10,1,phase:Missile,AICommand,25200,25200,10.259300,0.407
10,1,phase:Missile,AIThink,25200,40316,87.269900,3.463
10,1,phase:Missile,AIDrive,25200,604800,398.661800,15.820
10,1,phase:Missile,AIEngage,25200,25200,672.308400,26.679
10,1,phase:Missile,Gunnery,25200,25200,3.011800,0.120
10,1,phase:Missile,ShipStep,25200,100800,2222.908200,88.211
10,1,phase:Missile,Collision,25200,100800,953.604600,37.841
10,1,phase:Missile,Projectiles,25200,100800,3.956300,0.157
10,1,phase:Missile,Missiles,25200,100800,565.012000,22.421
10,1,phase:Missile,PointDefense,25200,100800,2710.529600,107.561
10,1,phase:Missile,Drones,25200,100800,481.586900,19.111
10,1,phase:Missile,Sensors,25200,25200,30.134900,1.196
10,1,phase:Missile,Post,25200,100800,77.811800,3.088
10,1,phase:Sniping,Tick,7200,7200,3606.132700,500.852
10,1,phase:Sniping,AI,7200,7200,537.925900,74.712
10,1,phase:Sniping,AICommand,7200,7200,3.476000,0.483
10,1,phase:Sniping,AIThink,7200,11485,33.971500,4.718
10,1,phase:Sniping,AIDrive,7200,172277,134.653300,18.702
10,1,phase:Sniping,AIEngage,7200,7200,358.310800,49.765
10,1,phase:Sniping,Gunnery,7200,7200,0.905200,0.126
10,1,phase:Sniping,ShipStep,7200,28800,689.275900,95.733
10,1,phase:Sniping,Collision,7200,28800,278.798900,38.722
10,1,phase:Sniping,Projectiles,7200,28800,1116.798900,155.111
10,1,phase:Sniping,Missiles,7200,28800,126.779900,17.608
10,1,phase:Sniping,PointDefense,7200,28800,700.686400,97.318
10,1,phase:Sniping,Drones,7200,28800,115.233500,16.005
10,1,phase:Sniping,Sensors,7200,7200,9.200200,1.278
10,1,phase:Sniping,Post,7200,28800,25.238700,3.505
10,1,phase:Brawl,Tick,8118,8118,4132.841000,509.096
10,1,phase:Brawl,AI,8118,8118,665.844500,82.021
10,1,phase:Brawl,AICommand,8118,8118,2.964200,0.365
10,1,phase:Brawl,AIThink,8118,10967,41.156300,5.070
10,1,phase:Brawl,AIDrive,8118,164402,151.441000,18.655
10,1,phase:Brawl,AIEngage,8118,8118,461.898000,56.898
10,1,phase:Brawl,Gunnery,8118,8118,0.985500,0.121
10,1,phase:Brawl,ShipStep,8118,32472,710.612900,87.535
10,1,phase:Brawl,Collision,8118,32472,330.381300,40.697
10,1,phase:Brawl,Projectiles,8118,32472,1604.065700,197.594
10,1,phase:Brawl,Missiles,8118,32472,102.276800,12.599
10,1,phase:Brawl,PointDefense,8118,32472,581.630900,71.647
10,1,phase:Brawl,Drones,8118,32472,90.207300,11.112
10,1,phase:Brawl,Sensors,8118,8118,10.170500,1.253
10,1,phase:Brawl,Post,8118,32472,30.854700,3.801
10,1,time:0-300,Tick,18000,18000,4243.812200,235.767
10,1,time:0-300,AI,18000,18000,461.772800,25.654
10,1,time:0-300,AICommand,18000,18000,6.956600,0.386
10,1,time:0-300,AIThink,18000,28796,28.336600,1.574
10,1,time:0-300,AIDrive,18000,432000,249.059600,13.837
10,1,time:0-300,AIEngage,18000,18000,160.331600,8.907
10,1,time:0-300,Gunnery,18000,18000,1.815400,0.101
10,1,time:0-300,ShipStep,18000,72000,1495.242700,83.069
10,1,time:0-300,Collision,18000,72000,674.404700,37.467
10,1,time:0-300,Projectiles,18000,72000,2.582500,0.143
10,1,time:0-300,Missiles,18000,72000,154.962600,8.609
10,1,time:0-300,PointDefense,18000,72000,1200.749000,66.708
10,1,time:0-300,Drones,18000,72000,167.498500,9.305
10,1,time:0-300,Sensors,18000,18000,21.404800,1.189
10,1,time:0-300,Post,18000,72000,51.427700,2.857
10,1,time:300-540,Tick,14400,14400,5458.849900,379.087
10,1,time:300-540,AI,14400,14400,858.270300,59.602
10,1,time:300-540,AICommand,14400,14400,5.825900,0.405
10,1,time:300-540,AIThink,14400,23040,68.070500,4.727
10,1,time:300-540,AIDrive,14400,345600,240.612400,16.709
10,1,time:300-540,AIEngage,14400,14400,529.705100,36.785
10,1,time:300-540,Gunnery,14400,14400,1.827000,0.127
10,1,time:300-540,ShipStep,14400,57600,1295.643700,89.975
10,1,time:300-540,Collision,14400,57600,543.595500,37.750
10,1,time:300-540,Projectiles,14400,57600,2.362000,0.164
10,1,time:300-540,Missiles,14400,57600,435.583100,30.249
10,1,time:300-540,PointDefense,14400,57600,1888.785600,131.166
10,1,time:300-540,Drones,14400,57600,358.733900,24.912
10,1,time:300-540,Sensors,14400,14400,17.136700,1.190
10,1,time:300-540,Post,14400,57600,46.592700,3.236
10,1,time:540+,Tick,15318,15318,7738.973700,505.221
10,1,time:540+,AI,15318,15318,1203.770400,78.585
10,1,time:540+,AICommand,15318,15318,6.440200,0.420
10,1,time:540+,AIThink,15318,22452,75.127800,4.905
10,1,time:540+,AIDrive,15318,336679,286.094300,18.677
10,1,time:540+,AIEngage,15318,15318,820.208800,53.545
10,1,time:540+,Gunnery,15318,15318,1.890700,0.123
10,1,time:540+,ShipStep,15318,61272,1399.888800,91.388
10,1,time:540+,Collision,15318,61272,609.180200,39.769
10,1,time:540+,Projectiles,15318,61272,2720.864600,177.625
10,1,time:540+,Missiles,15318,61272,229.056700,14.953
10,1,time:540+,PointDefense,15318,61272,1282.317300,83.713
10,1,time:540+,Drones,15318,61272,205.440800,13.412
10,1,time:540+,Sensors,15318,15318,19.370700,1.265
10,1,time:540+,Post,15318,61272,56.093400,3.662
